CustomerID,Recency,Frequency,Monetary,Cluster,Segment,Total_Revenue,PC1,PC2
12346.0,326,1,77183.6,3,High-Value Loyal Customers,77183.6,4.10755358369739,5.439993236315901
12347.0,2,7,4310.0,0,Regular Customers,4310.0,0.743043929739806,-0.6707557125182538
12348.0,75,4,1797.24,0,Regular Customers,1797.24,0.025229649381672513,-0.17467490673720387
12349.0,19,1,1757.55,0,Regular Customers,1757.55,-0.0274908018297632,-0.7346032008154799
12350.0,310,1,334.4,1,At-Risk / Inactive Customers,334.4,-1.2355926551807852,1.8346850586250087
12352.0,36,8,2506.04,0,Regular Customers,2506.04,0.5744479120671848,-0.4271836538142374
12353.0,204,1,89.0,1,At-Risk / Inactive Customers,89.0,-0.8492386842218462,0.8643992940851731
12354.0,232,1,1079.4,1,At-Risk / Inactive Customers,1079.4,-0.8862074546365422,1.1623799239549375
12355.0,214,1,459.4,1,At-Risk / Inactive Customers,459.4,-0.8612684699517148,0.9715723049881612
12356.0,23,3,2811.43,0,Regular Customers,2811.43,0.2068263527687542,-0.6166993240871665
12357.0,33,1,6207.67,0,Regular Customers,6207.67,0.23213647794423736,-0.40752291797141654
12358.0,2,2,1168.06,0,Regular Customers,1168.06,0.0835052375551541,-0.8978625049517851
12359.0,58,4,6310.03,0,Regular Customers,6310.03,0.40730097373729723,-0.12530370479198852
12360.0,52,3,2662.06,0,Regular Customers,2662.06,0.0859008215385227,-0.36099312371462566
12361.0,287,1,189.9,1,At-Risk / Inactive Customers,189.9,-1.1581780712063228,1.6200422418937697
12362.0,3,10,5226.23,0,Regular Customers,5226.23,1.066823644781104,-0.5690733249176687
12363.0,110,2,552.0,0,Regular Customers,552.0,-0.3710422632583469,0.0517305144195846
12364.0,8,4,1313.1,0,Regular Customers,1313.1,0.24629708044591983,-0.8027848938372398
12365.0,291,2,641.38,1,At-Risk / Inactive Customers,641.38,-1.0539411677758315,1.6936949992517238
12367.0,4,1,168.9,0,Regular Customers,168.9,-0.08209064082545074,-0.9418809378542182
12370.0,51,4,3541.94,0,Regular Customers,3541.94,0.23930123212514906,-0.3132964761720783
12371.0,45,2,1887.96,0,Regular Customers,1887.96,-0.02959991658139949,-0.4763216250817952
12372.0,72,3,1298.04,0,Regular Customers,1298.04,-0.08617059205355636,-0.2414271040969629
12373.0,311,1,364.6,1,At-Risk / Inactive Customers,364.6,-1.2372766254776175,1.8450943546531315
12374.0,25,1,742.9300000000001,0,Regular Customers,742.9300000000001,-0.12168519717937674,-0.7259951751512144
12375.0,11,2,457.5,0,Regular Customers,457.5,-0.0007304702387390634,-0.8484144917043243
12377.0,315,2,1628.12,1,At-Risk / Inactive Customers,1628.12,-1.075936722130199,1.955313256848648
12378.0,130,1,4008.62,0,Regular Customers,4008.62,-0.29184343707035376,0.3712447965937556
12379.0,82,2,852.24,0,Regular Customers,852.24,-0.2433151363430068,-0.18813262225630842
12380.0,22,4,2724.81,0,Regular Customers,2724.81,0.29226207021254247,-0.6125241520698443
12381.0,5,5,1845.31,0,Regular Customers,1845.31,0.38286448242896054,-0.7888426006625081
12383.0,185,5,1850.56,1,At-Risk / Inactive Customers,1850.56,-0.3021428324447624,0.8402841213281862
12384.0,29,2,585.27,0,Regular Customers,585.27,-0.0602832789336018,-0.6797719797192153
12386.0,338,2,401.9,1,At-Risk / Inactive Customers,401.9,-1.2497409224365301,2.1082325795996106
12388.0,16,6,2780.66,0,Regular Customers,2780.66,0.494473800652424,-0.6300554524979043
12390.0,80,1,549.84,0,Regular Customers,549.84,-0.3446839648597586,-0.2369735289448996
12391.0,22,1,439.66,0,Regular Customers,439.66,-0.1315883315974016,-0.7667995890503281
12393.0,72,4,1582.6000000000001,0,Regular Customers,1582.6000000000001,0.02155901444967952,-0.21148831352219366
12394.0,64,2,1272.48,0,Regular Customers,1272.48,-0.14522603019423122,-0.33209825498370554
12395.0,19,12,3018.63,0,Regular Customers,3018.63,1.02610036514358,-0.4894411392314434
12397.0,36,2,2409.9,0,Regular Customers,2409.9,0.041371952184452124,-0.534263193128602
12398.0,46,1,1635.6599999999999,0,Regular Customers,1635.6599999999999,-0.13886863330089463,-0.49575835786994965
12399.0,119,4,1108.65,0,Regular Customers,1108.65,-0.19072877083823198,0.19249108745021506
12401.0,303,1,84.3,1,At-Risk / Inactive Customers,84.3,-1.2265262636457683,1.7600773262079419
12402.0,323,1,225.6,1,At-Risk / Inactive Customers,225.6,-1.29274293136948,1.9474278750937184
12403.0,50,1,427.7,0,Regular Customers,427.7,-0.2390434856837532,-0.5139552097832173
12405.0,149,1,1710.39,1,At-Risk / Inactive Customers,1710.39,-0.5258012499962852,0.43969396809890926
12406.0,22,2,3415.3,0,Regular Customers,3415.3,0.16537917084254286,-0.6156815203002634
12407.0,50,5,1708.1200000000001,0,Regular Customers,1708.1200000000001,0.20187309870585735,-0.38779768494903794
12408.0,33,5,2888.55,0,Regular Customers,2888.55,0.3496114434014013,-0.48848258665745886
12409.0,79,3,11072.67,0,Regular Customers,11072.67,0.5745320373941026,0.2620700223027972
12410.0,309,2,693.3299999999999,1,At-Risk / Inactive Customers,693.3299999999999,-1.118825671280927,1.8589233381645902
12412.0,75,3,1226.88,0,Regular Customers,1226.88,-0.10259753529044399,-0.2174832655531623
12413.0,67,3,758.1,0,Regular Customers,758.1,-0.10510116762679117,-0.3109875446005194
12414.0,217,3,562.41,1,At-Risk / Inactive Customers,562.41,-0.6900092530085806,1.0376091341396607
12415.0,24,21,124914.53,4,Elite VIP Customers,124914.53,10.368306954060222,5.198901270352006
12417.0,3,9,3649.1,0,Regular Customers,3649.1,0.8681999633522206,-0.6572165165474201
12418.0,113,1,668.58,0,Regular Customers,668.58,-0.46198647510776947,0.06700322187186877
12420.0,64,1,600.39,0,Regular Customers,600.39,-0.2802069119521428,-0.3794875136498255
12421.0,16,4,807.04,0,Regular Customers,807.04,0.18024954727438872,-0.7531776403470588
12422.0,96,3,803.5600000000001,0,Regular Customers,803.5600000000001,-0.2123261699744369,-0.046508153253762605
12423.0,1,8,1859.31,0,Regular Customers,1859.31,0.66223723423151,-0.7730345649654108
12424.0,163,2,1760.96,1,At-Risk / Inactive Customers,1760.96,-0.487832981202028,0.5857876626015882
12425.0,78,1,777.2,0,Regular Customers,777.2,-0.3210806180593854,-0.24483429399945073
12426.0,195,1,582.73,1,At-Risk / Inactive Customers,582.73,-0.7802505547147215,0.805187430306792
12427.0,22,3,825.8,0,Regular Customers,825.8,0.07100364959191904,-0.7151615936137805
12428.0,26,9,7956.46,0,Regular Customers,7956.46,1.0835194740457306,-0.2551201978969481
12429.0,9,4,3750.4,0,Regular Customers,3750.4,0.4138814110948975,-0.6839839333116828
12430.0,43,1,256.4,0,Regular Customers,256.4,-0.22443584446466427,-0.5850145797880875
12431.0,36,15,6419.95,3,High-Value Loyal Customers,6419.95,1.4637103159691465,-0.13106494881855293
12432.0,43,5,5059.32,0,Regular Customers,5059.32,0.46418444566281214,-0.3002389509315535
12433.0,1,7,13375.87,0,Regular Customers,13375.87,1.3843674306685847,-0.2715691597303035
12434.0,85,2,806.14,0,Regular Customers,806.14,-0.2579798496676756,-0.16306033241746162
12435.0,80,2,7829.89,0,Regular Customers,7829.89,0.2549714887555236,0.10797203537219524
12436.0,100,1,509.01,0,Regular Customers,509.01,-0.42370809203727794,-0.05782429028924125
12437.0,2,18,4951.41,3,High-Value Loyal Customers,4951.41,1.7530596374272491,-0.4534973785479952
12438.0,14,2,2906.85,0,Regular Customers,2906.85,0.1600859271487447,-0.7109721386482781
12441.0,367,1,173.55,1,At-Risk / Inactive Customers,173.55,-1.463939586692186,2.3432572526549875
12442.0,3,1,172.06,0,Regular Customers,172.06,-0.07806078106845758,-0.9507880337545388
12444.0,21,5,5005.46,0,Regular Customers,5005.46,0.544165225976296,-0.5017508596525222
12445.0,22,1,133.4,0,Regular Customers,133.4,-0.153124665712172,-0.7805904706792525
12446.0,58,1,1002.3100000000001,0,Regular Customers,1002.3100000000001,-0.22909784250901336,-0.4156854079683129
12447.0,243,1,476.49,1,At-Risk / Inactive Customers,476.49,-0.9704884628264814,1.2347741958065674
12448.0,44,1,449.45,0,Regular Customers,449.45,-0.21466813314917293,-0.567272151541358
12449.0,22,4,4067.29,0,Regular Customers,4067.29,0.38666583767286045,-0.5520723047205383
12450.0,156,2,197.88,1,At-Risk / Inactive Customers,197.88,-0.5710959045171753,0.45205646724079657
12451.0,11,5,9035.52,0,Regular Customers,9035.52,0.8656372399393083,-0.41077124542386756
12452.0,17,2,430.57,0,Regular Customers,430.57,-0.02547008258757682,-0.7953308052418077
12453.0,134,1,707.09,0,Regular Customers,707.09,-0.5392390267765974,0.25877452976548965
12454.0,56,1,3528.34,0,Regular Customers,3528.34,-0.043851038712625884,-0.32003710924058837
12455.0,73,6,2466.86,0,Regular Customers,2466.86,0.2553713597605812,-0.1283705938860138
12456.0,44,3,3181.04,0,Regular Customers,3181.04,0.15285689463287372,-0.4100185898651421
12457.0,66,7,2363.23,0,Regular Customers,2363.23,0.36245680997048985,-0.17925772564582626
12458.0,71,2,947.4,0,Regular Customers,947.4,-0.19473932519732634,-0.283390866376881
12461.0,94,2,826.88,0,Regular Customers,826.88,-0.29079022885799133,-0.0806818949055443
12462.0,19,2,1189.59,0,Regular Customers,1189.59,0.020289233852849416,-0.7430533686626092
12463.0,53,4,1344.78,0,Regular Customers,1344.78,0.07718070730846696,-0.39413576542646517
12464.0,10,8,1212.05,0,Regular Customers,1212.05,0.582452809496015,-0.7207361539934318
12465.0,17,2,742.1899999999999,0,Regular Customers,742.1899999999999,-0.0035568309816055577,-0.7812985629208862
12468.0,188,2,729.5400000000001,1,At-Risk / Inactive Customers,729.5400000000001,-0.6555540566510182,0.7655776067006654
12471.0,2,30,19788.65,3,High-Value Loyal Customers,19788.65,3.8490514045689572,0.42012395378782397
12472.0,32,7,6572.11,0,Regular Customers,6572.11,0.7878870557214616,-0.29741122569988837
12473.0,29,5,3928.0499999999997,0,Regular Customers,3928.0499999999997,0.4379401165738693,-0.477871485149757
12474.0,17,18,7324.09,3,High-Value Loyal Customers,7324.09,1.86279280116663,-0.21091478640729894
12475.0,54,1,723.38,0,Regular Customers,723.38,-0.233481730516382,-0.4644431827945196
12476.0,16,11,6816.42,0,Regular Customers,6816.42,1.2168662973119146,-0.3626999634746609
12477.0,23,6,13219.74,0,Regular Customers,13219.74,1.2019008381277692,-0.09663815598667408
12478.0,4,1,680.99,0,Regular Customers,680.99,-0.04608025312600326,-0.9188215354727256
12479.0,11,1,527.2,0,Regular Customers,527.2,-0.08354836210898801,-0.8624009616173591
12480.0,28,4,3281.63,0,Regular Customers,3281.63,0.30857200739513946,-0.5331542148697693
12481.0,23,10,5579.82,0,Regular Customers,5579.82,1.0155353006034793,-0.3721633616094916
12483.0,17,8,2484.98,0,Regular Customers,2484.98,0.6453122607828182,-0.6000704072861779
12484.0,33,6,4527.32,0,Regular Customers,4527.32,0.5525696759790942,-0.39756374706974057
12488.0,10,3,1298.66,0,Regular Customers,1298.66,0.14994713339652602,-0.8024614049815769
12489.0,336,1,334.93,1,At-Risk / Inactive Customers,334.93,-1.3345542127157046,2.069993081067154
12490.0,5,10,5417.93,0,Regular Customers,5417.93,1.07268877631331,-0.5423422965070896
12491.0,39,1,460.40000000000003,0,Regular Customers,460.40000000000003,-0.19485988843740193,-0.6120260264452339
12492.0,63,2,263.21000000000004,0,Regular Customers,263.21000000000004,-0.2123906808134446,-0.3865950533837712
12493.0,166,2,433.74,1,At-Risk / Inactive Customers,433.74,-0.5925866005578947,0.5531711446547376
12494.0,16,7,1246.1000000000001,0,Regular Customers,1246.1000000000001,0.4742821111494522,-0.6820315988682439
12497.0,82,1,1043.1,0,Regular Customers,1043.1,-0.31761300522185765,-0.1966632598106922
12498.0,21,3,403.70000000000005,0,Regular Customers,403.70000000000005,0.045129044366063444,-0.7432181387452
12500.0,23,11,4257.82,0,Regular Customers,4257.82,1.0102909211620095,-0.41456793546287113
12501.0,337,1,2169.39,1,At-Risk / Inactive Customers,2169.39,-1.2093618485584274,2.161648168539812
12502.0,96,5,3723.87,0,Regular Customers,3723.87,0.16846972887839762,0.11924346621978442
12504.0,18,2,482.04999999999995,0,Regular Customers,482.04999999999995,-0.025657634188000225,-0.7839632712424719
12506.0,233,1,73.5,1,At-Risk / Inactive Customers,73.5,-0.960750419827627,1.1261336578602616
12507.0,134,3,1304.81,0,Regular Customers,1304.81,-0.3217686495446883,0.31993996833874405
12508.0,26,2,397.88,0,Regular Customers,397.88,-0.06203768221723232,-0.7153583195532869
12509.0,284,1,176.5,1,At-Risk / Inactive Customers,176.5,-1.1476974233156931,1.5922906682538358
12510.0,143,2,982.5699999999999,0,Regular Customers,982.5699999999999,-0.4664167546106193,0.36974896385304307
12512.0,66,2,132.18,0,Regular Customers,132.18,-0.23302770804253267,-0.36534715973360243
12513.0,113,1,612.29,0,Regular Customers,612.29,-0.46594481196965293,0.06446848430610062
12514.0,267,1,1017.68,1,At-Risk / Inactive Customers,1017.68,-1.023815283636919,1.476329345881232
12515.0,353,1,383.7,1,At-Risk / Inactive Customers,383.7,-1.3958546879739213,2.2260288340074497
12516.0,78,2,1312.06,0,Regular Customers,1312.06,-0.19574980856219987,-0.20362449946817462
12517.0,28,5,2481.6,0,Regular Customers,2481.6,0.34003278147645005,-0.5520544901407362
12518.0,1,5,2056.89,0,Regular Customers,2056.89,0.41297346729639123,-0.8155127200723897
12519.0,64,1,330.84,0,Regular Customers,330.84,-0.2991617831747522,-0.39162534471844884
12520.0,79,5,2634.26,0,Regular Customers,2634.26,0.15657789041618855,-0.08366129094780074
12521.0,143,1,599.68,0,Regular Customers,599.68,-0.5810609687462766,0.33538237535960297
12522.0,39,2,192.72,0,Regular Customers,192.72,-0.12596403479624668,-0.606954591942943
12523.0,19,11,1789.77,0,Regular Customers,1789.77,0.8519671789871812,-0.5619017397787632
12524.0,9,8,4485.72,0,Regular Customers,4485.72,0.8164663304745121,-0.5823722504938513
12526.0,1,3,1316.66,0,Regular Customers,1316.66,0.18548172594675236,-0.8830953810740972
12527.0,82,3,348.71000000000004,0,Regular Customers,348.71000000000004,-0.1910043555189632,-0.19368150850168891
12528.0,9,6,1933.48,0,Regular Customers,1933.48,0.4615532713579264,-0.7315496852839326
12530.0,60,4,1662.28,0,Regular Customers,1662.28,0.07285391258444575,-0.3164930123674946
12531.0,15,1,125.22,0,Regular Customers,125.22,-0.12704635636534406,-0.844304550370957
12532.0,30,1,349.83000000000004,0,Regular Customers,349.83000000000004,-0.1683663932460734,-0.6984495070470953
12534.0,131,1,1089.18,0,Regular Customers,1089.18,-0.5009473530286879,0.24883186285651404
12535.0,92,2,716.35,0,Regular Customers,716.35,-0.2909474512930383,-0.10375783985168194
12536.0,43,3,12601.830000000002,0,Regular Customers,12601.830000000002,0.8191385216767647,0.005150003371243827
12538.0,29,1,363.95,0,Regular Customers,363.95,-0.16356582160408745,-0.7068630743682575
12539.0,22,4,5568.35,0,Regular Customers,5568.35,0.4922210185202362,-0.48447960316658634
12540.0,20,17,13400.24,3,High-Value Loyal Customers,13400.24,2.190928099211945,0.07271723806088429
12541.0,30,3,981.18,0,Regular Customers,981.18,0.05146885996141109,-0.6357697102514784
12544.0,36,1,372.7,0,Regular Customers,372.7,-0.1896040483072616,-0.6431233275880384
12545.0,75,2,1000.39,0,Regular Customers,1000.39,-0.20624363457091255,-0.24480716519803006
12546.0,47,2,1161.5,0,Regular Customers,1161.5,-0.08830018872847785,-0.4909353229704825
12547.0,198,2,207.79999999999998,1,At-Risk / Inactive Customers,207.79999999999998,-0.7303195085375879,0.8325775713800895
12548.0,166,1,95.19999999999999,1,At-Risk / Inactive Customers,95.19999999999999,-0.7041121037355749,0.5208016357676541
12550.0,79,1,964.83,0,Regular Customers,964.83,-0.3116940434607427,-0.22733592824350926
12551.0,358,1,168.0,1,At-Risk / Inactive Customers,168.0,-1.4300610402087097,2.261562820536995
12552.0,39,2,437.82,0,Regular Customers,437.82,-0.10872849802510376,-0.5959177438816572
12553.0,8,10,3692.28,0,Regular Customers,3692.28,0.9399173890434225,-0.5929001093256582
12556.0,50,2,599.56,0,Regular Customers,599.56,-0.13923899135557977,-0.4890912979375665
12557.0,16,5,11990.960000000001,0,Regular Customers,11990.960000000001,1.0544268080490415,-0.2324408885921356
12558.0,8,1,269.96,0,Regular Customers,269.96,-0.09021464725089809,-0.9011326455439678
12559.0,311,2,561.71,1,At-Risk / Inactive Customers,561.71,-1.1356965403560075,1.87109527349
12560.0,5,3,2134.01,0,Regular Customers,2134.01,0.22772753850866512,-0.810092564496942
12561.0,303,1,238.85,1,At-Risk / Inactive Customers,238.85,-1.2156582415813857,1.7670367095937913
12562.0,8,7,3781.7400000000002,0,Regular Customers,3781.7400000000002,0.6830505774910209,-0.6402469058540415
12564.0,261,1,456.9,1,At-Risk / Inactive Customers,456.9,-1.0404036897122688,1.39678108996095
12565.0,289,1,145.92,1,At-Risk / Inactive Customers,145.92,-1.1688860580185596,1.636160604653252
12566.0,86,1,351.65,0,Regular Customers,351.65,-0.381466653615883,-0.19160167683152945
12567.0,23,10,9401.28,0,Regular Customers,9401.28,1.2842620013356367,-0.20008309481111894
12569.0,2,32,4124.69,3,High-Value Loyal Customers,4124.69,2.9229934929368957,-0.25097373036943826
12571.0,40,2,519.61,0,Regular Customers,519.61,-0.10678463746912838,-0.5831853511930616
12572.0,9,2,1020.42,0,Regular Customers,1020.42,0.04646959920106595,-0.84116499672034
12573.0,227,1,160.54000000000002,1,At-Risk / Inactive Customers,160.54000000000002,-0.9317838465839976,1.0757567234865406
12574.0,316,1,218.45,1,At-Risk / Inactive Customers,218.45,-1.2665921919823653,1.8837601762812597
12576.0,36,5,1315.83,0,Regular Customers,1315.83,0.22759415910340647,-0.5321539646575353
12577.0,35,3,626.6,0,Regular Customers,626.6,0.007496406760583221,-0.6064894873235293
12578.0,21,2,2794.51,0,Regular Customers,2794.51,0.1255325998840949,-0.6526850721281205
12579.0,78,1,440.42,0,Regular Customers,440.42,-0.3447631316203218,-0.2599994906134035
12580.0,247,1,415.7,1,At-Risk / Inactive Customers,415.7,-0.9899938304367899,1.268234385878062
12581.0,40,1,197.71,0,Regular Customers,197.71,-0.21714000873382683,-0.6148055612154376
12582.0,239,2,511.36,1,At-Risk / Inactive Customers,511.36,-0.8650865750316006,1.2172718881659501
12583.0,3,15,7281.38,3,High-Value Loyal Customers,7281.38,1.6499387996034125,-0.39090466428554393
12584.0,4,9,2338.15,0,Regular Customers,2338.15,0.7722057517635955,-0.7071991779954019
12585.0,234,2,2040.1,1,At-Risk / Inactive Customers,2040.1,-0.7385466887210006,1.24086406637892
12586.0,17,1,196.94000000000003,0,Regular Customers,196.94000000000003,-0.12961826972013007,-0.8229762189428059
12587.0,8,1,144.0,0,Regular Customers,144.0,-0.09907220829411784,-0.9068046218058999
12588.0,39,1,214.89999999999998,0,Regular Customers,214.89999999999998,-0.21212355337952998,-0.6230808864984597
12589.0,29,2,646.68,0,Regular Customers,646.68,-0.0559649014831086,-0.6770066886566141
12590.0,211,2,9864.26,1,At-Risk / Inactive Customers,9864.26,-0.10077252724047672,1.3850498488808334
12591.0,317,1,452.84999999999997,1,At-Risk / Inactive Customers,452.84999999999997,-1.2539167309912853,1.9033645941947948
12592.0,92,2,437.6,0,Regular Customers,437.6,-0.3105492704483059,-0.11630994673492719
12593.0,109,3,418.09999999999997,0,Regular Customers,418.09999999999997,-0.2889312956250019,0.05377666898958905
12594.0,38,10,3338.2200000000003,0,Regular Customers,3338.2200000000003,0.800790322309611,-0.3373617048920092
12596.0,51,2,618.27,0,Regular Customers,618.27,-0.14173094336396058,-0.479199396377922
12597.0,19,4,3811.22,0,Regular Customers,3811.22,0.3800818274310819,-0.5907513035707221
12598.0,10,8,3023.08,0,Regular Customers,3023.08,0.7098052132440482,-0.6391855095853112
12599.0,29,7,1032.58,0,Regular Customers,1032.58,0.4097678797968484,-0.5740043218894477
12600.0,29,10,2599.04,0,Regular Customers,2599.04,0.7830796935935216,-0.4520914811275093
12601.0,190,5,577.0600000000001,1,At-Risk / Inactive Customers,577.0600000000001,-0.4107341328497463,0.8281853951721829
12602.0,59,1,153.12,0,Regular Customers,153.12,-0.2926208935123959,-0.44487502592066325
12603.0,22,1,739.1999999999999,0,Regular Customers,739.1999999999999,-0.11052455075518149,-0.7533113088859971
12604.0,79,2,254.18,0,Regular Customers,254.18,-0.2739480295728032,-0.24221142391546466
12607.0,60,1,1579.51,0,Regular Customers,1579.51,-0.19612418618988128,-0.37159532232547915
12609.0,78,3,1126.85,0,Regular Customers,1126.85,-0.12105462926818394,-0.19483944252763719
12610.0,23,5,2099.54,0,Regular Customers,2099.54,0.332204394991049,-0.6145055974255419
12611.0,52,1,1193.32,0,Regular Customers,1193.32,-0.1928200544220722,-0.4613805753370075
12612.0,74,1,704.0400000000001,0,Regular Customers,704.0400000000001,-0.31099467170772477,-0.2843262498718804
12613.0,57,5,3344.38,0,Regular Customers,3344.38,0.2902820709027355,-0.2507711956628082
12614.0,278,1,315.6,1,At-Risk / Inactive Customers,315.6,-1.1150699686183483,1.5442579946311168
12615.0,2,4,2291.19,0,Regular Customers,2291.19,0.3379226705803157,-0.8130378646654334
12616.0,95,2,713.3,0,Regular Customers,713.3,-0.3025848702154317,-0.07674700938028373
12617.0,29,1,352.98,0,Regular Customers,352.98,-0.16433723669335487,-0.7073570532472142
12618.0,22,1,177.31,0,Regular Customers,177.31,-0.15003689574227858,-0.7786132042640299
12619.0,16,9,3641.24,0,Regular Customers,3641.24,0.8181478311116251,-0.5399283739126302
12620.0,15,3,1339.41,0,Regular Customers,1339.41,0.13377445478458405,-0.7553794801194454
12621.0,2,20,13689.67,3,High-Value Loyal Customers,13689.67,2.542976267237534,-0.025763587804935355
12622.0,232,1,180.1,1,At-Risk / Inactive Customers,180.1,-0.9494466150538773,1.1218844630756464
12623.0,276,1,305.1,1,At-Risk / Inactive Customers,305.1,-1.108193038694287,1.5256863985693954
12624.0,106,2,641.13,0,Regular Customers,641.13,-0.34954401473374136,0.019546473977045113
12625.0,212,2,2683.82,1,At-Risk / Inactive Customers,2683.82,-0.6095117846179864,1.0707641710018587
12626.0,23,9,6620.48,0,Regular Customers,6620.48,1.0009957309825528,-0.3424275222871693
12627.0,11,7,4478.53,0,Regular Customers,4478.53,0.7206262065242238,-0.5817222942842745
12628.0,4,3,786.46,0,Regular Customers,786.46,0.1367748936873211,-0.8798221044807357
12630.0,10,2,1270.88,0,Regular Customers,1270.88,0.06027440625719908,-0.82083739733041
12631.0,57,1,640.5,0,Regular Customers,640.5,-0.2507328291631341,-0.4410270956145635
12633.0,59,4,2163.98,0,Regular Customers,2163.98,0.11194131824876484,-0.3029508621132928
12635.0,90,2,1689.18,0,Regular Customers,1689.18,-0.21492233543193923,-0.07805010582729914
12637.0,67,8,6002.9,0,Regular Customers,6002.9,0.7023115386523756,0.010810991260818583
12638.0,33,1,671.69,0,Regular Customers,671.69,-0.15715600208151437,-0.6568079858225663
12639.0,239,1,486.1,1,At-Risk / Inactive Customers,486.1,-0.9545820946937211,1.1990093713663397
12640.0,24,3,1174.58,0,Regular Customers,1174.58,0.08791471386998842,-0.6813572559683311
12641.0,115,1,185.9,0,Regular Customers,185.9,-0.5035440334479558,0.06336693247106504
12642.0,25,3,1013.26,0,Regular Customers,1013.26,0.07276297530547202,-0.6795721016811194
12643.0,128,6,3344.64,0,Regular Customers,3344.64,0.10767662823733437,0.4088723068424923
12644.0,130,1,477.91,0,Regular Customers,477.91,-0.5401244735176896,0.21225699643683074
12645.0,34,4,1775.18,0,Regular Customers,1775.18,0.17979191620647564,-0.5466932841952311
12646.0,5,2,1346.97,0,Regular Customers,1346.97,0.0846633236138997,-0.8626580193468433
12647.0,22,12,3722.82,0,Regular Customers,3722.82,1.064196365340008,-0.4305833058107847
12648.0,155,1,318.05,1,At-Risk / Inactive Customers,318.05,-0.646557077207164,0.4312932697741545
12649.0,107,3,623.51,0,Regular Customers,623.51,-0.26687148220743806,0.044927495877325876
12650.0,3,1,314.44,0,Regular Customers,314.44,-0.06804855860629794,-0.9443766652234663
12651.0,335,1,114.0,1,At-Risk / Inactive Customers,114.0,-1.34628245754886,2.0509952169822006
12652.0,331,1,919.98,1,At-Risk / Inactive Customers,919.98,-1.2743750105975151,2.0510909175952823
12653.0,149,2,2209.85,1,At-Risk / Inactive Customers,2209.85,-0.40295978363128426,0.479309701343488
12654.0,11,5,601.98,0,Regular Customers,601.98,0.2725871021143201,-0.7905333816897835
12656.0,17,5,4051.17,0,Regular Customers,4051.17,0.49228973407762144,-0.5809200816703648
12657.0,11,4,1643.18,0,Regular Customers,1643.18,0.25808550552422344,-0.7607732261783421
12658.0,19,1,686.05,0,Regular Customers,686.05,-0.10283913985619988,-0.7828528242249768
12659.0,30,1,91.68,0,Regular Customers,91.68,-0.1865196115956064,-0.7100739963454262
12660.0,11,1,245.1,0,Regular Customers,245.1,-0.10338575469625615,-0.8751039189331026
12662.0,1,11,3849.78,0,Regular Customers,3849.78,1.0653656124767035,-0.6320285624471861
12664.0,8,9,4881.88,0,Regular Customers,4881.88,0.9358513438888117,-0.556457504804446
12665.0,325,1,63.0,1,At-Risk / Inactive Customers,63.0,-1.3117923272873593,1.958204781643369
12667.0,58,1,620.13,0,Regular Customers,620.13,-0.25597290347676277,-0.43289496566746505
12668.0,12,4,3807.15,0,Regular Customers,3807.15,0.40644915373478213,-0.6542803100452422
12669.0,151,3,2744.0299999999997,1,At-Risk / Inactive Customers,2744.0299999999997,-0.2852920864371946,0.5385876567617602
12670.0,10,5,2996.05,0,Regular Customers,2996.05,0.4447467750965001,-0.6917778484664452
12672.0,330,1,225.89999999999998,1,At-Risk / Inactive Customers,225.89999999999998,-1.319375365684715,2.0107871185442034
12673.0,5,2,610.52,0,Regular Customers,610.52,0.03287584480888868,-0.8958203480075283
12674.0,39,4,1970.6,0,Regular Customers,1970.6,0.1744956981102116,-0.4926465723496682
12676.0,25,6,1331.39,0,Regular Customers,1331.39,0.35829168988745386,-0.6138715356655899
12678.0,42,12,17628.46,3,High-Value Loyal Customers,17628.46,1.96589397016021,0.37657519592639205
12679.0,59,4,1113.02,0,Regular Customers,1113.02,0.03803736180241496,-0.3502755697366665
12680.0,1,4,862.81,0,Regular Customers,862.81,0.24128602560715004,-0.8864071779205194
12681.0,15,22,13787.54,3,High-Value Loyal Customers,13787.54,2.6757975651214028,0.13053569361660539
12682.0,4,31,12279.82,3,High-Value Loyal Customers,12279.82,3.401131200475123,0.11722533097108148
12683.0,4,15,8476.57,3,High-Value Loyal Customers,8476.57,1.7301774240965178,-0.32803589203172767
12684.0,8,7,2283.63,0,Regular Customers,2283.63,0.5777028419046607,-0.7077067689674355
12685.0,28,6,2863.08,0,Regular Customers,2863.08,0.4545778438093847,-0.5177513939188848
12686.0,372,1,89.14,1,At-Risk / Inactive Customers,89.14,-1.4889135700053773,2.3847032252390674
12688.0,114,1,4873.8099999999995,0,Regular Customers,4873.8099999999995,-0.1700805511344072,0.2654140346740025
12689.0,26,2,1247.61,0,Regular Customers,1247.61,-0.0022843053892304226,-0.6770949947751704
12690.0,206,1,389.01,1,At-Risk / Inactive Customers,389.01,-0.8357571471911397,0.896007519613328
12691.0,28,6,1035.8,0,Regular Customers,1035.8,0.32608273311508024,-0.6000337754995714
12693.0,127,4,855.91,0,Regular Customers,855.91,-0.23896273332487558,0.2535053354360506
12694.0,70,2,869.67,0,Regular Customers,869.67,-0.1963976848178026,-0.2959404373472847
12695.0,7,4,582.1,0,Regular Customers,582.1,0.19870049517679184,-0.8447511997443884
12697.0,29,3,957.59,0,Regular Customers,957.59,0.05361764828377321,-0.6458813581127919
12700.0,8,4,4939.99,0,Regular Customers,4939.99,0.5013415356066319,-0.6394661102183221
12701.0,80,2,797.71,0,Regular Customers,797.71,-0.23953441484013452,-0.20868688833083449
12702.0,20,1,219.0,0,Regular Customers,219.0,-0.13948994270893147,-0.794834685677369
12703.0,71,1,283.55,0,Regular Customers,283.55,-0.32914076663294406,-0.3304090780090353
12704.0,7,8,2340.84,0,Regular Customers,2340.84,0.6732527464304296,-0.6970549349482579
12705.0,15,9,6868.29,0,Regular Customers,6868.29,1.0488830137618046,-0.40366376807366633
12707.0,292,1,603.42,1,At-Risk / Inactive Customers,603.42,-1.1481374040729406,1.6839099923446628
12708.0,30,10,2712.91,0,Regular Customers,2712.91,0.7872794334625048,-0.4379145266853191
12709.0,15,15,9706.52,3,High-Value Loyal Customers,9706.52,1.7747839145861257,-0.17310797131184705
12710.0,97,3,1149.02,0,Regular Customers,1149.02,-0.19184092230933358,-0.021902705778062928
12712.0,29,13,4396.13,0,Regular Customers,4396.13,1.1726095075759502,-0.31979337611271763
12713.0,1,1,848.55,0,Regular Customers,848.55,-0.022874420681697566,-0.9384244839589663
12714.0,9,5,4708.86,0,Regular Customers,4708.86,0.5689999536653435,-0.623699439315859
12715.0,106,1,343.36,0,Regular Customers,343.36,-0.45820255408376137,-0.010987162631545378
12716.0,4,2,1053.49,0,Regular Customers,1053.49,0.06783333176831505,-0.8849228084699291
12717.0,151,2,1030.98,1,At-Risk / Inactive Customers,1030.98,-0.4934737203668276,0.4443239902707685
12718.0,71,1,238.25,0,Regular Customers,238.25,-0.33232628199701086,-0.33244893609624965
12719.0,5,2,644.95,0,Regular Customers,644.95,0.03529697712643438,-0.8942699658012856
12720.0,3,25,5781.73,3,High-Value Loyal Customers,5781.73,2.421675027202851,-0.28718327848196407
12721.0,32,6,2656.13,0,Regular Customers,2656.13,0.424794442521107,-0.4908727857022968
12722.0,85,4,997.63,0,Regular Customers,997.63,-0.0690757396839974,-0.12018742255875686
12723.0,4,5,725.07,0,Regular Customers,725.07,0.30789637397419556,-0.8483363759265513
12724.0,5,4,1031.41,0,Regular Customers,1031.41,0.23791146085254314,-0.842617560771186
12725.0,371,1,427.8,1,At-Risk / Inactive Customers,427.8,-1.4612912068346002,2.3909036875784913
12726.0,28,7,2609.1,0,Regular Customers,2609.1,0.5244370873067808,-0.5120630486926462
12727.0,11,7,3980.7,0,Regular Customers,3980.7,0.6856185881203966,-0.6041395691531031
12728.0,71,4,836.33,0,Regular Customers,836.33,-0.027111363746806054,-0.2541422272216549
12729.0,114,1,453.01,0,Regular Customers,453.01,-0.4809530968621452,0.06634549975220674
12731.0,24,12,18895.91,3,High-Value Loyal Customers,18895.91,2.123559245659781,0.2707594124278891
12732.0,180,1,236.26000000000002,1,At-Risk / Inactive Customers,236.26000000000002,-0.7474997651246142,0.653845033638384
12733.0,234,1,383.95,1,At-Risk / Inactive Customers,383.95,-0.9427270903279977,1.1491626057414055
12734.0,353,1,110.39999999999999,1,At-Risk / Inactive Customers,110.39999999999999,-1.4150732607995165,2.213722140514388
12735.0,315,2,779.5699999999999,1,At-Risk / Inactive Customers,779.5699999999999,-1.1356071208537948,1.9171030674467548
12736.0,333,1,234.0,1,At-Risk / Inactive Customers,234.0,-1.3302287118408977,2.0383000332909313
12738.0,372,1,155.35,1,At-Risk / Inactive Customers,155.35,-1.4842576545030626,2.3876846602049495
12739.0,78,2,1013.04,0,Regular Customers,1013.04,-0.2167770227821393,-0.21708936404298357
12740.0,64,1,427.6,0,Regular Customers,427.6,-0.2923575786134475,-0.3872682438681428
12743.0,134,2,540.13,0,Regular Customers,540.13,-0.46326049968138455,0.26838138383829335
12744.0,52,7,21279.29,3,High-Value Loyal Customers,21279.29,1.7459492959702312,0.5458406060864236
12747.0,2,11,4196.01,0,Regular Customers,4196.01,1.0859050068709533,-0.6073884418870017
12748.0,1,209,33053.19,2,VIP Loyal Customers,33053.19,20.487368568602395,4.073762184111824
12749.0,4,5,4090.88,0,Regular Customers,4090.88,0.5445815719329085,-0.6967740194469255
12750.0,129,1,275.88,0,Regular Customers,275.88,-0.5505236622717972,0.19411019897104628
12752.0,81,1,4366.78,0,Regular Customers,4366.78,-0.08008275966594379,-0.056047407018802835
12753.0,23,6,21429.39,3,High-Value Loyal Customers,21429.39,1.7792069354481013,0.273042218090579
12754.0,236,3,3010.74,1,At-Risk / Inactive Customers,3010.74,-0.5901869377564782,1.3197958068026139
12755.0,281,2,3811.95,1,At-Risk / Inactive Customers,3811.95,-0.7929088580128583,1.745971796098924
12756.0,87,1,112.07999999999998,0,Regular Customers,112.07999999999998,-0.402120965629367,-0.19334011846759647
12757.0,16,13,7834.650000000001,3,High-Value Loyal Customers,7834.650000000001,1.463907117496224,-0.2825989680745958
12758.0,117,2,2791.59,0,Regular Customers,2791.59,-0.2402068675603115,0.21592494144883984
12759.0,52,3,1531.44,0,Regular Customers,1531.44,0.006395139840482704,-0.41190491953286684
12762.0,8,2,1898.52,0,Regular Customers,1898.52,0.1120256137623993,-0.8106735620505201
12763.0,138,2,494.08,0,Regular Customers,494.08,-0.4817293441908908,0.3025053158127798
12764.0,317,1,1693.88,1,At-Risk / Inactive Customers,1693.88,-1.1666469708970726,1.9592481500882974
12766.0,4,7,6989.63,0,Regular Customers,6989.63,0.923861362369644,-0.5319932463389491
12769.0,239,1,1143.6,1,At-Risk / Inactive Customers,1143.6,-0.9083464136369016,1.2286165831178508
12770.0,211,1,1351.45,1,At-Risk / Inactive Customers,1351.45,-0.7871161910148536,0.9845931266035973
12772.0,60,1,892.47,0,Regular Customers,892.47,-0.2444371326739532,-0.40253271968176546
12775.0,17,5,1386.04,0,Regular Customers,1386.04,0.30487665323357366,-0.7009308318685474
12778.0,20,6,822.23,0,Regular Customers,822.23,0.34152557707152537,-0.682045953389357
12779.0,38,8,3981.36,0,Regular Customers,3981.36,0.6705777506992459,-0.3426512426683356
12781.0,64,2,826.74,0,Regular Customers,826.74,-0.17657065753151904,-0.35216991820213683
12782.0,5,5,2330.92,0,Regular Customers,2330.92,0.41701278520919194,-0.766975592147449
12783.0,2,6,2225.91,0,Regular Customers,2225.91,0.5087706044043596,-0.7817273027328663
12784.0,9,2,532.8199999999999,0,Regular Customers,532.8199999999999,0.012181358770183507,-0.8631216148953009
12785.0,364,1,311.95,1,At-Risk / Inactive Customers,311.95,-1.4427842979126966,2.322341229956315
12787.0,10,3,463.66,0,Regular Customers,463.66,0.0912295764650518,-0.8400614381564999
12789.0,65,1,91.85,0,Regular Customers,91.85,-0.31977530934030773,-0.3933376689662027
12790.0,192,1,324.92,1,At-Risk / Inactive Customers,324.92,-0.7869569225002854,0.7664300792916687
12791.0,374,1,192.60000000000002,1,At-Risk / Inactive Customers,192.60000000000002,-1.4892535129924926,2.407460808227664
12792.0,257,1,400.53999999999996,1,At-Risk / Inactive Customers,400.53999999999996,-1.0291363601792323,1.358045637750004
12793.0,335,2,545.48,1,At-Risk / Inactive Customers,545.48,-1.2282213738427832,2.087549812196562
12794.0,53,2,860.41,0,Regular Customers,860.41,-0.1323188494705288,-0.4501970557836986
12795.0,19,1,430.48,0,Regular Customers,430.48,-0.12081093150287876,-0.7943611361752942
12797.0,366,1,254.03,1,At-Risk / Inactive Customers,254.03,-1.4544725514837658,2.3378318747966857
12798.0,10,3,6977.04,0,Regular Customers,6977.04,0.5492532422929867,-0.5467640679997576
12802.0,187,1,427.58,1,At-Risk / Inactive Customers,427.58,-0.760699591385897,0.7258059038398554
12808.0,37,3,483.65000000000003,0,Regular Customers,483.65000000000003,-0.010171192757651375,-0.5948277416698222
12809.0,178,1,489.31,1,At-Risk / Inactive Customers,489.31,-0.7220898865427205,0.6471410887661847
12811.0,261,3,514.85,1,At-Risk / Inactive Customers,514.85,-0.8608901696119787,1.433640696310458
12812.0,45,1,229.64000000000001,0,Regular Customers,229.64000000000001,-0.2339329135159911,-0.5681208007755849
12814.0,102,1,125.92,0,Regular Customers,125.92,-0.45826243900643976,-0.056976043996762885
12815.0,148,2,1063.46,1,At-Risk / Inactive Customers,1063.46,-0.4797667712642027,0.4186383921063618
12816.0,96,2,572.2,0,Regular Customers,572.2,-0.3163147297366494,-0.07405134890050083
12817.0,281,1,166.04,1,At-Risk / Inactive Customers,166.04,-1.1370100333683226,1.5646714827546613
12818.0,262,1,1542.08,1,At-Risk / Inactive Customers,1542.08,-0.967901015444351,1.4546961141314452
12820.0,3,4,942.34,0,Regular Customers,942.34,0.2392633147908489,-0.8647271623497383
12821.0,214,1,92.72,1,At-Risk / Inactive Customers,92.72,-0.8870535642937902,0.9550607119766872
12822.0,71,2,948.88,0,Regular Customers,948.88,-0.19463525096468134,-0.2833242220067027
12823.0,75,5,1759.5,0,Regular Customers,1759.5,0.11029498211363396,-0.15924927866815639
12824.0,60,1,397.12,0,Regular Customers,397.12,-0.27927035641767267,-0.4248383202005656
12826.0,3,7,1474.72,0,Regular Customers,1474.72,0.539858180956745,-0.7893789231513022
12827.0,6,3,430.15000000000003,0,Regular Customers,430.15000000000003,0.1041037277656142,-0.8777679553278688
12828.0,3,6,1018.71,0,Regular Customers,1018.71,0.4200721371650046,-0.8270381037713893
12829.0,337,2,293.0,1,At-Risk / Inactive Customers,293.0,-1.253591169781023,2.094279424157276
12830.0,38,6,6814.64,0,Regular Customers,6814.64,0.6943767600923525,-0.24931882037552924
12831.0,262,1,215.05,1,At-Risk / Inactive Customers,215.05,-1.061218332300368,1.3949399799708246
12832.0,32,2,383.03,0,Regular Customers,383.03,-0.08592782380231896,-0.6617306709341798
12833.0,145,1,417.38,1,At-Risk / Inactive Customers,417.38,-0.601495677085174,0.3452721913062044
12834.0,283,1,312.38,1,At-Risk / Inactive Customers,312.38,-1.1343346364258315,1.5893599512792347
12836.0,59,4,2610.36,0,Regular Customers,2610.36,0.14333095065962886,-0.28285037970775734
12837.0,173,1,134.1,1,At-Risk / Inactive Customers,134.1,-0.7280301695507443,0.585899036440357
12838.0,34,2,671.95,0,Regular Customers,671.95,-0.07322614031217536,-0.6306218278825637
12839.0,3,14,5591.42,3,High-Value Loyal Customers,5591.42,1.4433808643438963,-0.48412858854179436
12840.0,144,4,2726.77,0,Regular Customers,2726.77,-0.1721330609073201,0.49158976436161006
12841.0,5,25,3991.58,3,High-Value Loyal Customers,3991.58,2.2881756195678205,-0.34969491563751803
12842.0,70,2,1118.99,0,Regular Customers,1118.99,-0.1788653958427665,-0.28471356277103105
12843.0,66,8,1702.26,0,Regular Customers,1702.26,0.4036963426947834,-0.19189613191882338
12844.0,29,2,325.96000000000004,0,Regular Customers,325.96000000000004,-0.0785180689789917,-0.6914487037941724
12845.0,267,4,354.09,1,At-Risk / Inactive Customers,354.09,-0.8073215391037597,1.4978230800782157
12847.0,22,1,843.64,0,Regular Customers,843.64,-0.10318028531096213,-0.7486083777904414
12849.0,31,2,1010.29,0,Regular Customers,1010.29,-0.03801098526576525,-0.642534556409986
12851.0,97,1,131.81,0,Regular Customers,131.81,-0.43881001565763084,-0.10195777059868075
12852.0,295,1,311.55,1,At-Risk / Inactive Customers,311.55,-1.1800847688551526,1.6979152640357242
12853.0,135,6,1957.1000000000001,0,Regular Customers,1957.1000000000001,-0.016549308127933322,0.40973714305766573
12854.0,79,3,1316.25,0,Regular Customers,1316.25,-0.11154358751293199,-0.17726137370736084
12855.0,373,1,38.1,1,At-Risk / Inactive Customers,38.1,-1.4963103718292916,2.3914542857041603
12856.0,8,6,2170.78,0,Regular Customers,2170.78,0.4820479560010697,-0.7299134617021255
12857.0,211,2,1106.4,1,At-Risk / Inactive Customers,1106.4,-0.7166289861002143,0.9906835895498981
12863.0,52,1,521.2,0,Regular Customers,521.2,-0.2400838201283985,-0.4916461253939287
12864.0,138,1,147.12,0,Regular Customers,147.12,-0.5938469453678081,0.26975665449535763
12865.0,26,2,1568.23,0,Regular Customers,1568.23,0.020261830063906437,-0.662657482635597
12866.0,283,1,559.12,1,At-Risk / Inactive Customers,559.12,-1.1169837741536495,1.600470648507475
12867.0,26,7,4009.34,0,Regular Customers,4009.34,0.6305178570697738,-0.46710905098048644
12868.0,186,6,1607.0600000000002,1,At-Risk / Inactive Customers,1607.0600000000002,-0.2353542780737662,0.8554937713799022
12871.0,84,2,380.64,0,Regular Customers,380.64,-0.28409354434690487,-0.1912699794803719
12872.0,327,2,599.97,1,At-Risk / Inactive Customers,599.97,-1.1939284361006484,2.017608370705423
12873.0,282,1,374.0,1,At-Risk / Inactive Customers,374.0,-1.1261938444793604,1.5830853080009573
12875.0,143,2,343.2300000000001,0,Regular Customers,343.2300000000001,-0.5113754167047135,0.34095949653561164
12876.0,58,2,2218.02,0,Regular Customers,2218.02,-0.05588936997375084,-0.3438169516560233
12877.0,4,12,1535.77,0,Regular Customers,1535.77,0.9789397241691867,-0.6919551547018282
12878.0,236,2,854.99,1,At-Risk / Inactive Customers,854.99,-0.829499424923912,1.2055973682319354
12879.0,45,3,573.22,0,Regular Customers,573.22,-0.034333769719489066,-0.5183992812814622
12881.0,276,1,298.0,1,At-Risk / Inactive Customers,298.0,-1.1086923137292732,1.525366685712459
12882.0,9,2,1463.04,0,Regular Customers,1463.04,0.07759482680466968,-0.8212338270390412
12883.0,25,4,703.47,0,Regular Customers,703.47,0.13869763574616692,-0.6763968796303207
12884.0,88,1,309.05,0,Regular Customers,309.05,-0.3920775982382213,-0.17542117269985405
12885.0,63,3,1175.22,0,Regular Customers,1175.22,-0.060538522098647636,-0.32840220195198944
12886.0,68,2,1378.4,0,Regular Customers,1378.4,-0.15300827934220912,-0.2911311169713831
12888.0,214,2,354.12,1,At-Risk / Inactive Customers,354.12,-0.7809525788905938,0.9839566082181254
12890.0,24,1,376.71999999999997,0,Regular Customers,376.71999999999997,-0.14362959371433412,-0.7515349947088059
12891.0,186,3,331.0,1,At-Risk / Inactive Customers,331.0,-0.5882450397352297,0.7466576367664639
12893.0,31,1,176.55,0,Regular Customers,176.55,-0.18435916412304545,-0.697202911318892
12895.0,42,2,372.8,0,Regular Customers,372.8,-0.1247236738373696,-0.5716974212615763
12897.0,205,2,216.5,1,At-Risk / Inactive Customers,216.5,-0.7563612512621352,0.8963150666613162
12901.0,9,28,17654.54,3,High-Value Loyal Customers,17654.54,3.4968878953439364,0.3531206389290396
12902.0,265,1,138.68,1,At-Risk / Inactive Customers,138.68,-1.078011644964337,1.4186492123196057
12904.0,18,2,496.06,0,Regular Customers,496.06,-0.02467244499924578,-0.7833324012247705
12906.0,12,5,2919.81,0,Regular Customers,2919.81,0.43177025129431185,-0.6771121528569307
12908.0,176,2,750.0,1,At-Risk / Inactive Customers,750.0,-0.6084235342306017,0.6579062324486353
12909.0,40,5,2178.67,0,Regular Customers,2178.67,0.27303884791060407,-0.4571027342969941
12910.0,23,8,3075.04,0,Regular Customers,3075.04,0.6639596489742802,-0.5192036735558819
12912.0,3,5,1662.3,0,Regular Customers,1662.3,0.3776104354114068,-0.8151823185481889
12913.0,5,5,2483.63,0,Regular Customers,2483.63,0.4277514176870428,-0.7600990639245239
12915.0,149,2,363.65,1,At-Risk / Inactive Customers,363.65,-0.5327853568131857,0.3961753525440356
12916.0,139,4,2944.95,0,Regular Customers,2944.95,-0.13775231401242413,0.45616745218209265
12917.0,128,1,594.0,0,Regular Customers,594.0,-0.524345680681107,0.19938574552434707
12919.0,8,6,1335.19,0,Regular Customers,1335.19,0.4232889100173924,-0.76754006256516
12920.0,17,1,162.78,0,Regular Customers,162.78,-0.13202041552226082,-0.824514443054489
12921.0,9,37,16587.09,3,High-Value Loyal Customers,16587.09,4.211297386028407,0.4591789225152846
12922.0,161,1,405.38,1,At-Risk / Inactive Customers,405.38,-0.6632618775140973,0.4895220817343557
12923.0,64,1,172.82,0,Regular Customers,172.82,-0.31027381712243074,-0.3987409821343786
12924.0,88,4,933.7,0,Regular Customers,933.7,-0.0849942662303287,-0.09591801726063927
12925.0,5,2,694.05,0,Regular Customers,694.05,0.038749710114859975,-0.8920589937906405
12928.0,35,5,2062.7000000000003,0,Regular Customers,2062.7000000000003,0.28392202396879096,-0.5075718142434581
12929.0,312,1,117.85,1,At-Risk / Inactive Customers,117.85,-1.258435838160285,1.8430325977617403
12930.0,78,2,415.8,0,Regular Customers,415.8,-0.25877519488004785,-0.2439830692087213
12931.0,22,15,42055.96,3,High-Value Loyal Customers,42055.96,4.022956833126256,1.3469323945101679
12933.0,24,3,607.53,0,Regular Customers,607.53,0.04803951547718308,-0.706891506042391
12935.0,2,7,2160.7,0,Regular Customers,2160.7,0.5919042349939168,-0.767538648210304
12936.0,17,4,1063.9,0,Regular Customers,1063.9,0.1945044050662841,-0.7325618490860875
12937.0,15,4,1504.27,0,Regular Customers,1504.27,0.2330867061205176,-0.730830778132746
12938.0,26,1,114.14,0,Regular Customers,114.14,-0.16970962596994868,-0.7452601855445791
12939.0,64,8,11581.8,0,Regular Customers,11581.8,1.106045113043464,0.2348805739371978
12940.0,55,2,899.69,0,Regular Customers,899.69,-0.13717195749220945,-0.43032949690188826
12942.0,131,3,675.6,0,Regular Customers,675.6,-0.3545920240899524,0.2644584828072539
12944.0,36,2,604.51,0,Regular Customers,604.51,-0.0855838443526907,-0.6155598684503675
12945.0,288,1,462.95,1,At-Risk / Inactive Customers,462.95,-1.142784725693804,1.6413870685285161
12947.0,144,6,1603.99,0,Regular Customers,1603.99,-0.07564897912523309,0.4752811226025831
12948.0,16,7,2064.95,0,Regular Customers,2064.95,0.5318639931774015,-0.6451587998679018
12949.0,31,8,4167.22,0,Regular Customers,4167.22,0.7103010357909638,-0.3976277050699058
12950.0,2,3,1843.0,0,Regular Customers,1843.0,0.21868653253133477,-0.850344910843092
12951.0,9,6,1064.07,0,Regular Customers,1064.07,0.4004159885174557,-0.7706992000655012
12952.0,6,4,1387.79,0,Regular Customers,1387.79,0.2591646075855407,-0.8175203859155221
12953.0,10,1,329.85,0,Regular Customers,329.85,-0.0936184512625696,-0.8803370187774446
12955.0,1,11,4757.16,0,Regular Customers,4757.16,1.1291729619479383,-0.5911692593307051
12956.0,306,1,108.07,1,At-Risk / Inactive Customers,108.07,-1.2362776887036082,1.7882958607389225
12957.0,10,8,4017.54,0,Regular Customers,4017.54,0.7797360655387474,-0.5944049958234742
12962.0,7,2,266.39,0,Regular Customers,266.39,0.0010611816936792297,-0.8932177337000858
12963.0,8,8,1856.63,0,Regular Customers,1856.63,0.6353952450424357,-0.7098095108548795
12965.0,89,1,769.8100000000001,0,Regular Customers,769.8100000000001,-0.36348440528665216,-0.14562376854742548
12966.0,10,1,160.18,0,Regular Customers,160.18,-0.10554971819019023,-0.8879772554586293
12967.0,358,2,1660.9,1,At-Risk / Inactive Customers,1660.9,-1.2373604483850216,2.345913136963963
12968.0,112,1,135.95,0,Regular Customers,135.95,-0.4956335971810932,0.03396951306760585
12970.0,7,4,405.47,0,Regular Customers,405.47,0.1862797980740298,-0.8527048450853305
12971.0,4,86,11189.91,2,VIP Loyal Customers,11189.91,8.149045674921599,1.0100249786052287
12974.0,198,1,144.8,1,At-Risk / Inactive Customers,144.8,-0.8224689211321562,0.812615623140932
12976.0,212,1,738.6,1,At-Risk / Inactive Customers,738.6,-0.8340197121916678,0.9660458940890447
12977.0,156,1,39.239999999999995,1,At-Risk / Inactive Customers,39.239999999999995,-0.6699707627942899,0.4277878517287654
12980.0,158,9,7374.900000000001,0,Regular Customers,7374.900000000001,0.5400144950306439,0.9132117310587846
12981.0,30,2,372.21999999999997,0,Regular Customers,372.21999999999997,-0.07907269321077115,-0.6803162262896548
12982.0,243,1,390.54,1,At-Risk / Inactive Customers,390.54,-0.9765325035669128,1.2309038690384422
12984.0,19,1,97.5,0,Regular Customers,97.5,-0.14422622743945637,-0.8093552188658163
12985.0,1,2,1239.38,0,Regular Customers,1239.38,0.09232813764801467,-0.9037003574255155
12987.0,74,2,558.7,0,Regular Customers,558.7,-0.2334958169707653,-0.27374584763471516
12988.0,292,1,505.82,1,At-Risk / Inactive Customers,505.82,-1.1550006777933142,1.6795150663112826
12989.0,3,15,6924.110000000001,3,High-Value Loyal Customers,6924.110000000001,1.6248154204837624,-0.40699252518662743
12990.0,31,3,409.5,0,Regular Customers,409.5,0.00746043078324221,-0.6524630584955977
12991.0,23,2,503.76,0,Regular Customers,503.76,-0.043169213738834755,-0.7377387171966884
12993.0,23,4,414.76,0,Regular Customers,414.76,0.12601071954579046,-0.7074962663861682
12994.0,4,3,974.4200000000001,0,Regular Customers,974.4200000000001,0.14999232123323716,-0.8713582694680908
12995.0,85,1,211.32,0,Regular Customers,211.32,-0.38752707199553327,-0.20697012454055613
12997.0,22,4,1226.89,0,Regular Customers,1226.89,0.18692769550740004,-0.6799754594870666
12999.0,196,3,455.88,1,At-Risk / Inactive Customers,455.88,-0.6175398968157754,0.8427748870166288
13000.0,107,3,534.85,0,Regular Customers,534.85,-0.2731060913062938,0.04093513786380651
13001.0,4,13,9785.970000000001,3,High-Value Loyal Customers,9785.970000000001,1.6468165404875463,-0.3033237554330549
13002.0,318,1,120.94999999999999,1,At-Risk / Inactive Customers,120.94999999999999,-1.2810637280724135,1.8974685345191586
13003.0,106,3,149.05,0,Regular Customers,149.05,-0.2964280650152482,0.01451318100094947
13004.0,12,18,5655.91,3,High-Value Loyal Customers,5655.91,1.7645239065127165,-0.3312798513770531
13005.0,174,2,513.7,1,At-Risk / Inactive Customers,513.7,-0.6174249568276504,0.629166866936737
13006.0,56,1,81.57,0,Regular Customers,81.57,-0.2862293784787306,-0.47524509288888683
13008.0,323,1,229.46999999999997,1,At-Risk / Inactive Customers,229.46999999999997,-1.2924707913151987,1.9476021411157387
13011.0,372,1,50.550000000000004,1,At-Risk / Inactive Customers,50.550000000000004,-1.4916272353011686,2.382965518316648
13012.0,9,8,1646.8400000000001,0,Regular Customers,1646.8400000000001,0.6168350753587952,-0.7102069596910073
13013.0,1,13,4810.9400000000005,0,Regular Customers,4810.9400000000005,1.3083932458657084,-0.5544974279971723
13014.0,11,10,3466.2799999999997,0,Regular Customers,3466.2799999999997,0.912602030818188,-0.5759287128618638
13015.0,53,5,3339.64,0,Regular Customers,3339.64,0.30517934090140386,-0.28718220031388664
13016.0,73,3,789.89,0,Regular Customers,789.89,-0.1257115644750108,-0.2552596977211986
13017.0,7,1,204.0,0,Regular Customers,204.0,-0.09104533544013671,-0.9131522136515346
13018.0,16,28,7277.7,3,High-Value Loyal Customers,7277.7,2.7405305403869304,-0.050802522723254126
13021.0,4,9,2616.38,0,Regular Customers,2616.38,0.7917710042965824,-0.6946704867016787
13023.0,64,2,689.9,0,Regular Customers,689.9,-0.1861933048255345,-0.3583318206448392
13026.0,1,5,975.36,0,Regular Customers,975.36,0.33691981538250226,-0.8642139941797843
13027.0,114,6,6912.0,0,Regular Customers,6912.0,0.4118419692381314,0.4428189868478677
13028.0,23,2,661.3199999999999,0,Regular Customers,661.3199999999999,-0.03208952718778916,-0.7306437935714897
13029.0,31,3,1247.5,0,Regular Customers,1247.5,0.06638894899710499,-0.6147279353811241
13030.0,11,2,752.4399999999999,0,Regular Customers,752.4399999999999,0.02000983663715197,-0.8351333494473042
13032.0,52,2,1010.18,0,Regular Customers,1010.18,-0.11797931184320819,-0.45250230633818017
13033.0,357,1,190.55,1,At-Risk / Inactive Customers,190.55,-1.424667667363212,2.2535288559459703
13034.0,55,2,642.77,0,Regular Customers,642.77,-0.15523868171596317,-0.44189859932500347
13035.0,74,2,921.88,0,Regular Customers,921.88,-0.20795684412480983,-0.25739185955271693
13037.0,138,3,881.07,0,Regular Customers,881.07,-0.3667968163026359,0.33705652722360574
13038.0,80,3,908.46,0,Regular Customers,908.46,-0.14402720183421547,-0.18657475855382974
13040.0,9,2,676.99,0,Regular Customers,676.99,0.02231945479750164,-0.8566296427002965
13043.0,273,1,516.42,1,At-Risk / Inactive Customers,516.42,-1.0819099843442073,1.5080539620014
13044.0,291,1,560.47,1,At-Risk / Inactive Customers,560.47,-1.1473500192262591,1.6729265640734496
13045.0,99,1,305.28000000000003,0,Regular Customers,305.28000000000003,-0.43422682551807246,-0.07604763872077108
13046.0,31,2,629.31,0,Regular Customers,629.31,-0.06480166172055933,-0.6596900781333179
13047.0,32,10,3237.54,0,Regular Customers,3237.54,0.8165563449099152,-0.3961916670832107
13048.0,14,4,1819.41,0,Regular Customers,1819.41,0.25905513283736864,-0.7256894209193988
13049.0,64,2,656.6800000000001,0,Regular Customers,656.6800000000001,-0.18852934942585017,-0.3598277165754631
13050.0,15,17,5836.86,3,High-Value Loyal Customers,5836.86,1.6781062205790773,-0.3131085641218111
13052.0,212,1,348.15000000000003,1,At-Risk / Inactive Customers,348.15000000000003,-0.8614763230945349,0.9484639384565313
13055.0,78,3,1214.41,0,Regular Customers,1214.41,-0.11489737263953737,-0.19089661749195305
13058.0,25,3,271.40000000000003,0,Regular Customers,271.40000000000003,0.02059506298788702,-0.7129780425327941
13059.0,250,1,183.4,1,At-Risk / Inactive Customers,183.4,-1.01775220735504,1.2849220934688004
13060.0,254,1,307.53,1,At-Risk / Inactive Customers,307.53,-1.0242539215189197,1.326709227414195
13061.0,72,1,248.61,0,Regular Customers,248.61,-0.3354054095747064,-0.32293303486835445
13062.0,191,1,346.98,1,At-Risk / Inactive Customers,346.98,-0.7815980066642445,0.7583740500105172
13064.0,13,4,1105.59,0,Regular Customers,1105.59,0.21266665251205233,-0.7668821117727208
13065.0,373,1,205.86,1,At-Risk / Inactive Customers,205.86,-1.484513416918125,2.399008515123831
13066.0,24,2,470.8,0,Regular Customers,470.8,-0.049294622234220646,-0.7301735146959041
13067.0,82,1,115.46000000000001,0,Regular Customers,115.46000000000001,-0.38284504655348967,-0.23843487031893834
13068.0,10,2,344.0,0,Regular Customers,344.0,-0.004904191549561211,-0.8625747850539699
13069.0,1,24,4431.44,3,High-Value Loyal Customers,4431.44,2.24661812595206,-0.38321065075578875
13070.0,192,1,228.8,1,At-Risk / Inactive Customers,228.8,-0.7937161219880139,0.7621017976284669
13072.0,267,1,177.15,1,At-Risk / Inactive Customers,177.15,-1.0829217125322628,1.4384802969177375
13075.0,130,1,919.61,0,Regular Customers,919.61,-0.5090639407073516,0.23214673853666726
13077.0,1,4,728.02,0,Regular Customers,728.02,0.2318075351894334,-0.8924767689045289
13078.0,3,26,12627.94,3,High-Value Loyal Customers,12627.94,2.990822666567653,0.038226479376917
13079.0,4,5,220.10000000000002,0,Regular Customers,220.10000000000002,0.27238666771828346,-0.8710751648515104
13080.0,179,1,58.08,1,At-Risk / Inactive Customers,58.08,-0.756221811683733,0.6367722011920269
13081.0,12,11,28337.38,3,High-Value Loyal Customers,28337.38,2.745459992747511,0.5701908691358648
13082.0,126,9,3613.63,0,Regular Customers,3613.63,0.39736509142621323,0.45426131837488826
13083.0,4,2,303.75,0,Regular Customers,303.75,0.015111294482322837,-0.9186835855628235
13085.0,158,2,416.08000000000004,1,At-Risk / Inactive Customers,416.08000000000004,-0.563367281657204,0.479980790117406
13089.0,3,97,58762.08,2,VIP Loyal Customers,58762.08,12.463060134171366,3.331525099093748
13090.0,9,14,8910.82,3,High-Value Loyal Customers,8910.82,1.6539566080267953,-0.280359729607134
13091.0,28,1,345.82,0,Regular Customers,345.82,-0.16103308374777828,-0.7167288585395888
13092.0,71,5,477.83,0,Regular Customers,477.83,0.03539798867217374,-0.25316041548935986
13093.0,276,8,7832.47,1,At-Risk / Inactive Customers,7832.47,0.035169417027560566,1.9845191345546094
13094.0,21,12,1927.3200000000002,0,Regular Customers,1927.3200000000002,0.9417436850366833,-0.5204840252684787
13095.0,71,1,74.39999999999999,0,Regular Customers,74.39999999999999,-0.34384828403679774,-0.33982709829470614
13097.0,33,10,6003.22,0,Regular Customers,6003.22,1.0072324975291416,-0.26260376177444267
13098.0,1,28,28882.44,3,High-Value Loyal Customers,28882.44,4.3168998005036805,0.7863176245960034
13099.0,99,1,207.35999999999999,0,Regular Customers,207.35999999999999,-0.4411126017752341,-0.08045697434770338
13101.0,234,1,101.19,1,At-Risk / Inactive Customers,101.19,-0.9626108943973914,1.136429928638961
13102.0,1,24,6424.09,3,High-Value Loyal Customers,6424.09,2.386742125735895,-0.29348166140727344
13103.0,40,1,243.94,0,Regular Customers,243.94,-0.21388909537221956,-0.6127238252469626
13104.0,3,6,1098.48,0,Regular Customers,1098.48,0.4256815976637156,-0.8234460622787383
13106.0,133,1,76.5,0,Regular Customers,76.5,-0.5797747379241813,0.22132968413510049
13107.0,44,4,1531.6200000000001,0,Regular Customers,1531.6200000000001,0.12458820083151978,-0.4671668797210765
13108.0,373,1,350.06,1,At-Risk / Inactive Customers,350.06,-1.474373211277983,2.405501838218231
13109.0,60,2,786.54,0,Regular Customers,786.54,-0.16416694989068306,-0.39017768593870367
13110.0,31,7,1488.67,0,Regular Customers,1488.67,0.43422502914595557,-0.5353678171062725
13113.0,1,24,12245.960000000001,3,High-Value Loyal Customers,12245.960000000001,2.7961385127689993,-0.03132297261674784
13115.0,12,4,2294.78,0,Regular Customers,2294.78,0.3000986488528017,-0.7223823006713
13116.0,138,1,501.14,0,Regular Customers,501.14,-0.5689521076374123,0.28569816796192793
13117.0,22,8,984.91,0,Regular Customers,984.91,0.5207884611275778,-0.6223715759768426
13118.0,20,5,1197.81,0,Regular Customers,1197.81,0.2802172975536109,-0.6822586530658106
13120.0,239,1,30.599999999999998,1,At-Risk / Inactive Customers,30.599999999999998,-0.9866130494030463,1.1784982155445705
13121.0,269,1,283.73,1,At-Risk / Inactive Customers,283.73,-1.0830422557856938,1.4613783734434664
13122.0,94,2,922.39,0,Regular Customers,922.39,-0.2840739248310152,-0.07638108153005102
13124.0,90,3,3756.33,0,Regular Customers,3756.33,0.01815976186228662,0.03215867652865086
13126.0,5,8,2099.64,0,Regular Customers,2099.64,0.6639067537388129,-0.726014947361422
13127.0,78,1,259.17,0,Regular Customers,259.17,-0.3575087090979622,-0.2681611744612536
13130.0,94,1,64.0,0,Regular Customers,64.0,-0.4321555022252545,-0.13215942544226464
13131.0,23,3,1073.3,0,Regular Customers,1073.3,0.08460030818276222,-0.6949672829642072
13132.0,262,1,77.3,1,At-Risk / Inactive Customers,77.3,-1.0709049711833747,1.3887371002464586
13133.0,274,2,109.8,1,At-Risk / Inactive Customers,109.8,-1.02659209810095,1.5159183217399497
13134.0,86,4,1793.58,0,Regular Customers,1793.58,-0.016911842651157794,-0.07529641946033738
13135.0,197,1,3096.0,1,At-Risk / Inactive Customers,3096.0,-0.6111316283976022,0.9364587090382165
13136.0,56,5,2607.61,0,Regular Customers,2607.61,0.2422797367671469,-0.2929973245536924
13137.0,11,8,3603.29,0,Regular Customers,3603.29,0.7467981812560539,-0.6040092743397754
13138.0,22,6,962.39,0,Regular Customers,962.39,0.34376639377229634,-0.6576357701402578
13139.0,16,7,5064.94,0,Regular Customers,5064.94,0.742824572361657,-0.5100693106170788
13140.0,108,3,422.47,0,Regular Customers,422.47,-0.2848163481507787,0.044924059364887345
13141.0,85,5,2388.75,0,Regular Customers,2388.75,0.11646763903252244,-0.04042025748094239
13142.0,19,1,307.09,0,Regular Customers,307.09,-0.12948776904751902,-0.7999173853890114
13144.0,333,1,110.95,1,At-Risk / Inactive Customers,110.95,-1.3388816404402006,2.032759094270363
13145.0,40,4,618.52,0,Regular Customers,618.52,0.07560920734003976,-0.5444813168688891
13146.0,26,1,228.91,0,Regular Customers,228.91,-0.16163895051003813,-0.7400920947571707
13147.0,10,4,712.8000000000001,0,Regular Customers,712.8000000000001,0.19646843342755377,-0.811717609468025
13148.0,29,12,3683.26,0,Regular Customers,3683.26,1.034760958786104,-0.3690189573571291
13149.0,14,4,1676.06,0,Regular Customers,1676.06,0.24897469956057003,-0.732144468530926
13151.0,296,1,1257.8700000000001,1,At-Risk / Inactive Customers,1257.8700000000001,-1.117346789144725,1.7495774252042195
13153.0,6,1,486.22,0,Regular Customers,486.22,-0.06739185719536248,-0.9094932433748563
13155.0,33,4,971.76,0,Regular Customers,971.76,0.12710272558048852,-0.5919206612431317
13157.0,49,4,1741.22,0,Regular Customers,1741.22,0.12028912639667887,-0.41248164276123755
13158.0,95,4,1201.06,0,Regular Customers,1201.06,-0.0928469271873369,-0.020533067391358076
13159.0,9,4,1429.35,0,Regular Customers,1429.35,0.25066418293226483,-0.7885007680430062
13160.0,22,1,91.8,0,Regular Customers,91.8,-0.1560499954946263,-0.7824637178410211
13161.0,313,1,112.75,1,At-Risk / Inactive Customers,112.75,-1.262602119546556,1.8518523355011514
13162.0,122,4,1688.29,0,Regular Customers,1688.29,-0.16139117988230117,0.24574043688053043
13165.0,46,2,1021.48,0,Regular Customers,1021.48,-0.09433880777561461,-0.5062898113857556
13166.0,283,1,417.2,1,At-Risk / Inactive Customers,417.2,-1.1269636492191761,1.5940799937671335
13167.0,19,4,791.33,0,Regular Customers,791.33,0.16772187174031572,-0.7267368894205641
13168.0,36,4,1299.59,0,Regular Customers,1299.59,0.13873292969700077,-0.550010311038897
13169.0,64,2,712.88,0,Regular Customers,712.88,-0.18457734140243837,-0.3572970317078814
13170.0,27,1,108.81,0,Regular Customers,108.81,-0.1738920810545362,-0.7364508047005335
13171.0,22,3,468.41,0,Regular Customers,468.41,0.04587183202097347,-0.7312548581124461
13173.0,4,2,353.65,0,Regular Customers,353.65,0.018620283812718737,-0.9164365895682981
13174.0,16,3,2742.82,0,Regular Customers,2742.82,0.22865519868400253,-0.6831345654612191
13176.0,46,1,481.49,0,Regular Customers,481.49,-0.22003036106568458,-0.5477306097136632
13177.0,65,1,282.45,0,Regular Customers,282.45,-0.30637223586588974,-0.3847549548067532
13178.0,26,11,5725.47,0,Regular Customers,5725.47,1.1020737549092199,-0.3213315136257732
13182.0,45,1,121.18,0,Regular Customers,121.18,-0.2415598670786111,-0.5730047523901384
13183.0,8,9,3957.78,0,Regular Customers,3957.78,0.8708682368703983,-0.5980697091840225
13184.0,15,10,1668.95,0,Regular Customers,1668.95,0.7709824281015536,-0.6206648839994481
13185.0,268,1,71.4,1,At-Risk / Inactive Customers,71.4,-1.094165744942669,1.442767767185225
13186.0,40,3,1575.89,0,Regular Customers,1575.89,0.05521264931573299,-0.5184960245682905
13187.0,337,1,236.02,1,At-Risk / Inactive Customers,236.02,-1.345317253402265,2.074588556396817
13188.0,11,1,114.60000000000001,0,Regular Customers,114.60000000000001,-0.11256257048015722,-0.8809803313035547
13189.0,19,2,260.68,0,Regular Customers,260.68,-0.04503211442166042,-0.7848821672452652
13192.0,95,2,911.94,0,Regular Customers,911.94,-0.28861642050421243,-0.06780225418283857
13193.0,61,1,112.08,0,Regular Customers,112.08,-0.30312213826789214,-0.4286242750204215
13194.0,136,1,60.7,0,Regular Customers,60.7,-0.5923087422967258,0.2477663823634085
13196.0,11,4,1797.78,0,Regular Customers,1797.78,0.268957043609979,-0.7538115912935001
13198.0,10,6,3401.2400000000002,0,Regular Customers,3401.2400000000002,0.5609591347645788,-0.6564070914223454
13199.0,4,38,9817.12,3,High-Value Loyal Customers,9817.12,3.8419876634132435,0.1262054161541366
13200.0,19,4,870.09,0,Regular Customers,870.09,0.1732603086072893,-0.7231903282075618
13203.0,10,4,869.46,0,Regular Customers,869.46,0.20748483159388278,-0.8046632128246916
13207.0,15,2,250.26000000000002,0,Regular Customers,250.26000000000002,-0.030534264450980966,-0.8215489421818928
13208.0,59,6,1217.65,0,Regular Customers,1217.65,0.22083343945667053,-0.31131396392775074
13209.0,30,8,5891.61,0,Regular Customers,5891.61,0.8353685249098269,-0.3290278487526543
13210.0,94,1,353.48,0,Regular Customers,353.48,-0.4117991448833106,-0.11912414687522667
13211.0,10,3,1095.42,0,Regular Customers,1095.42,0.1356552097189777,-0.8116132980863331
13212.0,20,3,786.83,0,Regular Customers,786.83,0.0758785569461132,-0.7350151932018373
13213.0,57,5,1520.58,0,Regular Customers,1520.58,0.16203167529600168,-0.33289687291361597
13216.0,268,1,333.74,1,At-Risk / Inactive Customers,333.74,-1.0757178840020665,1.4545809320991285
13217.0,122,3,533.98,0,Regular Customers,533.98,-0.3302819781713451,0.17663682133104355
13218.0,127,1,62.63999999999999,0,Regular Customers,62.63999999999999,-0.5579034958115527,0.16640922479449388
13220.0,78,4,819.2900000000001,0,Regular Customers,819.2900000000001,-0.0549631542742469,-0.1915638036217726
13221.0,240,2,847.41,1,At-Risk / Inactive Customers,847.41,-0.8452630425889227,1.241453603531259
13223.0,200,2,163.20000000000002,1,At-Risk / Inactive Customers,163.20000000000002,-0.7410710940148518,0.8486680155520645
13224.0,60,2,2155.95,0,Regular Customers,2155.95,-0.06786945331879068,-0.3285131812320315
13225.0,3,7,6463.84,0,Regular Customers,6463.84,0.8906952320201662,-0.5647189500810367
13226.0,273,1,108.21000000000001,1,At-Risk / Inactive Customers,108.21000000000001,-1.1106154860388147,1.4896722739267467
13227.0,202,1,257.7,1,At-Risk / Inactive Customers,257.7,-0.8297603336964435,0.8538970704126091
13228.0,81,1,358.0,0,Regular Customers,358.0,-0.3619818828704411,-0.23656268964271623
13229.0,226,1,160.95,1,At-Risk / Inactive Customers,160.95,-0.9279473680025273,1.0667257951416325
13230.0,4,14,2755.63,0,Regular Customers,2755.63,1.2401592521428293,-0.602774764464566
13232.0,13,7,1328.35,0,Regular Customers,1328.35,0.4914889079269028,-0.7054760549355057
13233.0,74,2,605.12,0,Regular Customers,605.12,-0.23023154272794014,-0.2716555559700686
13235.0,212,1,1031.07,1,At-Risk / Inactive Customers,1031.07,-0.8134530967716099,0.9792158122958348
13236.0,25,2,744.85,0,Regular Customers,744.85,-0.03383095629423893,-0.7087836580813077
13238.0,17,4,700.73,0,Regular Customers,700.73,0.16896613542460326,-0.7489153868682872
13239.0,262,1,329.56,1,At-Risk / Inactive Customers,329.56,-1.0531659401515978,1.400096362963472
13240.0,96,4,663.65,0,Regular Customers,663.65,-0.13444547531635415,-0.03568323822601078
13242.0,112,3,270.40000000000003,0,Regular Customers,270.40000000000003,-0.3107405643798956,0.0742739128756548
13243.0,203,1,585.12,1,At-Risk / Inactive Customers,585.12,-0.8105436665427699,0.8776901770518108
13244.0,93,1,121.74000000000001,0,Regular Customers,121.74000000000001,-0.4242875535373393,-0.13860878504236077
13245.0,51,1,430.5,0,Regular Customers,430.5,-0.24265423569306782,-0.5047797352029897
13246.0,18,6,1961.52,0,Regular Customers,1961.52,0.4292562312880893,-0.6488425289191088
13247.0,18,4,501.12,0,Regular Customers,501.12,0.15112182769253452,-0.7488544305095399
13248.0,125,2,465.68,0,Regular Customers,465.68,-0.4342270306500981,0.1835843861086214
13249.0,92,3,711.41,0,Regular Customers,711.41,-0.20357560854029563,-0.08685522844354766
13253.0,157,2,1030.4,1,At-Risk / Inactive Customers,1030.4,-0.5163603894520195,0.49859421670233806
13255.0,9,2,399.51,0,Regular Customers,399.51,0.0028069425851118632,-0.869124561509132
13258.0,12,3,672.83,0,Regular Customers,672.83,0.09832320586503364,-0.8125437359979378
13259.0,62,1,283.18,0,Regular Customers,283.18,-0.29489796033521015,-0.41187025483140394
13260.0,61,1,557.62,0,Regular Customers,557.62,-0.27179157501609685,-0.40856161779796024
13261.0,269,2,944.1,1,At-Risk / Inactive Customers,944.1,-0.9488855294376468,1.508239880745742
13262.0,263,1,200.29,1,At-Risk / Inactive Customers,200.29,-1.0660639090159303,1.4033247281048828
13263.0,1,35,7436.93,3,High-Value Loyal Customers,7436.93,3.422876949795862,-0.05949784202125225
13265.0,53,5,2092.66,0,Regular Customers,2092.66,0.21749117426378742,-0.34333368458749797
13266.0,11,12,3834.2599999999998,0,Regular Customers,3834.2599999999998,1.1139169930447834,-0.5251084618593959
13267.0,3,19,4521.49,3,High-Value Loyal Customers,4521.49,1.8067390577106222,-0.44668221733995495
13268.0,18,11,3174.75,0,Regular Customers,3174.75,0.9531672118208806,-0.5085855089224705
13269.0,1,15,5343.28,3,High-Value Loyal Customers,5343.28,1.5212660735500967,-0.49627604950652454
13270.0,366,1,590.0,1,At-Risk / Inactive Customers,590.0,-1.4308469974690743,2.35296059712696
13271.0,37,1,211.49,0,Regular Customers,211.49,-0.20474805162475715,-0.6413332200030432
13272.0,31,2,276.56,0,Regular Customers,276.56,-0.08960719250807733,-0.6755744035254785
13273.0,113,1,138.98,0,Regular Customers,138.98,-0.4992281734920913,0.04315534454319909
13276.0,64,2,590.9300000000001,0,Regular Customers,590.9300000000001,-0.19315291753153213,-0.3627884377506142
13277.0,16,4,258.4,0,Regular Customers,258.4,0.14166894795117432,-0.7778828884920764
13278.0,41,1,542.73,0,Regular Customers,542.73,-0.19668570205680722,-0.5902199269308719
13279.0,78,1,137.75,0,Regular Customers,137.75,-0.3660470154005006,-0.2736287146146657
13280.0,122,3,798.46,0,Regular Customers,798.46,-0.3116836315159722,0.18854635040182635
13282.0,18,3,1132.14,0,Regular Customers,1132.14,0.10777619816572881,-0.7375646721330565
13283.0,60,2,93.66,0,Regular Customers,93.66,-0.21289056767113798,-0.4213780583773152
13284.0,331,1,201.19,1,At-Risk / Inactive Customers,201.19,-1.3249206306535324,2.018723818378752
13285.0,23,4,2709.12,0,Regular Customers,2709.12,0.2873510954994399,-0.604181281817047
13291.0,156,1,361.11,1,At-Risk / Inactive Customers,361.11,-0.6473367268068245,0.44228165134315156
13292.0,39,2,578.9399999999999,0,Regular Customers,578.9399999999999,-0.0988048793015473,-0.5895631131251959
13294.0,190,2,873.74,1,At-Risk / Inactive Customers,873.74,-0.6530291454232975,0.7901697110683595
13295.0,360,1,201.20000000000002,1,At-Risk / Inactive Customers,201.20000000000002,-1.4353416964293644,2.2811565971413166
13296.0,137,1,87.4,0,Regular Customers,87.4,-0.5942388340896785,0.25801807346205613
13297.0,8,4,2089.85,0,Regular Customers,2089.85,0.30091847247768344,-0.7678078569885914
13298.0,1,1,360.0,0,Regular Customers,360.0,-0.0572294655186697,-0.960423880614785
13299.0,268,1,142.5,1,At-Risk / Inactive Customers,142.5,-1.0891659625500607,1.4459693987525748
13300.0,169,1,371.89,1,At-Risk / Inactive Customers,371.89,-0.6960780862795125,0.5604091528023494
13301.0,104,4,618.09,0,Regular Customers,618.09,-0.16811045164124586,0.03466032098519069
13302.0,155,1,63.75,1,At-Risk / Inactive Customers,63.75,-0.6644395619109651,0.41984214589824687
13304.0,351,1,300.42,1,At-Risk / Inactive Customers,300.42,-1.3940956787606058,2.2041799560122297
13305.0,4,10,2000.86,0,Regular Customers,2000.86,0.8362066004490621,-0.7052622803904841
13307.0,120,1,15.0,0,Regular Customers,15.0,-0.5346000305324087,0.10091826209790022
13308.0,23,3,1385.51,0,Regular Customers,1385.51,0.10655504884093656,-0.680908472955174
13309.0,7,5,1456.79,0,Regular Customers,1456.79,0.3479282955386755,-0.7882388671606164
13310.0,28,3,1132.03,0,Regular Customers,1132.03,0.06969199085660215,-0.6470757190643689
13311.0,4,2,598.57,0,Regular Customers,598.57,0.03584316290691834,-0.9054078469033854
13313.0,22,5,1555.32,0,Regular Customers,1555.32,0.2977422591634309,-0.6480612036962687
13314.0,2,3,775.94,0,Regular Customers,775.94,0.1436504172028331,-0.8983946011420542
13316.0,37,4,5732.93,0,Regular Customers,5732.93,0.44667964637891233,-0.3413277095331325
13317.0,66,6,2273.68,0,Regular Customers,2273.68,0.2684403900267831,-0.20041521985000663
13318.0,1,3,640.76,0,Regular Customers,640.76,0.1379521490246165,-0.9135311444548523
13319.0,5,26,10845.550000000001,3,High-Value Loyal Customers,10845.550000000001,2.857868945449735,-0.02393572513499937
13320.0,78,4,1532.2,0,Regular Customers,1532.2,-0.004831018331711212,-0.15946148068676141
13321.0,72,2,567.36,0,Regular Customers,567.36,-0.2252715476565159,-0.29145466928250663
13322.0,17,1,199.48000000000002,0,Regular Customers,199.48000000000002,-0.12943965583437445,-0.8228618427939863
13323.0,3,5,787.85,0,Regular Customers,787.85,0.31611873761652337,-0.8545587844282025
13324.0,36,10,7121.95,0,Regular Customers,7121.95,1.0744791277260164,-0.1850792005066791
13325.0,82,1,675.3,0,Regular Customers,675.3,-0.34347685844269144,-0.2132252863995984
13327.0,39,8,3627.77,0,Regular Customers,3627.77,0.6419055035464484,-0.3495240026069232
13328.0,316,1,1308.48,1,At-Risk / Inactive Customers,1308.48,-1.189940816435042,1.9328442052173809
13329.0,32,2,789.0,0,Regular Customers,789.0,-0.057379839865228426,-0.6434498500143913
13330.0,93,3,1140.93,0,Regular Customers,1140.93,-0.1771792257426657,-0.058464560861639564
13332.0,14,1,350.9,0,Regular Customers,350.9,-0.10736879508931897,-0.8431915751550093
13334.0,82,3,3502.32,0,Regular Customers,3502.32,0.030758847732134362,-0.05167451374627717
13336.0,77,1,795.12,0,Regular Customers,795.12,-0.3160128287930407,-0.25307674739718217
13338.0,158,1,487.02,1,At-Risk / Inactive Customers,487.02,-0.6460979761973991,0.4660501573793854
13339.0,201,1,860.12,1,At-Risk / Inactive Customers,860.12,-0.7835902545780667,0.8719746402373236
13340.0,45,7,10736.48,0,Regular Customers,10736.48,1.0312279205541652,0.007752349765331277
13341.0,261,1,775.85,1,At-Risk / Inactive Customers,775.85,-1.017974989372995,1.4111434020341735
13343.0,178,1,353.43,1,At-Risk / Inactive Customers,353.43,-0.7316450262263717,0.6410224151041385
13344.0,68,3,2511.69,0,Regular Customers,2511.69,0.014404383561565818,-0.2229740315983475
13345.0,288,1,389.5,1,At-Risk / Inactive Customers,389.5,-1.1479497610909497,1.6380796165085183
13347.0,70,1,341.36,0,Regular Customers,341.36,-0.32126789551510654,-0.33685528551054195
13348.0,64,1,233.76,0,Regular Customers,233.76,-0.305988490272845,-0.395996855162307
13349.0,11,1,247.32,0,Regular Customers,247.32,-0.10322964334728864,-0.8750039523778351
13350.0,16,2,979.12,0,Regular Customers,979.12,0.016911835103376488,-0.7796790004316236
13351.0,66,1,373.94,0,Regular Customers,373.94,-0.3037462671635248,-0.37158577131361065
13352.0,60,1,397.97999999999996,0,Regular Customers,397.97999999999996,-0.2792098808500546,-0.4247995944178944
13354.0,71,1,743.53,0,Regular Customers,743.53,-0.29679477640858537,-0.309696187877537
13355.0,122,1,674.7,0,Regular Customers,674.7,-0.49582493894759205,0.1487233210783761
13356.0,80,1,768.24,0,Regular Customers,768.24,-0.32932598350187364,-0.22713898134561436
13357.0,257,1,609.4,1,At-Risk / Inactive Customers,609.4,-1.0144492356993429,1.3674505993415182
13358.0,269,1,439.03,1,At-Risk / Inactive Customers,439.03,-1.0721214934007144,1.4683715293142037
13359.0,64,1,439.56,0,Regular Customers,439.56,-0.2915165463009919,-0.3867296853091343
13362.0,9,4,3090.7400000000002,0,Regular Customers,3090.7400000000002,0.36749383791475826,-0.7136884098196705
13363.0,18,2,992.5,0,Regular Customers,992.5,0.010237428010408197,-0.7609777180279337
13364.0,71,1,134.95999999999998,0,Regular Customers,134.95999999999998,-0.339589678949648,-0.33710008271497754
13365.0,34,2,2225.37,0,Regular Customers,2225.37,0.0360110181171548,-0.560671356583655
13366.0,50,1,56.160000000000004,0,Regular Customers,56.160000000000004,-0.265170337303298,-0.5306856484967633
13368.0,257,2,623.4,1,At-Risk / Inactive Customers,623.4,-0.925745524050454,1.3852060785680154
13369.0,366,1,308.28000000000003,1,At-Risk / Inactive Customers,308.28000000000003,-1.4506576682939065,2.3402747512035593
13370.0,372,1,754.87,1,At-Risk / Inactive Customers,754.87,-1.4420991518305386,2.4146810337247455
13372.0,90,1,378.64,0,Regular Customers,378.64,-0.3947992941035032,-0.1541887551287839
13373.0,61,3,3312.25,0,Regular Customers,3312.25,0.09735363541469373,-0.2502705653859955
13375.0,89,1,778.65,0,Regular Customers,778.65,-0.3628627727078806,-0.14522570352554964
13376.0,99,3,1019.76,0,Regular Customers,1019.76,-0.20854583517560188,-0.009624499700206481
13379.0,26,3,572.56,0,Regular Customers,572.56,0.037965115716386305,-0.6903674231644585
13381.0,32,6,3639.31,0,Regular Customers,3639.31,0.4939320803940253,-0.44660021011317014
13382.0,281,1,222.99,1,At-Risk / Inactive Customers,222.99,-1.1330052850243137,1.5672359401071305
13384.0,31,7,4151.93,0,Regular Customers,4151.93,0.6215066107906478,-0.41544127297040984
13385.0,330,1,534.57,1,At-Risk / Inactive Customers,534.57,-1.2976695593397591,2.0246865224245667
13388.0,131,2,677.1,0,Regular Customers,677.1,-0.44220576911316717,0.24740096826843494
13389.0,11,3,797.96,0,Regular Customers,797.96,0.11093004815966975,-0.8159585252559285
13390.0,75,1,544.08,0,Regular Customers,544.08,-0.32605077449089176,-0.2824798548120724
13391.0,204,1,59.8,1,At-Risk / Inactive Customers,59.8,-0.8512920407037613,0.863084418673547
13394.0,2,8,2520.02,0,Regular Customers,2520.02,0.7048909966542748,-0.7342334163419333
13395.0,185,1,307.72,1,At-Risk / Inactive Customers,307.72,-0.7615129034091723,0.7023098291817154
13396.0,29,2,1360.99,0,Regular Customers,1360.99,-0.005734316942124923,-0.6448413237498126
13397.0,73,5,1544.13,0,Regular Customers,1544.13,0.1027653660633825,-0.18704616670178972
13398.0,192,1,457.34,1,At-Risk / Inactive Customers,457.34,-0.7776450914956556,0.7723929492234332
13402.0,127,2,621.23,0,Regular Customers,621.23,-0.4309039825706739,0.20868758074761537
13403.0,18,1,75.0,0,Regular Customers,75.0,-0.14200078985115977,-0.819417784049093
13404.0,1,2,252.49,0,Regular Customers,252.49,0.022929610989209155,-0.9481399942398864
13405.0,74,3,572.451,0,Regular Customers,572.451,-0.1448096151083146,-0.2560015808732007
13408.0,2,62,28117.04,3,High-Value Loyal Customers,28117.04,7.241722570707321,1.3431530919475083
13410.0,24,5,1003.06,0,Regular Customers,1003.06,0.2512918054803799,-0.6548306790950499
13411.0,107,1,213.55,0,Regular Customers,213.55,-0.47113849597892365,-0.007783113679253658
13414.0,134,3,1390.5,0,Regular Customers,1390.5,-0.3157428921153973,0.3237985873121083
13416.0,44,2,712.5,0,Regular Customers,712.5,-0.1084511190406628,-0.5383019558331668
13417.0,5,2,640.83,0,Regular Customers,640.83,0.03500725696528746,-0.8944554893182685
13418.0,12,18,6127.43,3,High-Value Loyal Customers,6127.43,1.7976813944699965,-0.31004731527808344
13419.0,64,1,221.06,0,Regular Customers,221.06,-0.3068815597016232,-0.39656873590640457
13420.0,150,2,159.85,1,At-Risk / Inactive Customers,159.85,-0.5509243071363238,0.39604763328721043
13421.0,40,2,1833.71,0,Regular Customers,1833.71,-0.014376563740205878,-0.5240114546719044
13422.0,64,1,2626.3,0,Regular Customers,2626.3,-0.13774405475089374,-0.2882608271714923
13425.0,108,3,1624.21,0,Regular Customers,1624.21,-0.2003094776515813,0.09903838735007528
13426.0,1,10,3641.32,0,Regular Customers,3641.32,0.9629873905033899,-0.6585405715553546
13427.0,19,3,582.6,0,Regular Customers,582.6,0.06532466325158727,-0.7532610566232922
13428.0,10,1,201.78,0,Regular Customers,201.78,-0.10262438840773595,-0.8861040082968608
13429.0,11,4,1006.8,0,Regular Customers,1006.8,0.21333499189541913,-0.789429404755417
13430.0,19,2,679.45,0,Regular Customers,679.45,-0.015584029013045505,-0.7660249625833939
13431.0,67,2,1269.1,0,Regular Customers,1269.1,-0.15688665485768735,-0.30510228440565784
13434.0,74,2,534.24,0,Regular Customers,534.24,-0.23521585462650643,-0.27484728094185124
13435.0,5,7,3809.8900000000003,0,Regular Customers,3809.8900000000003,0.6964530391427317,-0.6661274838311996
13436.0,2,1,196.89,0,Regular Customers,196.89,-0.07250707764834466,-0.9587193299915051
13437.0,14,7,3408.06,0,Regular Customers,3408.06,0.6339273569194422,-0.6027773649045843
13439.0,255,1,283.71,1,At-Risk / Inactive Customers,283.71,-1.0297366013072953,1.3346860039308102
13441.0,92,1,296.64,0,Regular Customers,296.64,-0.40818086356787747,-0.13978243220320666
13447.0,23,3,1129.14,0,Regular Customers,1129.14,0.0885270008522874,-0.6924528088893716
13448.0,17,6,3534.69,0,Regular Customers,3534.69,0.5436898653660213,-0.5870521061548054
13449.0,24,1,291.88,0,Regular Customers,291.88,-0.14959557878028173,-0.7553553381992975
13450.0,27,6,2043.7199999999998,0,Regular Customers,2043.7199999999998,0.4007677455696399,-0.5636965488455977
13451.0,26,5,2898.2599999999998,0,Regular Customers,2898.2599999999998,0.3769477851955395,-0.5513910800096431
13452.0,259,2,590.0,1,At-Risk / Inactive Customers,590.0,-0.935709520740134,1.4018008585143127
13453.0,166,2,356.97999999999996,1,At-Risk / Inactive Customers,356.97999999999996,-0.5979843965699426,0.5497146434014357
13455.0,25,2,1058.34,0,Regular Customers,1058.34,-0.011786205488912155,-0.6946672096980663
13456.0,18,6,1766.72,0,Regular Customers,1766.72,0.4155578120183275,-0.6576143689939291
13458.0,7,14,9646.57,3,High-Value Loyal Customers,9646.57,1.7133101569450033,-0.2653277032056383
13460.0,29,2,183.44,0,Regular Customers,183.44,-0.08854013630099615,-0.697866376522424
13461.0,39,3,1445.0,0,Regular Customers,1445.0,0.04981605577133199,-0.5334393892675313
13462.0,253,1,151.5,1,At-Risk / Inactive Customers,151.5,-1.0314183706097366,1.3106338090215197
13464.0,58,1,674.68,0,Regular Customers,674.68,-0.25213692415866473,-0.4304385802666363
13466.0,184,1,307.9,1,At-Risk / Inactive Customers,307.9,-0.7576925985260184,0.6932685439414413
13467.0,11,2,1071.91,0,Regular Customers,1071.91,0.04247510359870656,-0.8207476217845585
13468.0,2,37,5704.97,3,High-Value Loyal Customers,5704.97,3.4727155863699233,-0.09418845626878138
13470.0,99,2,165.0,0,Regular Customers,165.0,-0.356372149418151,-0.06523938478556383
13471.0,1,4,2501.84,0,Regular Customers,2501.84,0.3565433158315743,-0.8126016900466344
13473.0,61,2,422.64,0,Regular Customers,422.64,-0.19356420065062233,-0.3975147049695469
13474.0,236,1,226.84,1,At-Risk / Inactive Customers,226.84,-0.9613904270991063,1.1601867268804336
13475.0,191,4,1431.78,1,At-Risk / Inactive Customers,1431.78,-0.44215672995932453,0.8585977506778047
13476.0,179,2,1238.47,1,At-Risk / Inactive Customers,1238.47,-0.5854970566464582,0.7070501986160074
13477.0,38,6,1454.58,0,Regular Customers,1454.58,0.3174550496658641,-0.4906822141714306
13479.0,201,2,300.95,1,At-Risk / Inactive Customers,300.95,-0.7351921023380558,0.8639202859130777
13481.0,46,5,1804.56,0,Regular Customers,1804.56,0.22388538955521622,-0.41965255623887243
13482.0,232,1,184.64,1,At-Risk / Inactive Customers,184.64,-0.949127360313196,1.1220888991841662
13483.0,66,1,140.34,0,Regular Customers,140.34,-0.32017311901884504,-0.382104774606619
13484.0,241,1,313.8,1,At-Risk / Inactive Customers,313.8,-0.9743135987579903,1.2093494871114432
13485.0,233,1,454.24,1,At-Risk / Inactive Customers,454.24,-0.933976620275424,1.1432783723884294
13486.0,78,3,1122.41,0,Regular Customers,1122.41,-0.12136685196611896,-0.1950393756381721
13487.0,58,3,575.4,0,Regular Customers,575.4,-0.0836798848683575,-0.4006590376489762
13488.0,17,13,8968.31,3,High-Value Loyal Customers,8968.31,1.5398189260875403,-0.22250089048096283
13489.0,105,4,449.52,0,Regular Customers,449.52,-0.18377201330486795,0.036119007918488384
13491.0,52,10,1215.82,0,Regular Customers,1215.82,0.5982351861755242,-0.30624186521302915
13492.0,136,3,1269.84,0,Regular Customers,1269.84,-0.33184304930548514,0.33646405121667655
13493.0,275,2,618.63,1,At-Risk / Inactive Customers,618.63,-0.994618602201242,1.5478803170237778
13494.0,312,1,316.26000000000005,1,At-Risk / Inactive Customers,316.26000000000005,-1.2444835621473822,1.8519669960638199
13495.0,8,5,2044.8700000000001,0,Regular Customers,2044.8700000000001,0.38547468531481394,-0.7527082459736594
13496.0,11,2,653.33,0,Regular Customers,653.33,0.01304037907130956,-0.8395962707502582
13497.0,283,2,348.05,1,At-Risk / Inactive Customers,348.05,-1.0441070811138229,1.6080912301690857
13499.0,18,5,1159.11,0,Regular Customers,1159.11,0.28511119142322,-0.7021000945593078
13500.0,23,3,1166.77,0,Regular Customers,1166.77,0.0911731585377142,-0.6907583307476083
13501.0,288,1,1340.32,1,At-Risk / Inactive Customers,1340.32,-1.081087692250729,1.6808950219496923
13502.0,17,3,292.0,0,Regular Customers,292.0,0.05250484144330612,-0.7844455500410566
13503.0,71,1,216.85,0,Regular Customers,216.85,-0.33383113914471574,-0.3334125776650441
13504.0,64,1,295.93,0,Regular Customers,295.93,-0.30161666929748004,-0.3931973413150196
13505.0,73,4,4393.63,0,Regular Customers,4393.63,0.2154241984543456,-0.07585829862721877
13506.0,316,2,458.52,1,At-Risk / Inactive Customers,458.52,-1.1619911412969512,1.9116955830524929
13507.0,3,4,2479.16,0,Regular Customers,2479.16,0.3473331541242959,-0.795524188716343
13508.0,244,1,110.97,1,At-Risk / Inactive Customers,110.97,-0.9999996326789106,1.227364228208367
13509.0,9,7,979.72,0,Regular Customers,979.72,0.482203686125374,-0.757372419357272
13510.0,1,4,1791.56,0,Regular Customers,1791.56,0.30659612261326585,-0.8445855841346396
13512.0,261,1,251.21,1,At-Risk / Inactive Customers,251.21,-1.0548678984371012,1.3875188734055608
13513.0,127,1,205.1,0,Regular Customers,205.1,-0.5478856477151961,0.17282419572395438
13514.0,74,1,152.20000000000002,0,Regular Customers,152.20000000000002,-0.34980029639882027,-0.30917559395241867
13515.0,73,4,891.12,0,Regular Customers,891.12,-0.030873801938538017,-0.2335762533523678
13516.0,21,3,1389.41,0,Regular Customers,1389.41,0.1144445929204628,-0.6988316373070523
13517.0,60,3,2128.42,0,Regular Customers,2128.42,0.01791385097756639,-0.31262779706871335
13518.0,86,1,627.16,0,Regular Customers,627.16,-0.362092672645595,-0.17919546708299888
13519.0,78,1,122.75,0,Regular Customers,122.75,-0.3671018218124433,-0.27430416431241883
13520.0,59,6,3624.35,0,Regular Customers,3624.35,0.3900736122314957,-0.20294031142225716
13521.0,1,3,1071.73,0,Regular Customers,1071.73,0.16825814364827812,-0.8941245740388085
13522.0,30,1,125.80000000000001,0,Regular Customers,125.80000000000001,-0.1841202786105742,-0.7085375734329372
13523.0,33,5,3964.88,0,Regular Customers,3964.88,0.4252994290924835,-0.4400154684452854
13524.0,41,5,680.1800000000001,0,Regular Customers,680.1800000000001,0.16385674335559722,-0.5155303181660837
13525.0,15,2,628.78,0,Regular Customers,628.78,-0.003916576247745478,-0.8045041942089923
13527.0,34,7,2242.36,0,Regular Customers,2242.36,0.47580189050179433,-0.4742809996830285
13529.0,79,2,307.76,0,Regular Customers,307.76,-0.270180261069344,-0.23979871759509055
13531.0,205,2,483.8,1,At-Risk / Inactive Customers,483.8,-0.7375646010013172,0.9083515802752765
13532.0,34,1,210.31,0,Regular Customers,210.31,-0.19340808811053156,-0.6685345272892077
13533.0,183,3,269.09,1,At-Risk / Inactive Customers,269.09,-0.5811756357808224,0.7167216588039962
13534.0,2,25,5870.08,3,High-Value Loyal Customers,5870.08,2.4316954841754037,-0.2922542703988453
13536.0,1,7,3444.39,0,Regular Customers,3444.39,0.6859815117299047,-0.7187835040130388
13538.0,43,7,1280.85,0,Regular Customers,1280.85,0.3739192714361006,-0.4361332598789771
13539.0,86,3,631.34,0,Regular Customers,631.34,-0.18636028192998205,-0.1447571227500364
13544.0,40,2,276.06,0,Regular Customers,276.06,-0.1239111775777039,-0.5941524027855796
13546.0,12,3,621.09,0,Regular Customers,621.09,0.09468482694810613,-0.8148735871553876
13548.0,96,2,678.16,0,Regular Customers,678.16,-0.3088635772426866,-0.06927997223557289
13549.0,26,7,918.2,0,Regular Customers,918.2,0.4131475709222801,-0.6063030228946558
13551.0,319,1,91.80000000000001,1,At-Risk / Inactive Customers,91.80000000000001,-1.286921215739166,1.9052053012431722
13552.0,66,12,3740.07,0,Regular Customers,3740.07,0.8978729156404769,-0.03163335064589556
13555.0,74,4,4098.88,0,Regular Customers,4098.88,0.19088960525346194,-0.0800814945514202
13557.0,28,2,584.06,0,Regular Customers,584.06,-0.056560719444621294,-0.6888758566314811
13558.0,6,4,594.52,0,Regular Customers,594.52,0.20338152209209093,-0.8532413180312959
13560.0,7,1,171.42000000000002,0,Regular Customers,171.42000000000002,-0.09333637496687613,-0.9146192903950543
13561.0,216,1,141.85999999999999,1,At-Risk / Inactive Customers,141.85999999999999,-0.8912133129006873,0.9753722664598208
13562.0,82,3,1799.33,0,Regular Customers,1799.33,-0.08899613703281331,-0.12836011913138143
13563.0,84,2,777.53,0,Regular Customers,777.53,-0.256184069891177,-0.17339803077762317
13564.0,144,3,1724.67,0,Regular Customers,1724.67,-0.33032038693224464,0.4293401620451232
13565.0,19,2,240.22,0,Regular Customers,240.22,-0.04647087036755021,-0.7858034806330004
13566.0,41,2,856.84,0,Regular Customers,856.84,-0.0868781269220443,-0.5589505004515292
13568.0,173,1,187.05,1,At-Risk / Inactive Customers,187.05,-0.7243067029165867,0.5882833738734256
13569.0,17,2,338.62,0,Regular Customers,338.62,-0.031936045892785266,-0.7994713118890342
13570.0,243,1,239.49,1,At-Risk / Inactive Customers,239.49,-0.9871544041351753,1.2241020905820683
13571.0,13,12,2088.94,0,Regular Customers,2088.94,0.9835700501729127,-0.5856014050182651
13572.0,206,1,1384.25,1,At-Risk / Inactive Customers,1384.25,-0.7657714449630195,0.9408231567594482
13573.0,50,2,290.25,0,Regular Customers,290.25,-0.16098980277411185,-0.503019521005034
13575.0,23,5,732.0699999999999,0,Regular Customers,732.0699999999999,0.23604332004843448,-0.6760827439713046
13576.0,10,18,6717.34,3,High-Value Loyal Customers,6717.34,1.8467794122470236,-0.301582461137942
13577.0,25,4,1687.6000000000001,0,Regular Customers,1687.6000000000001,0.20790207802517496,-0.6320815255603364
13579.0,15,2,467.04,0,Regular Customers,467.04,-0.015290202185585777,-0.8117873431499648
13581.0,309,1,118.0,1,At-Risk / Inactive Customers,118.0,-1.2470023484775337,1.8158911803487765
13583.0,156,1,781.03,1,At-Risk / Inactive Customers,781.03,-0.6178077729066273,0.46119064048185054
13584.0,307,1,142.4,1,At-Risk / Inactive Customers,142.4,-1.2376712356350192,1.7988911305838275
13587.0,64,1,712.4,0,Regular Customers,712.4,-0.2723303208720297,-0.3744437056068038
13588.0,16,9,2478.95,0,Regular Customers,2478.95,0.7364151014758369,-0.5922662691927274
13589.0,15,2,379.65,0,Regular Customers,379.65,-0.02143550434156366,-0.8157225130890745
13590.0,11,6,1981.92,0,Regular Customers,1981.92,0.4573442984518053,-0.7112696517866943
13591.0,65,3,1117.13,0,Regular Customers,1117.13,-0.07223873014238537,-0.3129192122081937
13592.0,36,4,247.95999999999998,0,Regular Customers,247.95999999999998,0.06478185856425077,-0.5973651887487703
13593.0,108,5,2011.88,0,Regular Customers,2011.88,0.0023900937917575075,0.1507452786557937
13594.0,53,1,396.97,0,Regular Customers,396.97,-0.2526273740383181,-0.4881908091540729
13596.0,6,2,664.11,0,Regular Customers,664.11,0.032836669310411896,-0.8843578007507086
13598.0,47,1,160.04,0,Regular Customers,160.04,-0.24644250967982617,-0.5531561060998651
13599.0,1,21,5149.92,3,High-Value Loyal Customers,5149.92,2.0339842696823363,-0.40223268935879475
13600.0,312,1,219.52,1,At-Risk / Inactive Customers,219.52,-1.2512863603001376,1.847610795813111
13601.0,45,2,693.32,0,Regular Customers,693.32,-0.1136075120456107,-0.5301162402100466
13602.0,65,1,428.89,0,Regular Customers,428.89,-0.29607451246823097,-0.37816076455748887
13603.0,26,1,164.34,0,Regular Customers,164.34,-0.16617954051131395,-0.7429996805560987
13606.0,29,3,276.75,0,Regular Customers,276.75,0.0057406884499709085,-0.676539569594007
13607.0,40,1,675.51,0,Regular Customers,675.51,-0.18354090849208027,-0.5932902368430086
13610.0,12,7,1082.33,0,Regular Customers,1082.33,0.4779963235687046,-0.7256037212149008
13611.0,89,3,1154.4,0,Regular Customers,1154.4,-0.1610014207598989,-0.09405556957964574
13614.0,24,4,1585.46,0,Regular Customers,1585.46,0.20452719677033065,-0.6457302783388836
13615.0,319,1,417.69,1,At-Risk / Inactive Customers,417.69,-1.2640044916333,1.9198801213765562
13617.0,40,3,544.18,0,Regular Customers,544.18,-0.017337638901957175,-0.5649539050795478
13618.0,174,1,177.34,1,At-Risk / Inactive Customers,177.34,-0.7287971614734615,0.5968955234057269
13621.0,117,1,213.85,0,Regular Customers,213.85,-0.5091938719127905,0.08272430168117254
13623.0,31,5,727.74,0,Regular Customers,727.74,0.20527765494783579,-0.6038825986908791
13626.0,253,1,257.23,1,At-Risk / Inactive Customers,257.23,-1.0239833918140901,1.3153948287910822
13627.0,59,5,1638.47,0,Regular Customers,1638.47,0.16270645607717513,-0.30948950731578084
13629.0,23,11,7792.36,0,Regular Customers,7792.36,1.258841284846528,-0.2554076704831199
13630.0,5,7,2031.78,0,Regular Customers,2031.78,0.5714155838667753,-0.7461957413026514
13631.0,100,11,3070.42,0,Regular Customers,3070.42,0.6336036107144153,0.22876654548482087
13632.0,25,5,2118.93,0,Regular Customers,2118.93,0.3259526136671324,-0.5955336848429521
13634.0,33,5,1547.3600000000001,0,Regular Customers,1547.3600000000001,0.25529838929251036,-0.5488763453327581
13635.0,68,1,1071.03,0,Regular Customers,1071.03,-0.26234189479587244,-0.32209704138653555
13636.0,37,5,949.12,0,Regular Customers,949.12,0.19799930794229662,-0.5396175179317576
13637.0,52,3,804.3,0,Regular Customers,804.3,-0.04473765578484924,-0.4446480190811465
13638.0,16,1,122.64,0,Regular Customers,122.64,-0.13103543027440875,-0.8353713370823234
13639.0,74,1,1033.34,0,Regular Customers,1033.34,-0.28783815494421044,-0.26949787750720716
13642.0,216,1,312.28,1,At-Risk / Inactive Customers,312.28,-0.8792293056524695,0.9830462756258931
13643.0,31,3,519.44,0,Regular Customers,519.44,0.015191458578507228,-0.6475124625108659
13644.0,16,4,2624.26,0,Regular Customers,2624.26,0.308037234468417,-0.6713482603636654
13645.0,120,1,252.1,0,Regular Customers,252.1,-0.5179270571809685,0.11159487032038434
13647.0,10,4,1648.1200000000001,0,Regular Customers,1648.1200000000001,0.2622405356421005,-0.7696001687145292
13649.0,257,2,346.6,1,At-Risk / Inactive Customers,346.6,-0.945210218372169,1.372741780145478
13650.0,17,6,1836.34,0,Regular Customers,1836.34,0.42426116738450115,-0.6635287724334048
13651.0,35,2,94.2,0,Regular Customers,94.2,-0.11766141448504375,-0.6475885081043739
13652.0,46,3,1095.08,0,Regular Customers,1095.08,-0.0014439986499401928,-0.485850545360186
13654.0,43,6,2707.33,0,Regular Customers,2707.33,0.3865107291388883,-0.3890239537308479
13655.0,114,2,932.97,0,Regular Customers,932.97,-0.3594828788326697,0.10508314838970648
13656.0,165,2,379.65,1,At-Risk / Inactive Customers,379.65,-0.5925825852731494,0.5416860824079928
13657.0,11,2,382.14,0,Regular Customers,382.14,-0.006029817652338942,-0.851807950985836
13658.0,10,5,2639.17,0,Regular Customers,2639.17,0.41965082094356054,-0.7078481476753871
13659.0,206,2,1563.0,1,At-Risk / Inactive Customers,1563.0,-0.6654824428896271,0.965997325166267
13662.0,86,3,881.26,0,Regular Customers,881.26,-0.16878580069846824,-0.13350323018587265
13663.0,179,1,189.47,1,At-Risk / Inactive Customers,189.47,-0.7469824107193901,0.6426886902445457
13666.0,60,3,84.65,0,Regular Customers,84.65,-0.12580492905816903,-0.4046587189871712
13667.0,149,1,299.05,1,At-Risk / Inactive Customers,299.05,-0.6250472820916946,0.37614135633711787
13668.0,3,21,6309.83,3,High-Value Loyal Customers,6309.83,2.107934342288342,-0.33190318415744685
13669.0,51,2,218.55,0,Regular Customers,218.55,-0.16983942462940832,-0.4971987799236468
13670.0,75,1,349.7,0,Regular Customers,349.7,-0.33971965918111924,-0.29123278229535565
13672.0,301,2,186.39000000000001,1,At-Risk / Inactive Customers,186.39000000000001,-1.124012731129256,1.7637007150861492
13673.0,19,2,387.44,0,Regular Customers,387.44,-0.036118297036470404,-0.7791741669994529
13675.0,151,2,486.82000000000005,1,At-Risk / Inactive Customers,486.82000000000005,-0.5317392841750084,0.4198204764354798
13678.0,152,1,232.6,1,At-Risk / Inactive Customers,232.6,-0.6411430161152322,0.40029728608601284
13680.0,1,4,3719.12,0,Regular Customers,3719.12,0.4421429657735443,-0.7577875961745743
13681.0,18,4,827.83,0,Regular Customers,827.83,0.1740962145489201,-0.7341426857926787
13682.0,187,1,59.5,1,At-Risk / Inactive Customers,59.5,-0.7865831343264205,0.7092312688565912
13684.0,286,1,65.13,1,At-Risk / Inactive Customers,65.13,-1.1631443037346512,1.6053744606712124
13685.0,3,7,3119.44,0,Regular Customers,3119.44,0.6555155944134328,-0.7153172146920694
13686.0,183,1,72.0,1,At-Risk / Inactive Customers,72.0,-0.7704735401582926,0.6735965810581304
13689.0,63,1,910.0,0,Regular Customers,910.0,-0.25462735719916124,-0.37459517222505
13690.0,59,1,172.25,0,Regular Customers,172.25,-0.29127566373503166,-0.44401360240612875
13692.0,25,3,1488.32,0,Regular Customers,1488.32,0.1061693975759704,-0.65818015945348
13694.0,4,50,65039.62,3,High-Value Loyal Customers,65039.62,8.777888176953022,2.8183741925353325
13695.0,31,15,2504.13,3,High-Value Loyal Customers,2504.13,1.2073864157326477,-0.3526411976988267
13697.0,39,1,151.29999999999998,0,Regular Customers,151.29999999999998,-0.21659593256616683,-0.6259447932169329
13699.0,155,1,308.58000000000004,1,At-Risk / Inactive Customers,308.58000000000004,-0.6472230116552371,0.43086683586497304
13700.0,26,10,2248.63,0,Regular Customers,2248.63,0.7698616542248983,-0.4950186082767618
13703.0,318,1,99.5,1,At-Risk / Inactive Customers,99.5,-1.2825721012414915,1.8965026414513717
13704.0,5,9,2308.06,0,Regular Customers,2308.06,0.7662821628950279,-0.6995047394524475
13705.0,8,3,711.86,0,Regular Customers,711.86,0.11629840097375072,-0.8469837784309727
13706.0,303,1,330.79,1,At-Risk / Inactive Customers,330.79,-1.209192981480452,1.7711767659412194
13707.0,267,2,806.41,1,At-Risk / Inactive Customers,806.41,-0.9509526546825847,1.4839409215468728
13708.0,271,1,285.33,1,At-Risk / Inactive Customers,285.33,-1.0905450375141745,1.4795492026845214
13709.0,4,13,6307.650000000001,3,High-Value Loyal Customers,6307.650000000001,1.402219591234989,-0.45995243494562743
13710.0,32,1,180.48,0,Regular Customers,180.48,-0.18789045204932706,-0.6879765528614336
13711.0,219,2,252.06,1,At-Risk / Inactive Customers,252.06,-0.8071677177485044,1.0246078016578488
13712.0,247,1,228.84,1,At-Risk / Inactive Customers,228.84,-1.0031339055124968,1.2598200838432523
13715.0,281,5,1077.39,1,At-Risk / Inactive Customers,1077.39,-0.7220466091424239,1.6742097929255246
13716.0,269,1,138.28,1,At-Risk / Inactive Customers,138.28,-1.0932703619601645,1.4548287628742538
13717.0,32,6,1445.01,0,Regular Customers,1445.01,0.3396279664123081,-0.5454094948984796
13718.0,246,2,306.55,1,At-Risk / Inactive Customers,306.55,-0.9061424322237396,1.271395032449359
13719.0,15,5,1041.68,0,Regular Customers,1041.68,0.28827640524489007,-0.734536137003059
13720.0,117,4,799.9,0,Regular Customers,799.9,-0.20482490840496373,0.16048929989816937
13721.0,36,1,524.14,0,Regular Customers,524.14,-0.1789547227722886,-0.636303987439523
13722.0,132,3,2375.41,0,Regular Customers,2375.41,-0.23886830549054708,0.3500502834930816
13723.0,217,1,199.85000000000002,1,At-Risk / Inactive Customers,199.85000000000002,-0.8909430785183274,0.9870329456279812
13725.0,50,8,1980.56,0,Regular Customers,1980.56,0.48418887295706187,-0.32415453871286465
13726.0,39,2,1079.6599999999999,0,Regular Customers,1079.6599999999999,-0.06359403486235238,-0.5670157016146002
13727.0,29,2,333.48,0,Regular Customers,333.48,-0.07798925936447114,-0.6911100783456989
13728.0,37,6,1016.14,0,Regular Customers,1016.14,0.29043140865526557,-0.5194745491736025
13730.0,136,2,752.6,0,Regular Customers,752.6,-0.45593481287077536,0.2960476849303611
13731.0,219,2,610.59,1,At-Risk / Inactive Customers,610.59,-0.7819557348902512,1.0407524003335435
13732.0,28,1,491.86,0,Regular Customers,491.86,-0.1507634885211046,-0.7101526802822645
13735.0,25,4,2883.54,0,Regular Customers,2883.54,0.2920010900450879,-0.5782283714582795
13736.0,5,2,729.8,0,Regular Customers,729.8,0.04126366539665664,-0.8904491720109956
13737.0,200,1,339.59999999999997,1,At-Risk / Inactive Customers,339.59999999999997,-0.8163857962748154,0.8394862444890466
13739.0,18,1,216.9,0,Regular Customers,216.9,-0.1320223211941823,-0.8130280299083487
13740.0,241,1,350.75,1,At-Risk / Inactive Customers,350.75,-0.9717152589632383,1.2110133448669085
13741.0,72,3,668.4300000000001,0,Regular Customers,668.4300000000001,-0.13044503638843719,-0.26977842971045185
13742.0,17,12,3107.87,0,Regular Customers,3107.87,1.0399910545027853,-0.5035214451029051
13743.0,3,7,1341.6,0,Regular Customers,1341.6,0.5304971256528912,-0.7953733140689617
13744.0,95,2,1080.52,0,Regular Customers,1080.52,-0.2767618028425263,-0.06021110017969065
13745.0,162,1,300.04,1,At-Risk / Inactive Customers,300.04,-0.6744770785492438,0.4938280142935821
13747.0,374,1,79.6,1,At-Risk / Inactive Customers,79.6,-1.497199721295794,2.4023724205045904
13748.0,96,5,948.25,0,Regular Customers,948.25,-0.026713055996019752,-0.005742646452047533
13750.0,54,5,1647.26,0,Regular Customers,1647.26,0.18236280866562637,-0.35434064697613304
13751.0,288,1,296.25,1,At-Risk / Inactive Customers,296.25,-1.15450714095186,1.6338805708874864
13752.0,124,6,1175.38,0,Regular Customers,1175.38,-0.02963607341587097,0.2749930102060435
13753.0,288,1,741.26,1,At-Risk / Inactive Customers,741.26,-1.12321384752662,1.6539193622206272
13754.0,152,2,282.59999999999997,1,At-Risk / Inactive Customers,282.59999999999997,-0.5499077690776809,0.4196738445871175
13755.0,4,9,2108.06,0,Regular Customers,2108.06,0.7560257246086698,-0.7175601260591361
13756.0,2,14,5189.52,3,High-Value Loyal Customers,5189.52,1.41892673175279,-0.5112755280802396
13758.0,12,7,3190.55,0,Regular Customers,3190.55,0.6262472551544203,-0.6306706170950971
13759.0,33,2,659.4100000000001,0,Regular Customers,659.4100000000001,-0.07030031126634889,-0.6402358944665324
13760.0,54,2,286.79,0,Regular Customers,286.79,-0.17646370027797562,-0.4669777621887273
13761.0,50,2,1070.65,0,Regular Customers,1070.65,-0.10611174118210885,-0.4678781247299324
13762.0,219,1,306.72,1,At-Risk / Inactive Customers,306.72,-0.8910432288477945,1.009944080847867
13763.0,63,1,1714.96,0,Regular Customers,1714.96,-0.19802222590867086,-0.33834783964482723
13764.0,71,3,1519.42,0,Regular Customers,1519.42,-0.06679540861562151,-0.24050775779437117
13767.0,2,37,17220.36,3,High-Value Loyal Customers,17220.36,4.282482733571276,0.4243493233984955
13769.0,2,10,2796.51,0,Regular Customers,2796.51,0.8997723429722947,-0.6875329581959609
13771.0,64,4,2634.45,0,Regular Customers,2634.45,0.12598673372615588,-0.23651865430993027
13772.0,34,3,1122.63,0,Regular Customers,1122.63,0.04618509560118804,-0.5932026570550781
13774.0,82,1,345.0,0,Regular Customers,345.0,-0.3667036956336686,-0.2280986887441218
13777.0,1,33,25977.16,3,High-Value Loyal Customers,25977.16,4.5511953973264765,0.7411182222797652
13778.0,103,1,178.7,0,Regular Customers,178.7,-0.4583585740511615,-0.04554997102362184
13780.0,7,2,360.01,0,Regular Customers,360.01,0.007644580112750633,-0.8890020269865094
13781.0,251,1,127.84,1,At-Risk / Inactive Customers,127.84,-1.0254668575110863,1.2914696184249697
13782.0,13,6,908.86,0,Regular Customers,908.86,0.3742709661461055,-0.7414907406914634
13784.0,10,11,2462.79,0,Regular Customers,2462.79,0.9335630579341191,-0.6130401784698009
13786.0,367,1,230.39999999999998,1,At-Risk / Inactive Customers,230.39999999999998,-1.4599418703909233,2.345817207009472
13787.0,76,2,309.04,0,Regular Customers,309.04,-0.25866730930355986,-0.2668892511308237
13790.0,4,1,348.8,0,Regular Customers,348.8,-0.06943999592488521,-0.933780044479166
13791.0,128,2,1516.0,0,Regular Customers,1516.0,-0.3717910208959561,0.2580284464548323
13792.0,66,2,195.55,0,Regular Customers,195.55,-0.2285715025542123,-0.36249360991049484
13798.0,1,57,37153.85,3,High-Value Loyal Customers,37153.85,7.442406431691984,1.6554057759780403
13799.0,117,2,688.86,0,Regular Customers,688.86,-0.38807173999925615,0.12123905191841375
13800.0,310,1,558.32,1,At-Risk / Inactive Customers,558.32,-1.2198465050633052,1.844768171713067
13801.0,67,1,324.8,0,Regular Customers,324.8,-0.3110094601752595,-0.3647491538868027
13802.0,139,3,4599.42,0,Regular Customers,4599.42,-0.10912850205238277,0.5135431434362706
13803.0,255,1,277.07,1,At-Risk / Inactive Customers,277.07,-1.0302035289456486,1.3343870048646047
13804.0,31,7,2588.39,0,Regular Customers,2588.39,0.5115578096353937,-0.4858474476654027
13805.0,52,2,924.6,0,Regular Customers,924.6,-0.12399733402547831,-0.4563559720137609
13806.0,64,1,256.38,0,Regular Customers,256.38,-0.3043978422036355,-0.3949782770180953
13807.0,367,1,112.6,1,At-Risk / Inactive Customers,112.6,-1.4682256167460463,2.3405126753831174
13808.0,6,5,1747.66,0,Regular Customers,1747.66,0.3721900454810033,-0.7841903875582337
13809.0,305,1,155.05,1,At-Risk / Inactive Customers,155.05,-1.229166387815193,1.7813619785556383
13810.0,29,3,1499.01,0,Regular Customers,1499.01,0.09169053412070587,-0.6215012264222928
13811.0,184,3,814.5,1,At-Risk / Inactive Customers,814.5,-0.5466298186445236,0.7503308507507448
13812.0,42,3,539.0,0,Regular Customers,539.0,-0.025317193128635885,-0.5470883791018776
13813.0,40,4,1366.8600000000001,0,Regular Customers,1366.8600000000001,0.12823279602758397,-0.510783581747785
13814.0,92,2,1579.12,0,Regular Customers,1579.12,-0.23027709609092092,-0.06490732413631872
13815.0,22,4,4027.36,0,Regular Customers,4027.36,0.3838579430042691,-0.553870351815957
13816.0,24,2,571.6700000000001,0,Regular Customers,571.6700000000001,-0.04220140071604361,-0.7256313406284136
13817.0,29,2,382.98,0,Regular Customers,382.98,-0.07450839820506037,-0.6888810943431136
13819.0,302,3,1140.35,1,At-Risk / Inactive Customers,1140.35,-0.9730182776886036,1.8328319648092943
13821.0,145,2,385.64,1,At-Risk / Inactive Customers,385.64,-0.5160084217884355,0.3609679992543531
13822.0,6,2,632.0,0,Regular Customers,632.0,0.030578680384579976,-0.8858037134036987
13823.0,19,2,957.66,0,Regular Customers,957.66,0.003979817111392144,-0.7534971718892678
13824.0,33,5,1698.94,0,Regular Customers,1698.94,0.26595755968732815,-0.5420507009870638
13826.0,176,1,189.5,1,At-Risk / Inactive Customers,189.5,-0.7355573594879345,0.6155418692339999
13827.0,58,3,409.8,0,Regular Customers,409.8,-0.09532494765620436,-0.40811600231217054
13828.0,22,1,209.49,0,Regular Customers,209.49,-0.14777398438652425,-0.7771641395124502
13831.0,16,6,2198.45,0,Regular Customers,2198.45,0.45353254457928194,-0.6562723570664933
13832.0,19,1,52.199999999999996,0,Regular Customers,52.199999999999996,-0.14741174280352318,-0.8113950769530307
13833.0,159,1,383.85,1,At-Risk / Inactive Customers,383.85,-0.6571605819049512,0.4704538049948866
13835.0,25,4,834.57,0,Regular Customers,834.57,0.14791664378654568,-0.6704934492719585
13837.0,212,2,266.59000000000003,1,At-Risk / Inactive Customers,266.59000000000003,-0.7794924314939953,0.9619163528085426
13838.0,6,4,674.82,0,Regular Customers,674.82,0.20902825241735726,-0.8496254106493243
13841.0,253,1,85.0,1,At-Risk / Inactive Customers,85.0,-1.0360946790360157,1.307639315361481
13842.0,59,9,3385.62,0,Regular Customers,3385.62,0.6364436935765186,-0.16231513998611422
13844.0,11,1,361.62,0,Regular Customers,361.62,-0.09519201848828565,-0.8698570256809565
13845.0,65,1,312.98,0,Regular Customers,312.98,-0.30422535321544913,-0.3833801895219264
13846.0,25,3,865.0600000000001,0,Regular Customers,865.0600000000001,0.062341487955478614,-0.68624554469492
13848.0,92,3,1255.0,0,Regular Customers,1255.0,-0.16535012737576857,-0.06237738169677355
13849.0,52,2,1537.95,0,Regular Customers,1537.95,-0.08086629984114332,-0.42873683387263634
13850.0,129,1,1595.48,0,Regular Customers,1595.48,-0.4577288261918291,0.2535317603813796
13851.0,96,3,2651.46,0,Regular Customers,2651.46,-0.08238105206584857,0.03670274651143519
13853.0,57,1,1090.14,0,Regular Customers,1090.14,-0.21911395215874124,-0.4207798154747164
13854.0,9,25,8109.5199999999995,3,High-Value Loyal Customers,8109.5199999999995,2.5625203318093197,-0.12806659786656757
13856.0,169,3,388.5,1,At-Risk / Inactive Customers,388.5,-0.5194716126505364,0.5954072197848498
13858.0,57,1,216.17,0,Regular Customers,216.17,-0.2805718961484424,-0.4601346669644019
13859.0,326,1,201.16,1,At-Risk / Inactive Customers,201.16,-1.3058845042353036,1.9734755142961207
13860.0,1,5,1245.9,0,Regular Customers,1245.9,0.3559443038282999,-0.8520315834311092
13862.0,18,8,2209.36,0,Regular Customers,2209.36,0.6221228973592987,-0.6034321796958448
13863.0,248,1,305.78,1,At-Risk / Inactive Customers,305.78,-1.0015310990297162,1.2723340811295742
13865.0,58,4,501.56,0,Regular Customers,501.56,-0.0011531195678046989,-0.38685899185252126
13866.0,74,1,145.67000000000002,0,Regular Customers,145.67000000000002,-0.3502594887901526,-0.3094696397208405
13867.0,31,3,1005.09,0,Regular Customers,1005.09,0.04934257417583712,-0.6256436527966128
13868.0,7,2,3192.54,0,Regular Customers,3192.54,0.2068293005140784,-0.7614532581614022
13869.0,123,4,3083.65,0,Regular Customers,3083.65,-0.06707651542395857,0.3176228602009626
13870.0,2,8,2770.94,0,Regular Customers,2770.94,0.7225357983132514,-0.7229344937979193
13871.0,23,13,6403.25,3,High-Value Loyal Customers,6403.25,1.336596927182436,-0.28370914677565257
13873.0,120,3,389.6,0,Regular Customers,389.6,-0.33281954707600925,0.15203661156697643
13874.0,358,1,540.45,1,At-Risk / Inactive Customers,540.45,-1.4038701970001737,2.2783342365322046
13875.0,54,5,1786.79,0,Regular Customers,1786.79,0.1921746179095169,-0.3480576138876336
13876.0,64,1,122.7,0,Regular Customers,122.7,-0.31379827694686846,-0.40099788472447095
13877.0,86,1,117.24,0,Regular Customers,117.24,-0.39795046501744813,-0.20215715440821652
13878.0,55,1,1271.57,0,Regular Customers,1271.57,-0.1987404225917364,-0.43070880750378754
13880.0,21,13,3219.77,0,Regular Customers,3219.77,1.1203485471754444,-0.4451599683024842
13881.0,4,20,17159.52,3,High-Value Loyal Customers,17159.52,2.7793623080570597,0.14858246905160008
13882.0,3,5,1191.13,0,Regular Customers,1191.13,0.3444775596037389,-0.836399094154211
13883.0,11,5,2674.48,0,Regular Customers,2674.48,0.418326188031063,-0.6972087484502292
13884.0,7,5,787.6,0,Regular Customers,787.6,0.3008705686848153,-0.8183724793765765
13885.0,189,2,506.8,1,At-Risk / Inactive Customers,506.8,-0.6750248758703026,0.7645970196254774
13886.0,71,1,243.56,0,Regular Customers,243.56,-0.33195288052718314,-0.3322098269032451
13887.0,204,1,349.55,1,At-Risk / Inactive Customers,349.55,-0.8309166968464025,0.8761318553351446
13888.0,120,2,595.67,0,Regular Customers,595.67,-0.40604784225315027,0.14419088000611432
13889.0,93,1,416.90000000000003,0,Regular Customers,416.90000000000003,-0.4035317761674065,-0.12531773618977363
13890.0,1,10,1883.8100000000002,0,Regular Customers,1883.8100000000002,0.839398536033168,-0.7376812114418921
13892.0,27,4,632.97,0,Regular Customers,632.97,0.12612475119761524,-0.6614727119364661
13893.0,298,1,821.1,1,At-Risk / Inactive Customers,821.1,-1.1556759366600922,1.7480084621783387
13894.0,24,3,564.62,0,Regular Customers,564.62,0.04502206593475246,-0.7088237424777634
13895.0,28,4,2593.07,0,Regular Customers,2593.07,0.26015217386132405,-0.5641600577954279
13897.0,50,1,311.16,0,Regular Customers,311.16,-0.24723862830027296,-0.5192030036349605
13898.0,326,1,155.93,1,At-Risk / Inactive Customers,155.93,-1.309065097169448,1.9714388083074958
13899.0,16,2,388.52,0,Regular Customers,388.52,-0.02461940935617881,-0.806273706531156
13900.0,183,3,740.95,1,At-Risk / Inactive Customers,740.95,-0.5479942388782052,0.7379695050961149
13901.0,72,5,2867.2,0,Regular Customers,2867.2,0.19961186123285726,-0.13651774189802326
13904.0,37,2,332.64,0,Regular Customers,332.64,-0.10850950617322452,-0.6187527784355962
13908.0,80,4,2369.55,0,Regular Customers,2369.55,0.04643649719187957,-0.10365684578589628
13911.0,57,9,2580.91,0,Regular Customers,2580.91,0.5874714368053151,-0.21664999634466864
13914.0,12,2,626.45,0,Regular Customers,626.45,0.007342518774897816,-0.8317572859719847
13917.0,50,2,272.04,0,Regular Customers,272.04,-0.16227033775821023,-0.5038395169381062
13918.0,50,2,1212.8400000000001,0,Regular Customers,1212.8400000000001,-0.09611287960116716,-0.4614753118950315
13919.0,59,2,384.81,0,Regular Customers,384.81,-0.18860912800912055,-0.41731697038057447
13922.0,352,1,172.25,1,At-Risk / Inactive Customers,172.25,-1.406916295154729,2.2074578541314755
13923.0,54,1,351.13,0,Regular Customers,351.13,-0.2596585096394254,-0.48120559279375924
13924.0,2,6,1838.8500000000001,0,Regular Customers,1838.8500000000001,0.48155237975059145,-0.7991566067336875
13925.0,93,4,678.25,0,Regular Customers,678.25,-0.1219958554567649,-0.062173972430139106
13926.0,23,1,223.85000000000002,0,Regular Customers,223.85000000000002,-0.15057183025436843,-0.7674681183651542
13927.0,75,1,348.99,0,Regular Customers,348.99,-0.3397695866846179,-0.2912647535810493
13928.0,11,4,464.57,0,Regular Customers,464.57,0.17520514651224156,-0.8138460107295947
13929.0,169,2,842.65,1,At-Risk / Inactive Customers,842.65,-0.5752548161826952,0.5987325256252272
13930.0,58,2,337.34,0,Regular Customers,337.34,-0.18813959149457116,-0.42850393416071086
13931.0,96,2,1237.53,0,Regular Customers,1237.53,-0.2695284397327959,-0.044091552406762505
13932.0,295,1,307.4,1,At-Risk / Inactive Customers,307.4,-1.1803765986291233,1.6977283896193458
13933.0,109,2,608.7900000000001,0,Regular Customers,608.7900000000001,-0.36324111897652145,0.04523837633863075
13934.0,264,1,922.1,1,At-Risk / Inactive Customers,922.1,-1.0191135684751857,1.4448772084972077
13936.0,180,1,376.58,1,At-Risk / Inactive Customers,376.58,-0.7376324027430281,0.6601636404109651
13937.0,169,1,158.85,1,At-Risk / Inactive Customers,158.85,-0.7110591501461967,0.5508159658950612
13938.0,35,1,71.66,0,Regular Customers,71.66,-0.2069656625844654,-0.6657285433587918
13939.0,23,3,568.55,0,Regular Customers,568.55,0.049106072420892016,-0.7176961652935991
13940.0,17,4,839.14,0,Regular Customers,839.14,0.17869918578973543,-0.74268278735722
13941.0,22,5,5112.96,0,Regular Customers,5112.96,0.547917024722341,-0.48786074618197783
13946.0,79,3,561.5699999999999,0,Regular Customers,561.5699999999999,-0.16461300771059065,-0.21124459890071517
13947.0,65,1,90.6,0,Regular Customers,90.6,-0.3198632098746363,-0.39339395644101544
13948.0,361,1,102.0,1,At-Risk / Inactive Customers,102.0,-1.446125130039889,2.2857390137768228
13949.0,3,6,2427.32,0,Regular Customers,2427.32,0.5191261944934404,-0.763608423854589
13950.0,11,4,745.06,0,Regular Customers,745.06,0.1949293232112945,-0.8012155516814102
13951.0,176,3,674.45,1,At-Risk / Inactive Customers,674.45,-0.5260170168610103,0.6716292769795463
13952.0,218,2,3251.071,1,At-Risk / Inactive Customers,3251.071,-0.5924683350565245,1.1506038159217515
13953.0,7,7,3515.68,0,Regular Customers,3515.68,0.6681487717664674,-0.6612769729296348
13954.0,2,2,439.92,0,Regular Customers,439.92,0.032302121502359324,-0.9306506344799149
13955.0,154,2,322.96,1,At-Risk / Inactive Customers,322.96,-0.5546849310377017,0.43959003584716627
13956.0,5,5,1019.27,0,Regular Customers,1019.27,0.32477699652755343,-0.8260391652179733
13959.0,79,3,594.04,0,Regular Customers,594.04,-0.1623297034308721,-0.20978247545497897
13960.0,21,2,230.22,0,Regular Customers,230.22,-0.054789369054599774,-0.7681549991582082
13962.0,22,2,169.55,0,Regular Customers,169.55,-0.06286335659498107,-0.7618375773990732
13963.0,308,4,664.54,1,At-Risk / Inactive Customers,664.54,-0.9416040978525534,1.8828276534252442
13967.0,146,1,80.7,1,At-Risk / Inactive Customers,80.7,-0.6289788058095748,0.33916088832688385
13969.0,7,18,9024.17,3,High-Value Loyal Customers,9024.17,2.020419625549766,-0.22485412463002996
13971.0,19,8,2758.26,0,Regular Customers,2758.26,0.6569141327874429,-0.569665833119419
13972.0,71,2,190.25,0,Regular Customers,190.25,-0.24798243685081822,-0.31748531562046534
13973.0,287,1,264.7,1,At-Risk / Inactive Customers,264.7,-1.152918103232102,1.623410484386565
13974.0,49,1,413.59000000000003,0,Regular Customers,413.59000000000003,-0.23622805970904334,-0.5236399734355509
13975.0,31,6,2461.2400000000002,0,Regular Customers,2461.2400000000002,0.414897341619084,-0.5086980691119507
13976.0,207,1,357.98,1,At-Risk / Inactive Customers,357.98,-0.8417468372615223,0.9036596299752232
13978.0,15,2,196.79000000000002,0,Regular Customers,196.79000000000002,-0.0342942977074192,-0.8239566952044833
13979.0,73,1,869.87,0,Regular Customers,869.87,-0.2955257880153509,-0.28590831894996765
13980.0,60,1,200.14,0,Regular Customers,200.14,-0.29312207421930353,-0.4337083256314594
13982.0,39,4,1871.81,0,Regular Customers,1871.81,0.1675487430811573,-0.4970950840590701
13983.0,30,12,2603.43,0,Regular Customers,2603.43,0.9550192043926912,-0.4085942898621312
13984.0,27,5,920.51,0,Regular Customers,920.51,0.2340639125746904,-0.6313997320217432
13985.0,4,15,7060.13,3,High-Value Loyal Customers,7060.13,1.6305727578210478,-0.3918181566907551
13986.0,17,1,320.46,0,Regular Customers,320.46,-0.12093229051991965,-0.8174141158317083
13988.0,20,6,4147.96,0,Regular Customers,4147.96,0.5753923322975275,-0.5322883985021276
13989.0,66,2,1266.08,0,Regular Customers,1266.08,-0.15329137534241458,-0.31428766558145255
13990.0,213,1,311.3,1,At-Risk / Inactive Customers,311.3,-0.8678752780527513,0.9558539743356985
13991.0,12,6,852.88,0,Regular Customers,852.88,0.3741420758229461,-0.7530609096001251
13992.0,30,1,76.8,0,Regular Customers,76.8,-0.1875659795562535,-0.7107440424455973
13993.0,43,9,3466.36,0,Regular Customers,3466.36,0.7030437201892377,-0.3034696695993622
13994.0,4,6,2274.14,0,Regular Customers,2274.14,0.5045468642084715,-0.7614567255313965
13995.0,15,5,1393.69,0,Regular Customers,1393.69,0.31302989891608557,-0.7186851337959875
13999.0,10,12,3901.81,0,Regular Customers,3901.81,1.1224747851261092,-0.5311160773571615
14000.0,211,1,635.66,1,At-Risk / Inactive Customers,635.66,-0.8374508497884824,0.9523611173266175
14001.0,46,3,2043.0800000000002,0,Regular Customers,2043.0800000000002,0.06521976658483536,-0.4431621244621896
14002.0,134,2,529.73,0,Regular Customers,529.73,-0.4639918321269981,0.2679130720478512
14004.0,43,7,4582.64,0,Regular Customers,4582.64,0.6061025556286423,-0.2874537227093616
14005.0,10,5,2874.72,0,Regular Customers,2874.72,0.4362147976324333,-0.6972413359216708
14006.0,116,3,962.19,0,Regular Customers,962.19,-0.27732418469021747,0.14162276518281808
14009.0,198,2,695.61,1,At-Risk / Inactive Customers,695.61,-0.6960165008169382,0.8545436458508191
14012.0,278,1,328.8,1,At-Risk / Inactive Customers,328.8,-1.1141417389758388,1.5448523903651397
14013.0,110,3,473.02,0,Regular Customers,473.02,-0.28887694495495314,0.06529910611960954
14014.0,77,1,505.18,0,Regular Customers,505.18,-0.3364015335316175,-0.2661327397549512
14015.0,53,1,917.34,0,Regular Customers,917.34,-0.21603473319947827,-0.4647585585394206
14016.0,162,4,4341.21,1,At-Risk / Inactive Customers,4341.21,-0.1271425997059975,0.7271769964906266
14019.0,47,3,1421.61,0,Regular Customers,1421.61,0.017710083323291468,-0.4620975154030508
14020.0,17,2,642.8,0,Regular Customers,642.8,-0.010545978267137572,-0.7857740926181982
14021.0,155,3,631.9,1,At-Risk / Inactive Customers,631.9,-0.4490485597191323,0.4796760479673306
14022.0,225,1,440.0,1,At-Risk / Inactive Customers,440.0,-0.9045168055128102,1.0702420203821854
14023.0,7,2,584.07,0,Regular Customers,584.07,0.023400575090075332,-0.878912609701272
14024.0,122,2,327.7,0,Regular Customers,327.7,-0.43250690161278954,0.15022297757894854
14027.0,61,1,104.82,0,Regular Customers,104.82,-0.30363266457127236,-0.428951192674134
14029.0,63,2,467.66,0,Regular Customers,467.66,-0.19801366941866624,-0.3773886740033963
14030.0,18,8,2358.84,0,Regular Customers,2358.84,0.6326343948564446,-0.5967010983078359
14031.0,7,19,17286.86,3,High-Value Loyal Customers,17286.86,2.689174744007137,0.16433969908707244
14032.0,2,11,2975.59,0,Regular Customers,2975.59,1.0000845507867497,-0.6623439298957916
14034.0,22,3,648.89,0,Regular Customers,648.89,0.058563262769467425,-0.7231278473490806
14035.0,29,5,1428.02,0,Regular Customers,1428.02,0.2621369383039369,-0.5904477856746703
14036.0,285,1,626.65,1,At-Risk / Inactive Customers,626.65,-1.1198503300995049,1.6216103043200536
14037.0,176,2,147.20000000000002,1,At-Risk / Inactive Customers,147.20000000000002,-0.6508126879052036,0.6307621605949304
14038.0,78,3,1560.38,0,Regular Customers,1560.38,-0.09056861435021744,-0.1753175953631769
14039.0,33,1,152.2,0,Regular Customers,152.2,-0.19368676094418688,-0.6802006100549504
14040.0,41,12,3560.32,0,Regular Customers,3560.32,0.9804239989592951,-0.2659622554401481
14041.0,266,1,141.41,1,At-Risk / Inactive Customers,141.41,-1.081627317403574,1.4278215348012437
14044.0,27,4,646.42,0,Regular Customers,646.42,0.12707056094699049,-0.6608670587074807
14045.0,109,4,1659.75,0,Regular Customers,1659.75,-0.11389871120135325,0.12681320297919307
14046.0,284,1,154.99,1,At-Risk / Inactive Customers,154.99,-1.1492100157104188,1.5913220733872577
14047.0,9,5,1308.6100000000001,0,Regular Customers,1308.6100000000001,0.3298929201848103,-0.7768126283015259
14048.0,305,1,409.93,1,At-Risk / Inactive Customers,409.93,-1.2112431172634637,1.792839219819859
14049.0,17,4,5578.72,0,Regular Customers,5578.72,0.5119884773840787,-0.5292595954587752
14050.0,32,2,746.36,0,Regular Customers,746.36,-0.06037830289224407,-0.645369928355204
14051.0,1,23,15610.390000000001,3,High-Value Loyal Customers,15610.390000000001,2.945007442873404,0.10305218298209033
14052.0,20,1,225.36,0,Regular Customers,225.36,-0.13904270479026778,-0.7945482950055217
14053.0,124,2,260.25,0,Regular Customers,260.25,-0.4448653088575794,0.16528448671134627
14054.0,65,1,92.46,0,Regular Customers,92.46,-0.31973241387955537,-0.39331020067849404
14055.0,106,1,725.6400000000001,0,Regular Customers,725.6400000000001,-0.4313204610732656,0.006226898065591811
14056.0,1,23,8152.71,3,High-Value Loyal Customers,8152.71,2.4205801973923062,-0.23276699714720261
14057.0,24,17,6211.66,3,High-Value Loyal Customers,6211.66,1.6701934919362558,-0.2147868119441294
14059.0,267,1,183.6,1,At-Risk / Inactive Customers,183.6,-1.0824681457751273,1.4387707402877712
14060.0,5,19,6140.42,3,High-Value Loyal Customers,6140.42,1.912967612930622,-0.35568305078776474
14062.0,10,12,10464.85,3,High-Value Loyal Customers,10464.85,1.583990563381849,-0.2355825184010579
14064.0,29,5,1334.34,0,Regular Customers,1334.34,0.25554932065921776,-0.5946661941870377
14066.0,267,1,152.55,1,At-Risk / Inactive Customers,152.55,-1.0846515950478486,1.4373725594134223
14067.0,64,2,374.7,0,Regular Customers,374.7,-0.20835830356182275,-0.3725252702936245
14068.0,320,1,265.85,1,At-Risk / Inactive Customers,265.85,-1.2784895925454687,1.9220921598727478
14071.0,4,8,1437.57,0,Regular Customers,1437.57,0.6211573555346989,-0.7648773367574958
14073.0,32,1,151.04,0,Regular Customers,151.04,-0.18996068543383318,-0.6893022354682237
14075.0,5,3,942.26,0,Regular Customers,942.26,0.14392316907982147,-0.8637570429834264
14076.0,129,1,118.67,0,Regular Customers,118.67,-0.5615787366732308,0.1870310358387952
14077.0,41,5,499.41999999999996,0,Regular Customers,499.41999999999996,0.15114562288741365,-0.5236699373238073
14078.0,102,6,1049.37,0,Regular Customers,1049.37,0.04527108805616869,0.07023218843888239
14079.0,125,1,375.1,0,Regular Customers,375.1,-0.5283158806340916,0.16238051102519538
14080.0,33,1,45.599999999999994,0,Regular Customers,45.599999999999994,-0.20118291851172598,-0.6850008059069824
14081.0,302,2,921.62,1,At-Risk / Inactive Customers,921.62,-1.0761186904519604,1.8058574978080641
14082.0,365,1,182.25,1,At-Risk / Inactive Customers,182.25,-1.455712504560838,2.3255502322063903
14083.0,4,9,1002.9,0,Regular Customers,1002.9,0.6783104009938339,-0.767325458590391
14085.0,2,18,4421.29,3,High-Value Loyal Customers,4421.29,1.7157813724206465,-0.47736867146618706
14087.0,3,1,191.47,0,Regular Customers,191.47,-0.07669586157140379,-0.9499140018456462
14088.0,10,13,50491.81,3,High-Value Loyal Customers,50491.81,4.486422726284392,1.5839557433725837
14089.0,57,1,158.75,0,Regular Customers,158.75,-0.2846096950933589,-0.4627202884074008
14090.0,325,1,76.32000000000001,1,At-Risk / Inactive Customers,76.32000000000001,-1.3108556591935543,1.9588045809749737
14092.0,8,14,4076.91,3,High-Value Loyal Customers,4076.91,1.3178416377160926,-0.5070799901414959
14093.0,12,1,433.86,0,Regular Customers,433.86,-0.09391971801458034,-0.8575546692999304
14096.0,4,17,65164.79,3,High-Value Loyal Customers,65164.79,5.891955737933044,2.2588836313295713
14098.0,37,1,147.35,0,Regular Customers,147.35,-0.20925840384222394,-0.6442214429106354
14099.0,16,11,3104.17,0,Regular Customers,3104.17,0.9558192904629743,-0.5298625061735923
14100.0,138,1,191.95000000000002,0,Regular Customers,191.95000000000002,-0.5906944806046488,0.2717753484920424
14101.0,74,6,5976.79,0,Regular Customers,5976.79,0.4983834905190285,0.03873087392627088
14102.0,5,5,1105.8799999999999,0,Regular Customers,1105.8799999999999,0.33086744875011026,-0.8221391186631468
14104.0,155,2,216.20999999999998,1,At-Risk / Inactive Customers,216.20999999999998,-0.5659992838755707,0.44383247613480376
14105.0,239,1,1266.23,1,At-Risk / Inactive Customers,1266.23,-0.8997230196171332,1.2341386095468818
14107.0,52,7,2703.23,0,Regular Customers,2703.23,0.43967281619480464,-0.2906390014098154
14108.0,31,2,597.91,0,Regular Customers,597.91,-0.06700972314289261,-0.6611040195006144
14109.0,73,1,144.2,0,Regular Customers,144.2,-0.3465552126123124,-0.31858522442786746
14110.0,4,12,5683.15,0,Regular Customers,5683.15,1.2705852586200341,-0.5051987168706762
14111.0,14,4,692.85,0,Regular Customers,692.85,0.17983495207482778,-0.7764183950194482
14112.0,23,7,2915.15,0,Regular Customers,2915.15,0.5649968901628369,-0.5435285765427259
14113.0,4,4,1840.42,0,Regular Customers,1840.42,0.29860903708046876,-0.8152372474092171
14114.0,274,2,386.53,1,At-Risk / Inactive Customers,386.53,-1.0071323262091574,1.5283794680638976
14116.0,20,5,1382.74,0,Regular Customers,1382.74,0.29322165420431456,-0.6739312588921117
14117.0,144,1,90.0,1,At-Risk / Inactive Customers,90.0,-0.6207095314217491,0.32148088586619644
14121.0,4,4,2780.15,0,Regular Customers,2780.15,0.36469125238012656,-0.7729212244445819
14124.0,84,1,419.58000000000004,0,Regular Customers,419.58000000000004,-0.3690744925659109,-0.2066415715735991
14125.0,11,3,2720.63,0,Regular Customers,2720.63,0.24613302442965485,-0.7293807338973307
14126.0,8,3,706.1300000000001,0,Regular Customers,706.1300000000001,0.11589546492438862,-0.8472418002155144
14127.0,123,3,709.71,0,Regular Customers,709.71,-0.32173221665951013,0.19359933032676757
14128.0,61,2,637.5,0,Regular Customers,637.5,-0.1784551536059558,-0.3878395634989314
14129.0,2,5,1123.8600000000001,0,Regular Customers,1123.8600000000001,0.3435547516545239,-0.8484776515353813
14130.0,319,1,480.91,1,At-Risk / Inactive Customers,480.91,-1.259558834209099,1.9227269167026864
14132.0,2,11,3586.0299999999997,0,Regular Customers,3586.0299999999997,1.043010952527168,-0.6348558289960311
14133.0,130,3,605.64,0,Regular Customers,605.64,-0.35570399398904223,0.2522587947802863
14135.0,2,15,4690.31,3,High-Value Loyal Customers,4690.31,1.4715412968234733,-0.5166298848126671
14138.0,2,2,965.8800000000001,0,Regular Customers,965.8800000000001,0.06928785353071644,-0.9069666662779
14139.0,46,1,415.82,0,Regular Customers,415.82,-0.2246483035371695,-0.5506877284904262
14140.0,4,2,935.05,0,Regular Customers,935.05,0.05950458033961587,-0.8902561592833876
14141.0,3,4,915.13,0,Regular Customers,915.13,0.23734989595958492,-0.8659524281014624
14142.0,373,1,311.81,1,At-Risk / Inactive Customers,311.81,-1.4770629676284368,2.4037794414889606
14143.0,134,1,115.8,0,Regular Customers,115.8,-0.580818792331102,0.23214875297986068
14145.0,47,4,3742.2,0,Regular Customers,3742.2,0.2686141897537004,-0.34047633495386426
14146.0,9,5,4191.0,0,Regular Customers,4191.0,0.5325838170994355,-0.6470186646810873
14147.0,78,2,483.4,0,Regular Customers,483.4,-0.25402153398355964,-0.24093904257084728
14148.0,234,1,157.2,1,At-Risk / Inactive Customers,157.2,-0.9586722472551975,1.1389520578103711
14149.0,221,1,446.62,1,At-Risk / Inactive Customers,446.62,-0.8888206954581639,1.0343425563022055
14150.0,36,2,658.64,0,Regular Customers,658.64,-0.08177739961412699,-0.6131223956410757
14152.0,75,2,621.29,0,Regular Customers,621.29,-0.23290210862207647,-0.2618780305592436
14154.0,239,2,1345.62,1,At-Risk / Inactive Customers,1345.62,-0.8064210552164489,1.2548385991557838
14155.0,266,1,118.75,1,At-Risk / Inactive Customers,118.75,-1.0832207782898822,1.426801155457838
14156.0,10,55,117210.08,4,Elite VIP Customers,117210.08,12.862287470170976,5.3075305964742245
14157.0,20,2,424.89000000000004,0,Regular Customers,424.89000000000004,-0.037292444234197475,-0.7684384036174156
14158.0,40,1,507.66,0,Regular Customers,507.66,-0.1953441922417185,-0.6008485189608659
14159.0,20,11,4630.35,0,Regular Customers,4630.35,1.0479103316233744,-0.42494108897921473
14161.0,216,3,1097.6200000000001,1,At-Risk / Inactive Customers,1097.6200000000001,-0.6485654098199817,1.0526602390186433
14162.0,174,2,289.36,1,At-Risk / Inactive Customers,289.36,-0.6332006415246647,0.6190648412571416
14163.0,87,4,2445.91,0,Regular Customers,2445.91,0.025152634589468256,-0.03687262206800464
14164.0,71,2,1631.77,0,Regular Customers,1631.77,-0.14661413425458023,-0.2525736990667947
14165.0,276,1,120.44,1,At-Risk / Inactive Customers,120.44,-1.1211784088295755,1.5173711624902562
14167.0,39,4,562.59,0,Regular Customers,562.59,0.07548383303825351,-0.5560492342785582
14171.0,98,1,363.79,0,Regular Customers,363.79,-0.42630473010101094,-0.08246232523638258
14173.0,11,4,450.84,0,Regular Customers,450.84,0.1742396470431767,-0.8144642723529382
14174.0,33,1,134.46,0,Regular Customers,134.46,-0.19493424532737771,-0.6809994418974931
14175.0,60,3,3222.3,0,Regular Customers,3222.3,0.09483596017062153,-0.26337040271016876
14176.0,297,4,576.9000000000001,1,At-Risk / Inactive Customers,576.9000000000001,-0.9058828608470808,1.779337928988054
14177.0,86,4,549.46,0,Regular Customers,549.46,-0.10439889286623051,-0.13131911799157708
14178.0,9,7,1600.26,0,Regular Customers,1600.26,0.5258403241831668,-0.7294295156610243
14179.0,41,2,701.57,0,Regular Customers,701.57,-0.09779677969419998,-0.5659423054228708
14180.0,11,25,4748.52,3,High-Value Loyal Customers,4748.52,2.318558080694282,-0.26131357886981954
14184.0,67,1,452.89,0,Regular Customers,452.89,-0.3020021166215439,-0.35898126376778966
14185.0,331,1,197.65,1,At-Risk / Inactive Customers,197.65,-1.3251695649667508,2.018564412250082
14188.0,31,6,2054.36,0,Regular Customers,2054.36,0.3862853660930023,-0.527019867313403
14189.0,2,15,4654.08,3,High-Value Loyal Customers,4654.08,1.4689935877364946,-0.5182613209826401
14191.0,2,13,4684.76,0,Regular Customers,4684.76,1.2957125671222363,-0.5511299202180243
14193.0,68,2,853.39,0,Regular Customers,853.39,-0.18992720696447654,-0.31477230669254036
14194.0,5,21,11349.52,3,High-Value Loyal Customers,11349.52,2.454712202956138,-0.08686726373286208
14195.0,202,2,1012.0,1,At-Risk / Inactive Customers,1012.0,-0.6889984095968116,0.9049882437222146
14196.0,107,1,335.52,0,Regular Customers,335.52,-0.46256151344128066,-0.0022908070369238856
14198.0,18,4,701.4,0,Regular Customers,701.4,0.1652056029047928,-0.7398358261451404
14199.0,218,1,185.39999999999998,1,At-Risk / Inactive Customers,185.39999999999998,-0.8957668559013762,0.9954316530557931
14201.0,60,7,747.44,0,Regular Customers,747.44,0.27167964971756553,-0.3063130606078752
14204.0,2,1,150.61,0,Regular Customers,150.61,-0.07576150703132505,-0.9608033174589727
14205.0,17,2,466.7,0,Regular Customers,466.7,-0.022929405543344283,-0.7937038720698197
14206.0,239,1,328.15999999999997,1,At-Risk / Inactive Customers,328.15999999999997,-0.9656885030072027,1.191897336348798
14208.0,95,1,151.74,0,Regular Customers,151.74,-0.4297932351258752,-0.11915910437356035
14209.0,11,6,2073.43,0,Regular Customers,2073.43,0.4637793207689301,-0.7071489583306019
14210.0,106,6,1905.8400000000001,0,Regular Customers,1905.8400000000001,0.09026783574042789,0.14499657782777778
14211.0,53,9,2241.1,0,Regular Customers,2241.1,0.5788064411740086,-0.26814919634415596
14212.0,90,1,1070.48,0,Regular Customers,1070.48,-0.34614880956760957,-0.1230352138692166
14214.0,31,5,1004.38,0,Regular Customers,1004.38,0.2247310980011568,-0.5914255050651178
14215.0,12,6,1789.72,0,Regular Customers,1789.72,0.44002106508723626,-0.710875023277257
14216.0,3,4,1839.3,0,Regular Customers,1839.3,0.3023379254079209,-0.8243370716232965
14217.0,2,17,2004.98,3,High-Value Loyal Customers,2004.98,1.4581461946734944,-0.6033001215866353
14218.0,43,1,169.48000000000002,0,Regular Customers,169.48000000000002,-0.2305480960197346,-0.5889285856366675
14219.0,4,1,89.94,0,Regular Customers,89.94,-0.08764314177791685,-0.9454365050631905
14220.0,247,2,632.4,1,At-Risk / Inactive Customers,632.4,-0.8870361681411826,1.295117442020196
14221.0,42,9,3432.8,0,Regular Customers,3432.8,0.7044914138497953,-0.3140302663597823
14222.0,177,1,683.17,1,At-Risk / Inactive Customers,683.17,-0.7046499212685632,0.6468212100232987
14223.0,92,3,991.13,0,Regular Customers,991.13,-0.18390557857038906,-0.07425944247984771
14224.0,110,4,1009.73,0,Regular Customers,1009.73,-0.1634160426669613,0.10659220611360852
14226.0,29,5,2214.79,0,Regular Customers,2214.79,0.31746294101887823,-0.5550195484279228
14227.0,26,10,3350.96,0,Regular Customers,3350.96,0.8473779710300144,-0.44538071058848294
14229.0,52,3,1547.2,0,Regular Customers,1547.2,0.007503389777297115,-0.4111952470504276
14231.0,184,3,925.71,1,At-Risk / Inactive Customers,925.71,-0.5388094839063808,0.7553386348098863
14232.0,43,5,2048.07,0,Regular Customers,2048.07,0.252432058465325,-0.43583547775548975
14233.0,49,4,1462.72,0,Regular Customers,1462.72,0.10070488734827698,-0.4250224921495202
14234.0,22,4,754.12,0,Regular Customers,754.12,0.15368230701579155,-0.7012642830608491
14235.0,75,5,3144.86,0,Regular Customers,3144.86,0.20771408950355869,-0.09686654578287342
14236.0,81,2,490.86,0,Regular Customers,490.86,-0.26491988521331855,-0.2134549470112234
14237.0,373,1,161.0,1,At-Risk / Inactive Customers,161.0,-1.4876679912941082,2.396988470227751
14238.0,326,1,146.85,1,At-Risk / Inactive Customers,146.85,-1.3097036066508105,1.971029936090456
14239.0,43,11,2380.85,0,Regular Customers,2380.85,0.8021486443028649,-0.3181000440093721
14240.0,30,2,890.34,0,Regular Customers,890.34,-0.04263827333372272,-0.6569852931296655
14241.0,184,1,213.70000000000002,1,At-Risk / Inactive Customers,213.70000000000002,-0.7643167827930183,0.6890267198395518
14242.0,235,2,280.55,1,At-Risk / Inactive Customers,280.55,-0.8660866440694571,1.170680955970135
14243.0,9,10,2588.77,0,Regular Customers,2588.77,0.8585104469276896,-0.6335417517535132
14245.0,220,2,1693.45,1,At-Risk / Inactive Customers,1693.45,-0.7096162040140472,1.098562954950786
14246.0,111,3,1474.06,0,Regular Customers,1474.06,-0.22229103145375897,0.11942530778550801
14247.0,278,1,136.76999999999998,1,At-Risk / Inactive Customers,136.76999999999998,-1.1276453706615286,1.5362052833345043
14248.0,318,1,302.58,1,At-Risk / Inactive Customers,302.58,-1.2682914288323373,1.9056473297593517
14250.0,7,3,1904.05,0,Regular Customers,1904.05,0.20394135859688847,-0.8023488773900014
14251.0,2,5,2879.7000000000003,0,Regular Customers,2879.7000000000003,0.4670261710108829,-0.7694122117151937
14256.0,260,2,969.0600000000001,1,At-Risk / Inactive Customers,969.0600000000001,-0.9128615067122792,1.4279193133129793
14257.0,64,5,3099.7200000000003,0,Regular Customers,3099.7200000000003,0.2464239446762022,-0.19844249607643002
14258.0,9,9,12669.98,0,Regular Customers,12669.98,1.479706217805972,-0.1967101280964007
14259.0,142,1,120.0,0,Regular Customers,120.0,-0.6109846241854426,0.3047330039884085
14261.0,51,2,1163.45,0,Regular Customers,1163.45,-0.1033936527197676,-0.4546499519631861
14262.0,8,8,2618.23,0,Regular Customers,2618.23,0.6889512825981372,-0.6755146782009618
14264.0,155,2,333.97,1,At-Risk / Inactive Customers,333.97,-0.5577183503375464,0.44913520656196415
14265.0,109,2,530.18,0,Regular Customers,530.18,-0.36876900777937555,0.041698569622605965
14267.0,163,3,1516.24,1,At-Risk / Inactive Customers,1516.24,-0.41732257054632593,0.5918929854412397
14270.0,332,1,492.65000000000003,1,At-Risk / Inactive Customers,492.65000000000003,-1.3082326860714226,2.04089764694254
14271.0,226,1,112.32,1,At-Risk / Inactive Customers,112.32,-0.9313670503900453,1.0645359872215168
14272.0,74,2,437.96,0,Regular Customers,437.96,-0.24198630538262902,-0.2791827674018292
14273.0,51,4,559.97,0,Regular Customers,559.97,0.029607827043773967,-0.4475745251860005
14276.0,99,3,1119.74,0,Regular Customers,1119.74,-0.20151519883786678,-0.00512240231478277
14277.0,15,3,4188.0,0,Regular Customers,4188.0,0.3340885212509651,-0.6271075298179438
14280.0,197,1,134.04,1,At-Risk / Inactive Customers,134.04,-0.8194179217254458,0.8030817099210968
14282.0,3,15,3701.44,3,High-Value Loyal Customers,3701.44,1.3981958885120809,-0.5521092903504945
14284.0,31,2,595.25,0,Regular Customers,595.25,-0.06719677547994377,-0.661223799247016
14285.0,21,4,1910.01,0,Regular Customers,1910.01,0.2387726331220282,-0.6582639702884402
14286.0,24,3,4628.75,0,Regular Customers,4628.75,0.3308134247993182,-0.525816050469141
14287.0,8,3,176.63,0,Regular Customers,176.63,0.07866079858281307,-0.871085174546199
14288.0,213,1,426.6,1,At-Risk / Inactive Customers,426.6,-0.8597673327662856,0.9610459310124274
14289.0,9,6,911.26,0,Regular Customers,911.26,0.3896703239968586,-0.7775802312864113
14290.0,11,5,2314.65,0,Regular Customers,2314.65,0.39302278861710804,-0.7134118860997292
14291.0,2,11,3883.25,0,Regular Customers,3883.25,1.0639115899776743,-0.6214720183849526
14292.0,8,9,4871.93,0,Regular Customers,4871.93,0.9351516556355566,-0.5569055531039556
14293.0,3,4,1046.56,0,Regular Customers,1046.56,0.2465921097410264,-0.8600341378497498
14295.0,40,1,166.20000000000002,0,Regular Customers,166.20000000000002,-0.21935580540318103,-0.6162244558805177
14297.0,18,4,1305.33,0,Regular Customers,1305.33,0.2076742186624278,-0.7126408704142048
14298.0,8,44,51527.3,3,High-Value Loyal Customers,51527.3,7.286150115726997,2.1433619007008042
14299.0,8,9,3965.62,0,Regular Customers,3965.62,0.8714195490217069,-0.5977166741419968
14300.0,19,1,43.2,0,Regular Customers,43.2,-0.14804462665068877,-0.8118003467716826
14301.0,117,1,640.14,0,Regular Customers,640.14,-0.47921697688965503,0.10192013179151735
14304.0,223,1,383.45,1,At-Risk / Inactive Customers,383.45,-0.900878131273413,1.0495967937483621
14305.0,71,3,1858.96,0,Regular Customers,1858.96,-0.04291881067488767,-0.22521827843603184
14306.0,51,2,2093.32,0,Regular Customers,2093.32,-0.038004796834893405,-0.41277792459987395
14307.0,89,6,2995.72,0,Regular Customers,2995.72,0.23163866572921132,0.04023421144392058
14309.0,8,9,2352.53,0,Regular Customers,2352.53,0.7579863706856689,-0.6703540843385675
14311.0,243,1,310.26,1,At-Risk / Inactive Customers,310.26,-0.9821778274836298,1.2272888622560676
14312.0,47,6,1611.59,0,Regular Customers,1611.59,0.29422723512591,-0.4021675413053255
14314.0,107,1,120.0,0,Regular Customers,120.0,-0.47771697196807267,-0.01199566829424053
14315.0,45,6,2481.13,0,Regular Customers,2481.13,0.362988954034372,-0.3811109538996706
14317.0,65,1,508.58000000000004,0,Regular Customers,508.58000000000004,-0.290470677603717,-0.3745723254632259
14320.0,207,2,477.79,1,At-Risk / Inactive Customers,477.79,-0.7456025211827899,0.9261797313696708
14321.0,11,5,1530.75,0,Regular Customers,1530.75,0.3378986055289851,-0.7487108873043066
14323.0,115,2,605.0600000000001,0,Regular Customers,605.0600000000001,-0.38634929740822127,0.09936675833367216
14326.0,242,1,183.85,1,At-Risk / Inactive Customers,183.85,-0.9872593855129973,1.212547231866556
14327.0,163,1,311.65,1,At-Risk / Inactive Customers,311.65,-0.6774683055926107,0.5034002029962902
14329.0,17,7,4975.24,0,Regular Customers,4975.24,0.7327091828120295,-0.5050591091729953
14331.0,124,2,462.65999999999997,0,Regular Customers,462.65999999999997,-0.4306317511348253,0.1743990049328267
14332.0,23,3,840.21,0,Regular Customers,840.21,0.06820931974544805,-0.7054633209674919
14333.0,68,1,415.2,0,Regular Customers,415.2,-0.308460140738829,-0.3516290530716969
14334.0,17,8,2552.21,0,Regular Customers,2552.21,0.6500399031211451,-0.5970430417408484
14335.0,16,2,454.86,0,Regular Customers,454.86,-0.019954352198293775,-0.8032864176678932
14336.0,17,4,1614.91,0,Regular Customers,1614.91,0.23325166380258544,-0.7077498798888248
14338.0,161,2,588.22,1,At-Risk / Inactive Customers,588.22,-0.5626852648923818,0.514880422758762
14339.0,243,1,309.52,1,At-Risk / Inactive Customers,309.52,-0.9822298645999523,1.2272555400709784
14340.0,219,1,134.7,1,At-Risk / Inactive Customers,134.7,-0.9031397487799528,1.0021980237140344
14341.0,45,8,2166.98,0,Regular Customers,2166.98,0.516336243075738,-0.36100700305242456
14342.0,21,4,668.5600000000001,0,Regular Customers,668.5600000000001,0.1514733384482813,-0.7141664387734799
14344.0,127,8,889.9300000000001,0,Regular Customers,889.9300000000001,0.11430647027504698,0.3235374933849318
14345.0,39,1,108.97999999999999,0,Regular Customers,108.97999999999999,-0.21957189305639435,-0.6278504619641936
14346.0,121,2,1021.58,0,Regular Customers,1021.58,-0.37990531619866114,0.17241898936076314
14348.0,260,1,409.57,1,At-Risk / Inactive Customers,409.57,-1.0399243083378746,1.3856004303779927
14349.0,10,1,133.5,0,Regular Customers,133.5,-0.1074258671948989,-0.8891786553210329
14350.0,274,1,282.93,1,At-Risk / Inactive Customers,282.93,-1.102136748158717,1.5065893026428219
14351.0,165,1,51.0,1,At-Risk / Inactive Customers,51.0,-0.7034126194232221,0.5097619200216279
14352.0,157,4,1078.96,1,At-Risk / Inactive Customers,1078.96,-0.3375071781656055,0.5350309915410527
14353.0,215,1,90.6,1,At-Risk / Inactive Customers,90.6,-0.8910102908062221,0.964014639056052
14354.0,6,2,163.62,0,Regular Customers,163.62,-0.00235800143046661,-0.9068948553659387
14355.0,366,1,174.4,1,At-Risk / Inactive Customers,174.4,-1.460072167122632,2.334246137501214
14356.0,80,2,701.23,0,Regular Customers,701.23,-0.24631892968174965,-0.21303138078678246
14357.0,43,1,225.12,0,Regular Customers,225.12,-0.22663546743570204,-0.586423117557802
14359.0,19,3,912.18,0,Regular Customers,912.18,0.08850086973479117,-0.738420075864261
14360.0,32,4,2118.03,0,Regular Customers,2118.03,0.2115165691745326,-0.5493535368768818
14362.0,22,1,151.5,0,Regular Customers,151.5,-0.15185186597509456,-0.7797754280439637
14364.0,109,8,3717.35,0,Regular Customers,3717.35,0.3816695030038299,0.28796712755335646
14367.0,8,16,9227.82,3,High-Value Loyal Customers,9227.82,1.8554942820675455,-0.2408844976140767
14368.0,320,1,155.0,1,At-Risk / Inactive Customers,155.0,-1.2862846119297249,1.9171005866063524
14371.0,295,1,100.5,1,At-Risk / Inactive Customers,100.5,-1.1949258950711856,1.688411686788338
14373.0,358,1,76.55,1,At-Risk / Inactive Customers,76.55,-1.4364918433001868,2.2574448288796933
14375.0,185,1,235.56,1,At-Risk / Inactive Customers,235.56,-0.7665872254548911,0.6990604658357245
14377.0,191,2,617.05,1,At-Risk / Inactive Customers,617.05,-0.6748873431549453,0.7876603561772569
14379.0,44,2,348.1,0,Regular Customers,348.1,-0.13407588280812296,-0.5547108804905823
14381.0,52,1,202.68,0,Regular Customers,202.68,-0.26248228268386337,-0.5059890745758167
14382.0,26,1,615.49,0,Regular Customers,615.49,-0.13445447966145216,-0.7226844051466776
14383.0,38,3,1247.69,0,Regular Customers,1247.69,0.03974877943484894,-0.5513736452284228
14385.0,9,3,202.11,0,Regular Customers,202.11,0.07664491586835574,-0.8608884200229687
14386.0,297,1,142.4,1,At-Risk / Inactive Customers,142.4,-1.1995947635729136,1.7083972242173562
14387.0,33,3,1727.6,0,Regular Customers,1727.6,0.09253449180959492,-0.5750102607817454
14388.0,10,8,3212.84,0,Regular Customers,3212.84,0.7231492175593974,-0.6306406206089359
14389.0,65,2,1043.46,0,Regular Customers,1043.46,-0.1651384616979822,-0.3333616303323528
14390.0,10,9,4642.57,0,Regular Customers,4642.57,0.9114076679802576,-0.5491348480091048
14393.0,218,1,67.95,1,At-Risk / Inactive Customers,67.95,-0.9040259901068871,0.9901428819223862
14395.0,2,9,3479.91,0,Regular Customers,3479.91,0.8601100974359926,-0.6738845294749236
14396.0,65,2,487.99,0,Regular Customers,487.99,-0.20419934954076782,-0.3583744332397473
14397.0,3,19,2612.96,3,High-Value Loyal Customers,2612.96,1.6725304122849618,-0.5326232847834708
14400.0,149,1,574.7,1,At-Risk / Inactive Customers,574.7,-0.6056634562615618,0.3885538702828275
14401.0,4,13,4051.48,0,Regular Customers,4051.48,1.2435647524061455,-0.5615477245842693
14403.0,130,4,1475.81,0,Regular Customers,1475.81,-0.2067940419592907,0.3085675918551353
14404.0,34,6,1449.32,0,Regular Customers,1449.32,0.3323157530422518,-0.527116634412031
14406.0,119,1,156.75,0,Regular Customers,156.75,-0.52082446273334,0.09825187110501996
14407.0,107,6,2157.73,0,Regular Customers,2157.73,0.10417320100783295,0.16538857008889357
14408.0,11,7,2599.03,0,Regular Customers,2599.03,0.5884589631078097,-0.6663561414127387
14409.0,71,6,2059.4500000000003,0,Regular Customers,2059.4500000000003,0.2343374088203653,-0.16481503925008092
14410.0,92,9,1100.27,0,Regular Customers,1100.27,0.35008454686936064,0.033405486572569705
14411.0,311,1,1063.0,1,At-Risk / Inactive Customers,1063.0,-1.1881648389375679,1.8765432925805163
14412.0,43,2,770.03,0,Regular Customers,770.03,-0.10059793764251485,-0.5447607717290314
14413.0,362,1,121.05,1,At-Risk / Inactive Customers,121.05,-1.4485931731029325,2.2956462255296164
14414.0,92,7,1496.98,0,Regular Customers,1496.98,0.2025429123193269,0.01701921086175678
14415.0,1,13,5855.57,3,High-Value Loyal Customers,5855.57,1.3818520740062183,-0.5074577601462504
14416.0,22,2,490.22,0,Regular Customers,490.22,-0.04031370512047108,-0.7473978137605073
14418.0,4,3,1937.25,0,Regular Customers,1937.25,0.21769893840728666,-0.8280020539689158
14419.0,11,6,1051.79,0,Regular Customers,1051.79,0.39193715925579076,-0.7531533869447675
14420.0,99,1,387.52,0,Regular Customers,387.52,-0.4284436735635282,-0.07234437317789005
14421.0,57,2,813.11,0,Regular Customers,813.11,-0.15087559451436358,-0.416129411284025
14422.0,1,6,4263.64,0,Regular Customers,4263.64,0.65587229626443,-0.6990177525293508
14423.0,218,1,265.2,1,At-Risk / Inactive Customers,265.2,-0.8901552857898413,0.9990250454478395
14424.0,18,1,322.08,0,Regular Customers,322.08,-0.12462601863364042,-0.8082917766277039
14426.0,24,10,4481.67,0,Regular Customers,4481.67,0.9345052759789472,-0.41256364334534945
14427.0,50,2,363.34000000000003,0,Regular Customers,363.34000000000003,-0.15585008273085263,-0.49972827977778245
14428.0,7,5,1224.06,0,Regular Customers,1224.06,0.331562622455248,-0.7987186943711551
14431.0,303,1,470.36,1,At-Risk / Inactive Customers,470.36,-1.199378359419463,1.7774616002289128
14432.0,10,6,2248.5,0,Regular Customers,2248.5,0.47989796521106065,-0.7083149503948732
14434.0,22,6,1372.8,0,Regular Customers,1372.8,0.3726266004073219,-0.6391550161099342
14436.0,99,1,89.06,0,Regular Customers,89.06,-0.44943150834408846,-0.08578402096398288
14437.0,366,1,63.0,1,At-Risk / Inactive Customers,63.0,-1.4679058627419928,2.3292297977459007
14438.0,306,1,131.9,1,At-Risk / Inactive Customers,131.9,-1.2346019529171686,1.789368925158753
14439.0,320,1,2661.24,1,At-Risk / Inactive Customers,2661.24,-1.1100447438052483,2.0299565233061356
14440.0,8,5,2357.6800000000003,0,Regular Customers,2357.6800000000003,0.407471618229466,-0.7386224179767161
14441.0,1,4,1712.89,0,Regular Customers,1712.89,0.301064014584764,-0.8481280926494553
14442.0,205,2,1589.82,1,At-Risk / Inactive Customers,1589.82,-0.6597888018188631,0.9581556385892027
14443.0,54,4,1420.2,0,Regular Customers,1420.2,0.07867662674150404,-0.3816902137095154
14446.0,1,4,1010.35,0,Regular Customers,1010.35,0.25166110147501797,-0.8797634546934199
14447.0,19,5,1163.23,0,Regular Customers,1163.23,0.28159326437815635,-0.6928651804056778
14448.0,9,2,375.35,0,Regular Customers,375.35,0.0011080010576095443,-0.870212485822313
14449.0,19,4,885.8,0,Regular Customers,885.8,0.17436504252273052,-0.7224829072241151
14450.0,181,3,483.25,1,At-Risk / Inactive Customers,483.25,-0.5585005186229588,0.7082664980154223
14451.0,60,2,643.9,0,Regular Customers,643.9,-0.17419745566398304,-0.39660076226453717
14452.0,11,2,259.05,0,Regular Customers,259.05,-0.014685559068740328,-0.8573506912055979
14453.0,190,1,119.93,1,At-Risk / Inactive Customers,119.93,-0.7937566125134725,0.7391006024488805
14456.0,5,9,3017.28,0,Regular Customers,3017.28,0.8161548164602257,-0.6675685771430836
14457.0,311,1,113.64,1,At-Risk / Inactive Customers,113.64,-1.2549242399536928,1.8337936309099236
14459.0,155,1,1837.92,1,At-Risk / Inactive Customers,1837.92,-0.5396791691192122,0.4997329852490889
14460.0,110,3,434.34,0,Regular Customers,434.34,-0.2915969390892159,0.06355734649900352
14461.0,148,3,2103.06,1,At-Risk / Inactive Customers,2103.06,-0.31894242920942156,0.48257661866723145
14462.0,66,11,1980.57,0,Regular Customers,1980.57,0.6864248978551948,-0.12798865970092932
14463.0,98,3,529.62,0,Regular Customers,529.62,-0.23920504228602937,-0.04074488466063413
14465.0,247,3,1038.44,1,At-Risk / Inactive Customers,1038.44,-0.7707640361097605,1.3305264745471685
14466.0,29,7,2272.4,0,Regular Customers,2272.4,0.49695255217383094,-0.5181752522715638
14467.0,18,4,596.26,0,Regular Customers,596.26,0.15781211316134944,-0.7445702782265912
14470.0,12,2,461.19,0,Regular Customers,461.19,-0.004278635067611676,-0.8391989404420299
14472.0,104,8,1852.67,0,Regular Customers,1852.67,0.26958264435346796,0.15875367154303666
14473.0,74,2,234.34000000000003,0,Regular Customers,234.34000000000003,-0.2563049508226131,-0.28835177189892836
14474.0,46,1,547.66,0,Regular Customers,547.66,-0.21537725838046826,-0.544750975946975
14475.0,72,3,925.85,0,Regular Customers,925.85,-0.11234315195095206,-0.2581868122974115
14476.0,257,1,193.0,1,At-Risk / Inactive Customers,193.0,-1.043730661694871,1.348700115731892
14477.0,20,4,1309.6,0,Regular Customers,1309.6,0.200359192475273,-0.6943498111269502
14479.0,254,2,316.25,1,At-Risk / Inactive Customers,316.25,-0.9359215017270346,1.3442269483470828
14480.0,11,1,279.05,0,Regular Customers,279.05,-0.10099837618389262,-0.8735751511171881
14481.0,165,2,636.51,1,At-Risk / Inactive Customers,636.51,-0.5745200802750434,0.553252483032317
14482.0,18,6,2022.81,0,Regular Customers,2022.81,0.433566170287287,-0.6460826414540896
14483.0,282,1,137.1,1,At-Risk / Inactive Customers,137.1,-1.1428527537453081,1.572417705774443
14484.0,50,1,321.92,0,Regular Customers,321.92,-0.24648198050077277,-0.5187184810517722
14485.0,39,1,162.8,0,Regular Customers,162.8,-0.21578724765034413,-0.6254269484486554
14487.0,27,6,1165.48,0,Regular Customers,1165.48,0.3390095333546723,-0.6032436783492436
14488.0,68,1,1064.28,0,Regular Customers,1064.28,-0.2628165576812466,-0.32240099375052444
14489.0,207,1,463.38,1,At-Risk / Inactive Customers,463.38,-0.8343350642069386,0.908405789851435
14491.0,175,2,340.93,1,At-Risk / Inactive Customers,340.93,-0.6333818642866164,0.6304364279546639
14493.0,7,5,2383.2400000000002,0,Regular Customers,2383.2400000000002,0.41307665556162676,-0.746520842328392
14494.0,26,1,139.56,0,Regular Customers,139.56,-0.1679220807038432,-0.7441155234567868
14495.0,51,2,123.8,0,Regular Customers,123.8,-0.17650228513151275,-0.501465370514454
14496.0,312,2,538.8100000000001,1,At-Risk / Inactive Customers,538.8100000000001,-1.1411145253511172,1.8791134775880776
14497.0,309,1,475.37,1,At-Risk / Inactive Customers,475.37,-1.2218719373151374,1.831983544247845
14498.0,43,5,1957.32,0,Regular Customers,1957.32,0.24605047967307192,-0.4399219484268961
14499.0,26,3,808.44,0,Regular Customers,808.44,0.054552298146321815,-0.6797457515173917
14500.0,88,3,356.85,0,Regular Customers,356.85,-0.21327783047667911,-0.13901862064582554
14501.0,184,2,251.21,1,At-Risk / Inactive Customers,251.21,-0.6739598378944779,0.7078408538923274
14502.0,20,11,2429.83,0,Regular Customers,2429.83,0.8931688245828382,-0.5240304602391925
14503.0,3,6,3543.26,0,Regular Customers,3543.26,0.5975995723163259,-0.7133576681405489
14504.0,47,4,673.26,0,Regular Customers,673.26,0.0528050170958818,-0.47867064131535897
14505.0,17,8,5859.43,0,Regular Customers,5859.43,0.8826050272348102,-0.44811899178064635
14506.0,17,5,1960.65,0,Regular Customers,1960.65,0.3452834740579981,-0.6750561551468198
14507.0,24,6,1367.88,0,Regular Customers,1367.88,0.36466532949178354,-0.621277782337503
14508.0,22,2,268.05,0,Regular Customers,268.05,-0.055936794489890994,-0.7574021243838278
14511.0,11,5,1314.81,0,Regular Customers,1314.81,0.3227136124226587,-0.7584346611531603
14512.0,188,2,275.28,1,At-Risk / Inactive Customers,275.28,-0.6874978140302894,0.7451222880539103
14513.0,101,3,455.59000000000003,0,Regular Customers,455.59000000000003,-0.2558338051497353,-0.01693028215900359
14514.0,61,3,990.2,0,Regular Customers,990.2,-0.06593391317540177,-0.354832430097169
14515.0,18,6,2076.89,0,Regular Customers,2076.89,0.43736909900447757,-0.6436474201437903
14517.0,33,2,330.45,0,Regular Customers,330.45,-0.09343291908452588,-0.6550489566380566
14518.0,64,1,174.37,0,Regular Customers,174.37,-0.3101648204598633,-0.39867118566561077
14520.0,2,2,270.6,0,Regular Customers,270.6,0.020395466724350667,-0.9382751106681521
14522.0,24,4,974.54,0,Regular Customers,974.54,0.16156704122473037,-0.6732399936289721
14523.0,108,1,241.09,0,Regular Customers,241.09,-0.47300951861280754,0.0025064026024681574
14524.0,32,9,1843.83,0,Regular Customers,1843.83,0.6308308362862668,-0.4760754598088372
14525.0,20,9,4215.9,0,Regular Customers,4215.9,0.8433275791325804,-0.4778538831453217
14527.0,3,55,8507.13,3,High-Value Loyal Customers,8507.13,5.244903090142358,0.3492932138596195
14528.0,37,1,364.21999999999997,0,Regular Customers,364.21999999999997,-0.19400801273835708,-0.634455791180521
14529.0,60,3,578.61,0,Regular Customers,578.61,-0.0910694507086229,-0.38241571014036285
14530.0,26,6,2862.11,0,Regular Customers,2862.11,0.4621249274071669,-0.5358938542726337
14532.0,236,4,932.85,1,At-Risk / Inactive Customers,932.85,-0.6485858251128368,1.2433535214802611
14533.0,25,7,1949.72,0,Regular Customers,1949.72,0.489492145464963,-0.5689030887162172
14534.0,3,18,4397.3,3,High-Value Loyal Customers,4397.3,1.7102867381596025,-0.46939955004614653
14535.0,60,3,2854.84,0,Regular Customers,2854.84,0.06899601589512509,-0.27991711910592587
14536.0,260,1,170.95,1,At-Risk / Inactive Customers,170.95,-1.0567041687390581,1.3748553765861364
14537.0,58,1,355.56,0,Regular Customers,355.56,-0.2745775789706073,-0.4448085474364344
14538.0,65,2,388.25,0,Regular Customers,388.25,-0.2112131089759118,-0.362865723430007
14539.0,16,2,537.48,0,Regular Customers,537.48,-0.014144478481313656,-0.7995660407326691
14540.0,10,3,952.66,0,Regular Customers,952.66,0.12561626549438218,-0.8180417780097486
14541.0,59,8,1453.35,0,Regular Customers,1453.35,0.41284641553848106,-0.2664502786598683
14542.0,186,1,103.25,1,At-Risk / Inactive Customers,103.25,-0.7796989684187104,0.7021519398383906
14543.0,29,16,3599.73,3,High-Value Loyal Customers,3599.73,1.3797639961377692,-0.3042800735396397
14544.0,24,2,2004.3,0,Regular Customers,2004.3,0.0585417532800497,-0.6611200405956114
14546.0,5,5,2573.93,0,Regular Customers,2573.93,0.4341013522869375,-0.7560328567440502
14547.0,4,8,3974.75,0,Regular Customers,3974.75,0.7995729376848758,-0.6506281724811472
14548.0,151,2,652.8,1,At-Risk / Inactive Customers,652.8,-0.5200674996247256,0.42729455249101717
14549.0,311,1,289.24,1,At-Risk / Inactive Customers,289.24,-1.2425759728912176,1.8417008953716199
14550.0,11,2,757.37,0,Regular Customers,757.37,0.02035651634454378,-0.8349113516466427
14551.0,18,2,186.23,0,Regular Customers,186.23,-0.04645982304005855,-0.7972840398817602
14552.0,152,1,164.22,1,At-Risk / Inactive Customers,164.22,-0.6459515269451415,0.3972181360638557
14553.0,19,5,859.27,0,Regular Customers,859.27,0.2602186672465505,-0.7065524930809468
14554.0,10,4,2279.4900000000002,0,Regular Customers,2279.4900000000002,0.3066387439293159,-0.7411695903365039
14555.0,57,2,312.54,0,Regular Customers,312.54,-0.1860758908894391,-0.43867006829764316
14557.0,85,1,788.38,0,Regular Customers,788.38,-0.34694796612382484,-0.1809851243681956
14560.0,7,22,2237.77,3,High-Value Loyal Customers,2237.77,1.8940739792735626,-0.4619453418510986
14561.0,76,3,1080.76,0,Regular Customers,1080.76,-0.11668040335752526,-0.21501365557222749
14562.0,4,18,5006.77,3,High-Value Loyal Customers,5006.77,1.749337281879171,-0.4329057375901935
14565.0,96,4,3099.12,0,Regular Customers,3099.12,0.036817816156577046,0.0739859267997732
14566.0,111,1,1432.0,0,Regular Customers,1432.0,-0.40068715996166443,0.08328122781581969
14567.0,57,2,1530.3600000000001,0,Regular Customers,1530.3600000000001,-0.10043826791663914,-0.38383165823646387
14569.0,1,1,227.39,0,Regular Customers,227.39,-0.06655465740451737,-0.966395306242721
14570.0,281,2,218.06,1,At-Risk / Inactive Customers,218.06,-1.0456327390672966,1.5841390018150632
14572.0,3,7,2804.54,0,Regular Customers,2804.54,0.6333716918053833,-0.7294971553468997
14573.0,180,9,1639.82,1,At-Risk / Inactive Customers,1639.82,0.052952979360407444,0.8540477882256952
14576.0,372,1,35.400000000000006,1,At-Risk / Inactive Customers,35.400000000000006,-1.4926925897772305,2.382283314121917
14577.0,13,4,859.71,0,Regular Customers,859.71,0.1953762658074884,-0.7779540832182897
14578.0,3,1,168.63,0,Regular Customers,168.63,-0.07830198013465513,-0.950942486585425
14581.0,17,1,138.6,0,Regular Customers,138.6,-0.13372076345831238,-0.825603267967267
14582.0,41,1,114.11,0,Regular Customers,114.11,-0.22682644367593116,-0.6095206768942677
14583.0,6,5,986.96,0,Regular Customers,986.96,0.31869729631001836,-0.8184446932302863
14584.0,169,4,1033.06,1,At-Risk / Inactive Customers,1033.06,-0.3864266522606769,0.6415568031056936
14585.0,50,1,157.05,0,Regular Customers,157.05,-0.2580757093765717,-0.5261425738296759
14586.0,277,1,237.36,1,At-Risk / Inactive Customers,237.36,-1.1167641916568307,1.5316854583709896
14587.0,19,9,1580.29,0,Regular Customers,1580.29,0.6617980045134464,-0.6055847389749732
14589.0,372,1,39.75,1,At-Risk / Inactive Customers,39.75,-1.4923866959177672,2.3824791945342656
14591.0,15,4,1320.21,0,Regular Customers,1320.21,0.22014352824170663,-0.739118996223975
14592.0,35,3,557.94,0,Regular Customers,557.94,0.002668206210984405,-0.6095812457400445
14593.0,22,3,617.15,0,Regular Customers,617.15,0.05633129240179678,-0.7245570989095262
14594.0,7,2,363.33,0,Regular Customers,363.33,0.007878043931927264,-0.8888525274534068
14595.0,20,6,1740.6,0,Regular Customers,1740.6,0.4061057480405768,-0.6406917707943223
14597.0,11,2,866.24,0,Regular Customers,866.24,0.028012301282423553,-0.8300089377403507
14598.0,44,1,221.97,0,Regular Customers,221.97,-0.23066462398842053,-0.5775155713576832
14600.0,306,1,393.33000000000004,1,At-Risk / Inactive Customers,393.33000000000004,-1.2162180835655576,1.8011411127909926
14601.0,11,1,213.96,0,Regular Customers,213.96,-0.1055755328074491,-0.8765061525056381
14603.0,275,1,660.0,1,At-Risk / Inactive Customers,660.0,-1.0794286717815134,1.5326181477815868
14606.0,1,93,12076.15,2,VIP Loyal Customers,12076.15,8.836823971825766,1.142659592597895
14607.0,16,14,16209.5,3,High-Value Loyal Customers,16209.5,2.140549375097827,0.11164541818250572
14608.0,4,4,1785.15,0,Regular Customers,1785.15,0.2947224270545974,-0.817726054395538
14609.0,72,4,601.56,0,Regular Customers,601.56,-0.04742813770846836,-0.2556645249544409
14616.0,243,3,406.08000000000004,1,At-Risk / Inactive Customers,406.08000000000004,-0.8000012727953218,1.2658537539425028
14618.0,9,3,553.44,0,Regular Customers,553.44,0.1013505916488765,-0.8450680372021955
14619.0,246,1,394.44,1,At-Risk / Inactive Customers,394.44,-0.9876811955184395,1.2582276578697995
14620.0,206,2,412.78000000000003,1,At-Risk / Inactive Customers,412.78000000000003,-0.7463664049659388,0.9142029417429618
14621.0,1,5,1788.3600000000001,0,Regular Customers,1788.3600000000001,0.39409032290979396,-0.8276046205615658
14622.0,185,1,320.58000000000004,1,At-Risk / Inactive Customers,320.58000000000004,-0.7606085827120002,0.7028889147225891
14623.0,32,5,886.7,0,Regular Customers,886.7,0.2126481428911188,-0.5876752424572431
14624.0,57,2,225.85,0,Regular Customers,225.85,-0.192171968746193,-0.44257371725085765
14625.0,196,2,899.63,1,At-Risk / Inactive Customers,899.63,-0.6740544327935477,0.8456318810665641
14626.0,24,4,2791.27,0,Regular Customers,2791.27,0.2893202714093019,-0.5914326783357053
14628.0,91,2,671.96,0,Regular Customers,671.96,-0.29026132786190334,-0.11480611129387974
14629.0,4,2,955.26,0,Regular Customers,955.26,0.06092575617863994,-0.8893461033906149
14631.0,51,3,1006.98,0,Regular Customers,1006.98,-0.026677464340469564,-0.4445707334017537
14632.0,263,1,114.56,1,At-Risk / Inactive Customers,114.56,-1.0720924792623199,1.3994643079323246
14633.0,266,1,344.90000000000003,1,At-Risk / Inactive Customers,344.90000000000003,-1.0673178136191601,1.4369846854009622
14636.0,36,2,609.85,0,Regular Customers,609.85,-0.08520833327003914,-0.6153194083579674
14638.0,51,1,443.6,0,Regular Customers,443.6,-0.2417330380933046,-0.504189842466952
14639.0,52,6,2984.49,0,Regular Customers,2984.49,0.3717319139585948,-0.2950989287857405
14640.0,24,6,2107.38,0,Regular Customers,2107.38,0.41666728560055627,-0.5879781122382748
14641.0,22,1,110.46,0,Regular Customers,110.46,-0.15473781631816963,-0.7816234584170163
14642.0,59,1,96.12,0,Regular Customers,96.12,-0.29662915787777794,-0.44744173477212507
14643.0,170,2,693.8100000000001,1,At-Risk / Inactive Customers,693.8100000000001,-0.5895289558124753,0.6010796540609693
14644.0,68,2,830.76,0,Regular Customers,830.76,-0.19151855823796068,-0.31579133513655055
14645.0,157,2,597.09,1,At-Risk / Inactive Customers,597.09,-0.5468309338759442,0.4790822761334448
14646.0,2,73,280206.02,4,Elite VIP Customers,280206.02,25.933638885287998,12.883090436401318
14647.0,201,1,236.04000000000002,1,At-Risk / Inactive Customers,236.04000000000002,-0.8274758269490781,0.8438723304124064
14649.0,5,4,1402.59,0,Regular Customers,1402.59,0.26401299711820136,-0.8259033328503862
14651.0,67,2,653.75,0,Regular Customers,653.75,-0.20015832989694804,-0.3328114825064828
14652.0,77,1,114.18,0,Regular Customers,114.18,-0.3638968206695893,-0.2837394618763822
14653.0,1,7,1926.65,0,Regular Customers,1926.65,0.5792533861524488,-0.7871273056308922
14655.0,8,4,1932.23,0,Regular Customers,1932.23,0.2898345667009901,-0.7749054824125811
14656.0,169,2,291.05,1,At-Risk / Inactive Customers,291.05,-0.6140435639711996,0.5738939887398529
14657.0,18,4,848.22,0,Regular Customers,848.22,0.17553004806488745,-0.733224524503533
14658.0,5,2,247.15,0,Regular Customers,247.15,0.007323511081715277,-0.912182891785698
14659.0,9,9,2529.93,0,Regular Customers,2529.93,0.7666535673113668,-0.6533163752764937
14660.0,87,2,285.74,0,Regular Customers,285.74,-0.30218989453176043,-0.1683951526582152
14661.0,27,1,107.95,0,Regular Customers,107.95,-0.17395255662215425,-0.7364895304832046
14662.0,29,4,741.37,0,Regular Customers,741.37,0.12613219112216634,-0.6384926808474094
14664.0,20,2,636.24,0,Regular Customers,636.24,-0.022430221889925547,-0.7589213173760743
14665.0,61,5,1835.7,0,Regular Customers,1835.7,0.16896045957325062,-0.2825094631166303
14666.0,24,1,195.25,0,Regular Customers,195.25,-0.15639064168601632,-0.759706585152223
14667.0,11,25,9175.04,3,High-Value Loyal Customers,9175.04,2.629832859267107,-0.06198747246328058
14669.0,242,3,1259.24,1,At-Risk / Inactive Customers,1259.24,-0.7361990496949119,1.2952221409148588
14670.0,280,2,392.86,1,At-Risk / Inactive Customers,392.86,-1.029533081140581,1.5829608516562321
14672.0,235,2,765.55,1,At-Risk / Inactive Customers,765.55,-0.8319812367499781,1.1925204961974856
14673.0,3,5,1736.4,0,Regular Customers,1736.4,0.3828211790864035,-0.8118455970412886
14675.0,16,1,596.36,0,Regular Customers,596.36,-0.09772323737671057,-0.8140397350276832
14676.0,31,6,2548.2400000000002,0,Regular Customers,2548.2400000000002,0.42101521880835135,-0.5047804608649827
14680.0,25,16,28754.11,3,High-Value Loyal Customers,28754.11,3.1638613391254102,0.7922235884582256
14681.0,71,3,498.95,0,Regular Customers,498.95,-0.13855529522862933,-0.28645950133211207
14682.0,188,2,52.0,1,At-Risk / Inactive Customers,52.0,-0.7031989590741932,0.7350679941529561
14684.0,26,5,1201.51,0,Regular Customers,1201.51,0.25763159989796,-0.6277956983204821
14687.0,107,1,628.38,0,Regular Customers,628.38,-0.44196747305451234,0.010896672862007776
14688.0,8,21,5579.1,3,High-Value Loyal Customers,5579.1,2.0375108602973655,-0.319560988150153
14689.0,209,1,112.8,1,At-Risk / Inactive Customers,112.8,-0.8666032940792834,0.9107179607888436
14690.0,44,2,355.05,0,Regular Customers,355.05,-0.1335871558372562,-0.5543979221306233
14691.0,31,5,2114.33,0,Regular Customers,2114.33,0.3027832564635398,-0.5414444789303804
14692.0,137,4,591.55,0,Regular Customers,591.55,-0.2956291135910586,0.3320951163293209
14693.0,265,1,172.9,1,At-Risk / Inactive Customers,172.9,-1.0756052799365585,1.42019013823008
14696.0,4,7,2078.95,0,Regular Customers,2078.95,0.5785402456364082,-0.7531210677897643
14697.0,218,2,188.60999999999999,1,At-Risk / Inactive Customers,188.60999999999999,-0.8078219016648113,1.0127012587997064
14698.0,2,5,1217.27,0,Regular Customers,1217.27,0.3501233827838281,-0.8442714011175736
14699.0,214,1,109.13000000000001,1,At-Risk / Inactive Customers,109.13000000000001,-0.8858996060791249,0.9557996539460291
14700.0,32,3,2195.1,0,Regular Customers,2195.1,0.12921693885468477,-0.5630081358384207
14701.0,11,9,2526.09,0,Regular Customers,2526.09,0.7587682424574882,-0.6353905091258242
14702.0,1,17,3251.79,3,High-Value Loyal Customers,3251.79,1.5496300540446526,-0.5562056830462456
14703.0,15,1,318.17,0,Regular Customers,318.17,-0.11347802988638842,-0.8356160157588596
14704.0,11,9,1493.96,0,Regular Customers,1493.96,0.6861884196602637,-0.6818673022286185
14705.0,199,1,179.0,1,At-Risk / Inactive Customers,179.0,-0.8238716097191374,0.8232050390884562
14708.0,3,3,1126.37,0,Regular Customers,1126.37,0.16448515739242678,-0.8735653546664991
14709.0,15,13,4921.04,0,Regular Customers,4921.04,1.2628284640424194,-0.42284815830260497
14710.0,14,4,599.48,0,Regular Customers,599.48,0.1732691337626221,-0.7806228442380619
14711.0,10,11,2839.62,0,Regular Customers,2839.62,0.9600619046149425,-0.5960715311628473
14712.0,29,3,917.07,0,Regular Customers,917.07,0.050768264562978796,-0.6477059728963223
14713.0,9,11,2662.2,0,Regular Customers,2662.2,0.9513933015806953,-0.6131101408245182
14714.0,24,1,160.19,0,Regular Customers,160.19,-0.15885607587286357,-0.7612853362457712
14715.0,25,4,867.38,0,Regular Customers,867.38,0.15022385701160157,-0.6690160156330732
14716.0,43,2,307.51,0,Regular Customers,307.51,-0.1331225417526292,-0.5655880380093492
14719.0,2,5,1581.84,0,Regular Customers,1581.84,0.3757601010239569,-0.8278548213635836
14720.0,6,3,663.81,0,Regular Customers,663.81,0.12053479884658219,-0.8672462502360694
14722.0,147,1,180.42000000000002,1,At-Risk / Inactive Customers,180.42000000000002,-0.6257740999891905,0.3527006685541936
14723.0,10,6,1122.3600000000001,0,Regular Customers,1122.3600000000001,0.40070731902805423,-0.7590250119033854
14725.0,25,1,655.58,0,Regular Customers,655.58,-0.12782768651825613,-0.7299285438911299
14727.0,274,1,268.58,1,At-Risk / Inactive Customers,268.58,-1.103145846292809,1.5059431224319715
14729.0,374,1,313.49,1,At-Risk / Inactive Customers,313.49,-1.4807524765165094,2.4129044824917556
14730.0,1,8,1897.57,0,Regular Customers,1897.57,0.6649276937862384,-0.7713117179363419
14731.0,47,3,380.02,0,Regular Customers,380.02,-0.05553497071773156,-0.5090002921152279
14732.0,8,8,2702.4900000000002,0,Regular Customers,2702.4900000000002,0.6948764818161564,-0.6717204520987833
14733.0,16,12,9585.91,3,High-Value Loyal Customers,9585.91,1.4993372436303938,-0.22086482507071634
14735.0,4,32,6065.69,3,High-Value Loyal Customers,6065.69,3.0518701482298534,-0.14547175820689193
14737.0,4,3,1164.55,0,Regular Customers,1164.55,0.16336234410674758,-0.8627967193991709
14738.0,43,7,1314.45,0,Regular Customers,1314.45,0.37628203779885216,-0.4346202525560101
14739.0,4,7,3902.28,0,Regular Customers,3902.28,0.7067575906422344,-0.6710165546294861
14740.0,197,3,1448.21,1,At-Risk / Inactive Customers,1448.21,-0.5515664742377826,0.8965088775580321
14741.0,12,6,1400.34,0,Regular Customers,1400.34,0.41263969704175435,-0.7284087968313306
14744.0,16,7,1099.98,0,Regular Customers,1099.98,0.4640068902885815,-0.6886113795239562
14745.0,113,5,1220.26,0,Regular Customers,1220.26,-0.07231519902743143,0.1603455991900083
14747.0,249,1,328.2,1,At-Risk / Inactive Customers,328.2,-1.00376216225221,1.282393043914463
14748.0,29,5,1415.75,0,Regular Customers,1415.75,0.26127410665896783,-0.5910003035274324
14752.0,44,1,389.64,0,Regular Customers,389.64,-0.21887399791572562,-0.5699653946361989
14753.0,87,1,563.15,0,Regular Customers,563.15,-0.37040153041370216,-0.1730284454565635
14754.0,45,2,638.05,0,Regular Customers,638.05,-0.11749412207148208,-0.5326050471963676
14755.0,10,11,5010.28,0,Regular Customers,5010.28,1.112703643691438,-0.49832675510119673
14756.0,15,1,738.96,0,Regular Customers,738.96,-0.08388789721429855,-0.8166678505376909
14757.0,75,1,420.5,0,Regular Customers,420.5,-0.3347409729167499,-0.28804465972196097
14758.0,145,4,1484.06,0,Regular Customers,1484.06,-0.2633286065258808,0.4446799487386062
14759.0,5,3,1625.97,0,Regular Customers,1625.97,0.19200194854044214,-0.8329695954600412
14760.0,297,1,89.2,1,At-Risk / Inactive Customers,89.2,-1.2033358103139369,1.7060016292893252
14761.0,59,2,255.9,0,Regular Customers,255.9,-0.1976741343133557,-0.4231217850830647
14762.0,264,1,300.52,1,At-Risk / Inactive Customers,300.52,-1.06282333977754,1.416887473621916
14764.0,47,1,278.3,0,Regular Customers,278.3,-0.2381264159280703,-0.5478308606827796
14765.0,29,3,254.11,0,Regular Customers,254.11,0.004148633972212137,-0.6775590483378157
14766.0,8,6,2473.37,0,Regular Customers,2473.37,0.5033262141470515,-0.7162878400992514
14768.0,17,2,192.60000000000002,0,Regular Customers,192.60000000000002,-0.04220423471090966,-0.8060465895467614
14769.0,3,8,10416.98,0,Regular Customers,10416.98,1.25640095230504,-0.36958407602739457
14770.0,232,2,876.42,1,At-Risk / Inactive Customers,876.42,-0.812761869338541,1.1703647981535366
14772.0,112,1,139.26,0,Regular Customers,139.26,-0.49540083656619116,0.03411856230091003
14775.0,58,3,1011.9,0,Regular Customers,1011.9,-0.05298501828082635,-0.38100345144436076
14776.0,51,11,2538.3,0,Regular Customers,2538.3,0.782759417957205,-0.23861494858878005
14778.0,127,2,730.86,0,Regular Customers,730.86,-0.4231947541079224,0.21362421743859358
14779.0,281,3,386.15,1,At-Risk / Inactive Customers,386.15,-0.9460933527506581,1.6088331506366789
14780.0,55,2,447.68,0,Regular Customers,447.68,-0.16895749390968928,-0.4506834980939804
14782.0,320,1,200.10000000000002,1,At-Risk / Inactive Customers,200.10000000000002,-1.2831131606511508,1.9191314386975968
14784.0,26,2,289.99,0,Regular Customers,289.99,-0.0696245531361985,-0.7202166040793258
14785.0,10,2,77.4,0,Regular Customers,77.4,-0.02365161751115526,-0.8745797776820351
14788.0,7,2,679.4399999999999,0,Regular Customers,679.4399999999999,0.030107034257206695,-0.8746181005229577
14789.0,29,1,197.64,0,Regular Customers,197.64,-0.17526081189543297,-0.7143520103171453
14790.0,17,4,745.06,0,Regular Customers,745.06,0.1720834399740311,-0.7469192078615275
14792.0,64,1,6.2,0,Regular Customers,6.2,-0.3219906067462897,-0.4062438773770201
14793.0,21,1,228.99,0,Regular Customers,228.99,-0.14259508884478825,-0.7853354455420183
14794.0,3,7,1319.91,0,Regular Customers,1319.91,0.5289718755812222,-0.7963500143319128
14795.0,166,1,131.45000000000002,1,At-Risk / Inactive Customers,131.45000000000002,-0.7015629882400468,0.5224339725372242
14796.0,1,17,7975.49,3,High-Value Loyal Customers,7975.49,1.881802657250886,-0.34349756722782215
14798.0,53,3,173.74,0,Regular Customers,173.74,-0.09288655173203032,-0.46399273253884604
14799.0,51,1,157.7,0,Regular Customers,157.7,-0.2618376483049315,-0.5170639137061261
14800.0,48,12,4331.79,0,Regular Customers,4331.79,1.0080205686905808,-0.16787724242857907
14801.0,61,1,189.34,0,Regular Customers,189.34,-0.2976891820421128,-0.4251452587771945
14803.0,162,3,845.55,1,At-Risk / Inactive Customers,845.55,-0.4606781308351698,0.5526424376188572
14804.0,9,1,353.27,0,Regular Customers,353.27,-0.08816389964517916,-0.8883318072859999
14805.0,15,4,546.4,0,Regular Customers,546.4,0.1657288782666838,-0.7739636449318639
14806.0,75,1,193.39000000000001,0,Regular Customers,193.39000000000001,-0.3507114451978363,-0.2982714184457415
14808.0,40,8,2718.6,0,Regular Customers,2718.6,0.5741646333038446,-0.3814145187506889
14810.0,41,11,2085.33,0,Regular Customers,2085.33,0.7889828459914665,-0.3495060849279995
14813.0,370,2,152.88,1,At-Risk / Inactive Customers,152.88,-1.3890968258820655,2.38659971439002
14815.0,37,2,778.5,0,Regular Customers,778.5,-0.07715644038464116,-0.5986757116195828
14816.0,197,1,271.85,1,At-Risk / Inactive Customers,271.85,-0.8097270636167914,0.8092872914442539
14817.0,200,2,1110.34,1,At-Risk / Inactive Customers,1110.34,-0.6744678043476944,0.8913177106673896
14818.0,74,3,657.8,0,Regular Customers,657.8,-0.13880783694478838,-0.2521583171229653
14819.0,64,2,272.07,0,Regular Customers,272.07,-0.21557528903233436,-0.37714669712565124
14820.0,21,4,507.29,0,Regular Customers,507.29,0.1401327631113485,-0.7214284236239228
14821.0,367,1,48.800000000000004,1,At-Risk / Inactive Customers,48.800000000000004,-1.4727120600181756,2.3376397626686742
14823.0,180,3,321.43,1,At-Risk / Inactive Customers,321.43,-0.5660721229887856,0.6919303560394147
14824.0,10,4,1127.71,0,Regular Customers,1127.71,0.2256450819861621,-0.7930342205283756
14825.0,4,12,2221.01,0,Regular Customers,2221.01,1.0271260938838256,-0.6610988113092723
14828.0,197,3,2139.76,1,At-Risk / Inactive Customers,2139.76,-0.5029363826258533,0.9276493601234429
14829.0,29,4,697.55,0,Regular Customers,697.55,0.12305074999074454,-0.6404658945644455
14830.0,53,1,188.88,0,Regular Customers,188.88,-0.26726035178906116,-0.4975610976611025
14834.0,18,6,1720.3,0,Regular Customers,1720.3,0.41229353777550226,-0.6597046606585757
14836.0,10,3,102.44999999999999,0,Regular Customers,102.44999999999999,0.06582913486119812,-0.8563267171781932
14837.0,90,4,1649.5,0,Regular Customers,1649.5,-0.042274198664846545,-0.04558677641056676
14840.0,268,1,62.85,1,At-Risk / Inactive Customers,62.85,-1.0947669845974761,1.442382760857506
14841.0,53,6,3295.76,0,Regular Customers,3295.76,0.3898129062087435,-0.2720330563211194
14842.0,44,4,2824.69,0,Regular Customers,2824.69,0.21551743597089865,-0.40893996367616914
14844.0,64,4,3189.81,0,Regular Customers,3189.81,0.1650398863219206,-0.21151080470031922
14847.0,149,1,309.4,1,At-Risk / Inactive Customers,309.4,-0.6243194656674541,0.37660741662856756
14849.0,22,25,7930.54,3,High-Value Loyal Customers,7930.54,2.5004349680212825,-0.01848398538374514
14850.0,312,1,325.75,1,At-Risk / Inactive Customers,325.75,-1.2438162212907597,1.8523943305725983
14851.0,23,2,511.35,0,Regular Customers,511.35,-0.04263548169439177,-0.7373969396496253
14852.0,58,6,2836.69,0,Regular Customers,2836.69,0.3384926715423231,-0.24745801598771838
14853.0,24,2,475.8,0,Regular Customers,475.8,-0.04894302009690642,-0.729948364796653
14854.0,78,7,2740.03,0,Regular Customers,2740.03,0.3432617805639624,-0.05369774159850283
14855.0,119,2,645.65,0,Regular Customers,645.65,-0.39872558008234676,0.13739208776238054
14856.0,36,3,1290.53,0,Regular Customers,1290.53,0.05037660095977826,-0.5675433421649342
14857.0,60,2,1173.12,0,Regular Customers,1173.12,-0.13698247904209707,-0.37276999632821056
14859.0,13,4,1353.74,0,Regular Customers,1353.74,0.23011666658695693,-0.7557079222728919
14860.0,19,1,170.32,0,Regular Customers,170.32,-0.13910549391161214,-0.8060761357331242
14861.0,52,1,125.79,0,Regular Customers,125.79,-0.2678892203514814,-0.5094514297264991
14862.0,26,2,841.1999999999999,0,Regular Customers,841.1999999999999,-0.030863230314404605,-0.6953956288860931
14863.0,29,1,266.76,0,Regular Customers,266.76,-0.17040026394920121,-0.711239538109899
14865.0,7,2,52.2,0,Regular Customers,52.2,-0.014000750664587181,-0.9028627050842017
14866.0,11,12,14389.9,3,High-Value Loyal Customers,14389.9,1.8561941099886718,-0.04978820535335523
14867.0,186,3,710.28,1,At-Risk / Inactive Customers,710.28,-0.5615739080071224,0.7637366075240504
14868.0,3,8,2953.59,0,Regular Customers,2953.59,0.7315721771831293,-0.705660377341632
14869.0,9,2,721.45,0,Regular Customers,721.45,0.025445901002499657,-0.8546276097961564
14870.0,262,1,327.25,1,At-Risk / Inactive Customers,327.25,-1.053328380339037,1.399992343710018
14871.0,3,4,501.28000000000003,0,Regular Customers,501.28000000000003,0.2082477870540872,-0.8845880852624707
14873.0,210,1,519.68,1,At-Risk / Inactive Customers,519.68,-0.8417989657594123,0.9380891496269433
14875.0,108,2,1465.3200000000002,0,Regular Customers,1465.3200000000002,-0.2992019160355616,0.07475851434308156
14878.0,13,9,1476.09,0,Regular Customers,1476.09,0.6773164992090815,-0.6645732066952474
14880.0,77,3,690.59,0,Regular Customers,690.59,-0.14792497174691344,-0.22353361217373569
14881.0,20,1,255.4,0,Regular Customers,255.4,-0.136930279149284,-0.7931955944108214
14882.0,27,2,589.7,0,Regular Customers,589.7,-0.052356465027520276,-0.6976712781817731
14883.0,19,6,761.59,0,Regular Customers,761.59,0.3410689935563891,-0.6938259620041206
14885.0,132,1,765.3199999999999,0,Regular Customers,765.3199999999999,-0.5275289738730149,0.24329784421887302
14886.0,253,1,364.8,1,At-Risk / Inactive Customers,364.8,-1.0164190234319121,1.320238703723569
14887.0,79,1,1862.0,0,Regular Customers,1862.0,-0.2486046655539035,-0.1869363812212989
14888.0,207,1,369.2,1,At-Risk / Inactive Customers,369.2,-0.8409578420653891,0.9041648663491425
14889.0,336,1,135.9,1,At-Risk / Inactive Customers,135.9,-1.3485500873936345,2.061030764177567
14890.0,254,1,125.65,1,At-Risk / Inactive Customers,125.65,-1.0370438008658618,1.3185191746790392
14891.0,148,2,554.38,1,At-Risk / Inactive Customers,554.38,-0.515565494476987,0.39571452996421835
14893.0,10,2,1237.8500000000001,0,Regular Customers,1237.8500000000001,0.05795172253810136,-0.8223247375648622
14894.0,85,1,655.75,0,Regular Customers,655.75,-0.35627456441822175,-0.18695745059572857
14895.0,8,20,11138.710000000001,3,High-Value Loyal Customers,11138.710000000001,2.3407457863596552,-0.0863369213837371
14896.0,205,2,468.77000000000004,1,At-Risk / Inactive Customers,468.77000000000004,-0.7386215170260837,0.9076747796781279
14897.0,8,4,1366.38,0,Regular Customers,1366.38,0.25004375282114016,-0.8003856965108208
14898.0,23,6,1269.31,0,Regular Customers,1269.31,0.36154149216298165,-0.6347657780879851
14901.0,11,9,1421.29,0,Regular Customers,1421.29,0.6810782341965388,-0.685139630864333
14902.0,26,1,332.66,0,Regular Customers,332.66,-0.15434320616076813,-0.7354202343477118
14903.0,21,5,2795.33,0,Regular Customers,2795.33,0.38874793962784193,-0.6012729690188605
14904.0,2,2,1025.44,0,Regular Customers,1025.44,0.07347613819040338,-0.9042846806780217
14905.0,158,2,616.15,1,At-Risk / Inactive Customers,616.15,-0.549298273734713,0.488989938186037
14907.0,3,7,3501.1,0,Regular Customers,3501.1,0.6823540887589015,-0.6981310725824394
14908.0,74,1,277.8,0,Regular Customers,277.8,-0.34096805070948716,-0.30351982848323267
14910.0,3,4,434.35,0,Regular Customers,434.35,0.20354124084399908,-0.8876019418138451
14911.0,1,201,143711.17,2,VIP Loyal Customers,143711.17,27.567131219061896,8.919688317707696
14912.0,17,2,867.85,0,Regular Customers,867.85,0.005279633933375332,-0.7756400956529091
14913.0,36,4,1227.43,0,Regular Customers,1227.43,0.13365860765128199,-0.5532596743848879
14915.0,91,2,307.48,0,Regular Customers,307.48,-0.31589171726356047,-0.13121863834968323
14916.0,71,4,1268.98,0,Regular Customers,1268.98,0.0033127691949931437,-0.23466000643946275
14918.0,116,2,1610.15,0,Regular Customers,1610.15,-0.3194785861758026,0.153675331417964
14920.0,213,2,977.77,1,At-Risk / Inactive Customers,977.77,-0.733289597097181,1.0029901645150603
14921.0,30,2,1316.07,0,Regular Customers,1316.07,-0.012700757749966428,-0.6378146798080367
14923.0,51,1,749.1,0,Regular Customers,749.1,-0.22025014750340594,-0.4904331836227137
14924.0,246,1,310.05,1,At-Risk / Inactive Customers,310.05,-0.9936155363920288,1.2544275778702405
14929.0,32,1,223.88,0,Regular Customers,223.88,-0.18483854549743967,-0.6860222517359346
14930.0,109,3,2362.96,0,Regular Customers,2362.96,-0.15216790906961633,0.14135367560106293
14931.0,5,5,1257.68,0,Regular Customers,1257.68,0.3415420896389699,-0.8153035677218853
14932.0,366,1,363.53,1,At-Risk / Inactive Customers,363.53,-1.4467724646765845,2.3427626575902836
14934.0,82,2,1890.94,0,Regular Customers,1890.94,-0.17027330833735138,-0.14135998218589826
14935.0,297,1,1784.71,1,At-Risk / Inactive Customers,1784.71,-1.0841068223464114,1.78235041042515
14936.0,34,8,8137.02,0,Regular Customers,8137.02,0.9780361271143279,-0.1917195191506121
14937.0,57,3,1621.88,0,Regular Customers,1621.88,-0.00628331673083057,-0.3625854549719786
14944.0,30,12,5900.25,0,Regular Customers,5900.25,1.1868529960607426,-0.26013855169237127
14946.0,14,1,100.9,0,Regular Customers,100.9,-0.12494890195502982,-0.8544490701175611
14947.0,72,2,290.82,0,Regular Customers,290.82,-0.24471795866709065,-0.3039072599102829
14948.0,23,6,1101.97,0,Regular Customers,1101.97,0.34977407183134945,-0.6423010949161188
14950.0,19,1,371.2,0,Regular Customers,371.2,-0.12497952644287613,-0.7970305133808145
14951.0,79,1,311.69,0,Regular Customers,311.69,-0.3576231274538242,-0.2567468092828736
14952.0,60,11,8099.49,0,Regular Customers,8099.49,1.1395558511033999,0.09324984078421748
14953.0,25,1,285.67,0,Regular Customers,285.67,-0.1538399158410365,-0.7465855837375202
14954.0,12,1,294.85,0,Regular Customers,294.85,-0.10369496063619021,-0.8638142867989077
14957.0,253,1,58.49,1,At-Risk / Inactive Customers,58.49,-1.0379588735680556,1.306445570595652
14958.0,147,3,483.72999999999996,1,At-Risk / Inactive Customers,483.72999999999996,-0.42900675980661723,0.4006088307597485
14959.0,64,4,695.42,0,Regular Customers,695.42,-0.010366684737121299,-0.32383313613887743
14960.0,8,2,221.27,0,Regular Customers,221.27,-0.005919323199654782,-0.88620009575428
14961.0,11,9,7044.68,0,Regular Customers,7044.68,1.0765174227868177,-0.4319184924744767
14962.0,271,1,126.7,1,At-Risk / Inactive Customers,126.7,-1.1016999669226053,1.472406096980883
14963.0,10,5,1472.34,0,Regular Customers,1472.34,0.337598836567091,-0.7603904790640043
14964.0,247,1,206.21,1,At-Risk / Inactive Customers,206.21,-1.004725256785981,1.2588010553992421
14965.0,96,2,596.09,0,Regular Customers,596.09,-0.31463477472456214,-0.07297558268187938
14966.0,15,1,183.02,0,Regular Customers,183.02,-0.1229818356579917,-0.841701817535615
14967.0,50,1,463.8,0,Regular Customers,463.8,-0.23650491825234454,-0.5123296275106248
14968.0,30,1,147.59,0,Regular Customers,147.59,-0.18258799649615884,-0.7075563701720011
14970.0,68,4,1592.06,0,Regular Customers,1592.06,0.03745483451832032,-0.2472598924593992
14971.0,35,3,1097.98,0,Regular Customers,1097.98,0.04064404985801834,-0.5852632554217386
14972.0,128,1,114.77,0,Regular Customers,114.77,-0.5580453391341254,0.1778060282807323
14973.0,107,3,1314.45,0,Regular Customers,1314.45,-0.2182842860562611,0.076040510155028
14974.0,37,1,89.94,0,Regular Customers,89.94,-0.21329549958286578,-0.6468066140538358
14975.0,57,1,279.94,0,Regular Customers,279.94,-0.2760875624891369,-0.4572631051493542
14976.0,57,7,790.86,0,Regular Customers,790.86,0.28615590429663396,-0.33150603079272056
14978.0,72,5,1921.3700000000001,0,Regular Customers,1921.3700000000001,0.13310069132567612,-0.1791084477397447
14981.0,246,1,102.12,1,At-Risk / Inactive Customers,102.12,-1.0082372628743779,1.2450644941599869
14984.0,19,2,202.37,0,Regular Customers,202.37,-0.04913249854701884,-0.7875078653703307
14985.0,198,2,292.01,1,At-Risk / Inactive Customers,292.01,-0.7243978253409418,0.8363695459832754
14987.0,16,2,326.4,0,Regular Customers,326.4,-0.02898771431017063,-0.8090709688794508
14988.0,212,1,334.54,1,At-Risk / Inactive Customers,334.54,-0.8624333841123043,0.94785108043077
14995.0,39,2,231.98000000000002,0,Regular Customers,231.98000000000002,-0.12320325481405545,-0.6051867149340238
14997.0,46,3,546.1999999999999,0,Regular Customers,546.1999999999999,-0.04004147487574568,-0.5105666007003676
14998.0,170,2,414.87,1,At-Risk / Inactive Customers,414.87,-0.6091441358489609,0.5885189914815525
15000.0,48,1,490.52,0,Regular Customers,490.52,-0.22701066201811626,-0.5292252077223215
15002.0,116,4,1641.76,0,Regular Customers,1641.76,-0.14181730613488383,0.18934884809821764
15004.0,147,1,1220.77,1,At-Risk / Inactive Customers,1220.77,-0.5526162432782215,0.3995476080913566
15005.0,16,28,6295.37,3,High-Value Loyal Customers,6295.37,2.6714526748773557,-0.09503682282950812
15006.0,51,1,480.38,0,Regular Customers,480.38,-0.23914665277122119,-0.5025336398080613
15007.0,159,1,156.91,1,At-Risk / Inactive Customers,156.91,-0.6731190997133689,0.4602347013676806
15009.0,12,3,1259.43,0,Regular Customers,1259.43,0.13957316861473756,-0.7861291498178063
15010.0,36,1,308.94,0,Regular Customers,308.94,-0.1940876787622925,-0.6459944391032876
15012.0,54,2,405.04,0,Regular Customers,405.04,-0.16814830973049438,-0.46165296707144027
15014.0,43,2,257.67,0,Regular Customers,257.67,-0.1366273118573773,-0.5678323322050836
15016.0,173,1,170.04,1,At-Risk / Inactive Customers,170.04,-0.7255028533877297,0.5875174139161735
15017.0,34,1,125.58,0,Regular Customers,125.58,-0.1993663379294583,-0.6723499174819157
15018.0,39,3,496.21000000000004,0,Regular Customers,496.21000000000004,-0.016903262601139186,-0.5761633838496093
15019.0,267,1,252.81,1,At-Risk / Inactive Customers,252.81,-1.077601268990424,1.441887265193204
15021.0,9,9,1871.77,0,Regular Customers,1871.77,0.7203714747724218,-0.682953306814706
15022.0,12,4,852.39,0,Regular Customers,852.39,0.19866916748467095,-0.7873330933074403
15023.0,3,11,6720.41,0,Regular Customers,6720.41,1.2596142467519444,-0.48466537011649186
15024.0,10,10,1636.43,0,Regular Customers,1636.43,0.7877338438315147,-0.6673762121274124
15025.0,33,1,361.96,0,Regular Customers,361.96,-0.17893634807958084,-0.6707551214815709
15026.0,80,3,469.0,0,Regular Customers,469.0,-0.1749302168870366,-0.20636363349880177
15027.0,31,4,1066.1499999999999,0,Regular Customers,1066.1499999999999,0.14135556514112746,-0.6057690627183648
15028.0,8,4,627.13,0,Regular Customers,627.13,0.19805937681923316,-0.8336741091150864
15030.0,72,2,518.28,0,Regular Customers,518.28,-0.2287228742363923,-0.2936647406935548
15031.0,4,4,653.19,0,Regular Customers,653.19,0.21512251598375715,-0.8686981903867785
15032.0,256,3,4959.1,1,At-Risk / Inactive Customers,4959.1,-0.529330373829184,1.5885182310765054
15033.0,5,10,2557.18,0,Regular Customers,2557.18,0.8715196134489805,-0.6711618113635697
15034.0,16,8,4274.16,0,Regular Customers,4274.16,0.7749358103969989,-0.5285530585744314
15035.0,90,1,252.73000000000002,0,Regular Customers,252.73000000000002,-0.4036533391253498,-0.1598584798917235
15036.0,72,3,429.56,0,Regular Customers,429.56,-0.14724247689648662,-0.2805347409972709
15038.0,59,6,685.74,0,Regular Customers,685.74,0.18342930088490952,-0.3352658605098744
15039.0,10,47,19766.59,3,High-Value Loyal Customers,19766.59,5.308265794584398,0.7826517291716084
15041.0,170,1,179.93,1,At-Risk / Inactive Customers,179.93,-0.7133844427414905,0.5608145885069505
15042.0,199,1,135.93,1,At-Risk / Inactive Customers,135.93,-0.826900310529962,0.8212655978563078
15043.0,31,1,537.0,0,Regular Customers,537.0,-0.15901216604406357,-0.6809718550818848
15044.0,19,17,7634.7300000000005,3,High-Value Loyal Customers,7634.7300000000005,1.7893026186768572,-0.19595295170193064
15045.0,152,2,735.66,1,At-Risk / Inactive Customers,735.66,-0.5180483962113651,0.44007512725805237
15046.0,9,15,5090.42,3,High-Value Loyal Customers,5090.42,1.4730236726121577,-0.435267205118271
15047.0,270,1,343.62,1,At-Risk / Inactive Customers,343.62,-1.0826384125911548,1.4731246095733428
15048.0,65,4,381.0,0,Regular Customers,381.0,-0.03628448074619911,-0.3289420717667324
15049.0,274,1,121.17000000000002,1,At-Risk / Inactive Customers,121.17000000000002,-1.1135117805051067,1.4993052531022524
15050.0,25,3,1737.69,0,Regular Customers,1737.69,0.12370520257237966,-0.6469510333782338
15051.0,23,3,1383.3600000000001,0,Regular Customers,1383.3600000000001,0.10640385992189146,-0.681005287411852
15052.0,319,1,207.73000000000002,1,At-Risk / Inactive Customers,207.73000000000002,-1.2787689685833987,1.9104256268072066
15053.0,5,3,693.95,0,Regular Customers,693.95,0.12646190373652286,-0.8749384372800313
15054.0,12,2,302.1,0,Regular Customers,302.1,-0.015465911872675448,-0.8463627599363994
15057.0,275,2,1489.5,1,At-Risk / Inactive Customers,1489.5,-0.9333786515366757,1.5870955755759277
15058.0,25,11,2102.54,0,Regular Customers,2102.54,0.8511154158474714,-0.4935213691611313
15059.0,41,9,1337.72,0,Regular Customers,1337.72,0.5609721398871519,-0.4174210671810014
15060.0,8,4,294.25,0,Regular Customers,294.25,0.17465111292540184,-0.8486636888076234
15061.0,4,48,54534.14,3,High-Value Loyal Customers,54534.14,7.8636998813218515,2.3110625208013897
15062.0,71,4,987.86,0,Regular Customers,987.86,-0.016455709373361382,-0.24731883437495297
15063.0,213,1,370.79999999999995,1,At-Risk / Inactive Customers,370.79999999999995,-0.8636912126187122,0.9585332581367858
15065.0,38,4,3158.13,0,Regular Customers,3158.13,0.26181096254137265,-0.44822151101479885
15066.0,53,1,893.59,0,Regular Customers,893.59,-0.2177048433517208,-0.46582802056086303
15067.0,78,3,1744.76,0,Regular Customers,1744.76,-0.07760293393461838,-0.1670149676783957
15068.0,46,2,553.36,0,Regular Customers,553.36,-0.12725720627952086,-0.5273692455532345
15069.0,179,1,1109.53,1,At-Risk / Inactive Customers,1109.53,-0.6822833982279264,0.6841189735055273
15070.0,373,1,106.2,1,At-Risk / Inactive Customers,106.2,-1.491521550719072,2.3945208273319594
15071.0,94,2,982.07,0,Regular Customers,982.07,-0.27987720172003266,-0.07369369233259065
15073.0,10,3,1043.41,0,Regular Customers,1043.41,0.13199784428663522,-0.8139553073383423
15074.0,105,1,735.67,0,Regular Customers,735.67,-0.4268074999796027,-0.002370841873157738
15075.0,78,1,773.03,0,Regular Customers,773.03,-0.32137385424190545,-0.24502206901542609
15076.0,173,1,880.85,1,At-Risk / Inactive Customers,880.85,-0.675518390342866,0.6195251738934993
15078.0,7,32,9743.11,3,High-Value Loyal Customers,9743.11,3.2990449529716313,0.04727056220379823
15079.0,213,4,895.61,1,At-Risk / Inactive Customers,895.61,-0.5636286720887098,1.033540620387756
15081.0,22,5,504.8,0,Regular Customers,504.8,0.22386924370516464,-0.6953660981285084
15083.0,257,1,88.2,1,At-Risk / Inactive Customers,88.2,-1.051100242492977,1.3439809738435904
15087.0,282,1,306.94,1,At-Risk / Inactive Customers,306.94,-1.1309095323450187,1.5800655975522022
15088.0,21,2,1160.07,0,Regular Customers,1160.07,0.010598080421725137,-0.7262838723944931
15089.0,10,6,2420.84,0,Regular Customers,2420.84,0.4920169876800071,-0.7005544836674885
15090.0,308,1,381.32,1,At-Risk / Inactive Customers,381.32,-1.2246779263118073,1.8186990840062858
15091.0,68,1,480.71,0,Regular Customers,480.71,-0.3038534495357381,-0.34867913909170983
15092.0,215,2,457.81,1,At-Risk / Inactive Customers,457.81,-0.7774687009731822,0.9976751574654408
15093.0,18,6,4597.02,0,Regular Customers,4597.02,0.6145857178664131,-0.5301660170238878
15095.0,104,4,1370.6,0,Regular Customers,1370.6,-0.11519362677118157,0.06854583112227006
15096.0,43,1,219.39000000000001,0,Regular Customers,219.39000000000001,-0.2270384034850641,-0.5866811393423437
15097.0,4,1,248.08,0,Regular Customers,248.08,-0.07652266937894281,-0.9383154640496788
15098.0,182,3,39916.5,3,High-Value Loyal Customers,39916.5,2.2106548304199998,2.4929943415802502
15099.0,84,1,410.48,0,Regular Customers,410.48,-0.36971440845582276,-0.20705134439023598
15100.0,334,3,876.0,1,At-Risk / Inactive Customers,876.0,-1.1134521932871444,2.1105087900086
15101.0,9,2,317.53,0,Regular Customers,317.53,-0.002957926058292054,-0.872816119257252
15103.0,31,2,703.36,0,Regular Customers,703.36,-0.05959443406693576,-0.65635560812541
15104.0,197,2,993.54,1,At-Risk / Inactive Customers,993.54,-0.6712582886567228,0.8589100371109443
15105.0,18,7,2298.93,0,Regular Customers,2298.93,0.5407022723827364,-0.6165239039092562
15106.0,18,5,1422.52,0,Regular Customers,1422.52,0.3036342952212076,-0.6902387475669647
15107.0,311,6,319.5,1,At-Risk / Inactive Customers,319.5,-0.8018519484341462,1.9286888001048585
15108.0,142,4,1300.25,0,Regular Customers,1300.25,-0.2648312626791943,0.4092548162323984
15109.0,246,1,484.95,1,At-Risk / Inactive Customers,484.95,-0.9813164936287775,1.2623033213460417
15110.0,24,4,996.1,0,Regular Customers,996.1,0.16308314964082926,-0.6722691472634017
15111.0,29,3,1567.48,0,Regular Customers,1567.48,0.09650537378908676,-0.6184180237019491
15113.0,10,3,3509.43,0,Regular Customers,3509.43,0.3054094248185563,-0.7029104764281345
15114.0,30,10,2760.56,0,Regular Customers,2760.56,0.7906302018311093,-0.43576884814545674
15115.0,18,1,340.11,0,Regular Customers,340.11,-0.12335814132648534,-0.8074798860910046
15116.0,18,4,1352.75,0,Regular Customers,1352.75,0.21100881333271584,-0.710505548769708
15117.0,15,5,1551.78,0,Regular Customers,1551.78,0.3241468552936865,-0.7115663442814683
15118.0,134,1,244.8,0,Regular Customers,244.8,-0.5717474571883953,0.23795762038053742
15119.0,246,1,266.4,1,At-Risk / Inactive Customers,266.4,-0.9966850230507819,1.252462019249779
15120.0,134,1,358.82,0,Regular Customers,358.82,-0.5637295220490819,0.24309193868305803
15121.0,50,2,457.72,0,Regular Customers,457.72,-0.14921324078690948,-0.49547835027951986
15122.0,114,3,1633.78,0,Regular Customers,1633.78,-0.22248239439802533,0.15376566807712447
15123.0,7,2,2199.31,0,Regular Customers,2199.31,0.13698494234515846,-0.8061783850480234
15124.0,23,2,184.19,0,Regular Customers,184.19,-0.06564151274313561,-0.752128947857419
15125.0,25,15,11528.48,3,High-Value Loyal Customers,11528.48,1.8648284485442221,-0.0005712428574924986
15127.0,66,1,406.53,0,Regular Customers,406.53,-0.30145452443251075,-0.3701182442702924
15128.0,60,4,1471.0,0,Regular Customers,1471.0,0.059403021219353064,-0.32510634691324225
15129.0,50,11,3447.4,0,Regular Customers,3447.4,0.8504953657698865,-0.20672758454360385
15130.0,170,1,330.11,1,At-Risk / Inactive Customers,330.11,-0.7028237209451207,0.5675771908808547
15132.0,18,5,977.9300000000001,0,Regular Customers,977.9300000000001,0.27237053637550207,-0.7102586263085683
15133.0,128,3,982.42,0,Regular Customers,982.42,-0.321593368917171,0.2511264093149531
15134.0,15,8,1387.99,0,Regular Customers,1387.99,0.5757867494727748,-0.6675666261553508
15135.0,239,1,139.05,1,At-Risk / Inactive Customers,139.05,-0.978986799044701,1.1833817168593253
15136.0,3,4,1286.7,0,Regular Customers,1286.7,0.2634788571919537,-0.849220638488521
15139.0,240,2,178.96,1,At-Risk / Inactive Customers,178.96,-0.8922687323264603,1.211353313500388
15140.0,52,7,2354.25,0,Regular Customers,2354.25,0.4151323934188215,-0.3063535637779407
15142.0,46,1,498.74,0,Regular Customers,498.74,-0.21881733369195053,-0.546953842561247
15143.0,226,1,259.45,1,At-Risk / Inactive Customers,259.45,-0.9210208058974372,1.0711612481568777
15144.0,8,17,6580.44,3,High-Value Loyal Customers,6580.44,1.7570486144753723,-0.34297090616132386
15145.0,4,4,1194.73,0,Regular Customers,1194.73,0.2532038402719854,-0.8443126550986974
15146.0,165,2,1327.16,1,At-Risk / Inactive Customers,1327.16,-0.5259532770478307,0.5843524386158626
15147.0,240,1,623.5,1,At-Risk / Inactive Customers,623.5,-0.9487277151665371,1.214245881234405
15148.0,11,1,301.29,0,Regular Customers,301.29,-0.09943444987711897,-0.8725736843653195
15149.0,134,1,520.8000000000001,0,Regular Customers,520.8000000000001,-0.5523390192086505,0.2503858948191946
15150.0,17,10,5291.33,0,Regular Customers,5291.33,1.018094443721987,-0.43945040431636057
15152.0,10,13,4745.69,0,Regular Customers,4745.69,1.2695360131178626,-0.47599111845257436
15153.0,31,1,329.25,0,Regular Customers,329.25,-0.17362123484946929,-0.6903268333957654
15154.0,75,1,254.28,0,Regular Customers,254.28,-0.34642963436962376,-0.29552954297266243
15156.0,1,3,961.49,0,Regular Customers,961.49,0.16050601972477427,-0.8990886790174953
15157.0,4,3,1936.07,0,Regular Customers,1936.07,0.2176159603028805,-0.8280551893451391
15158.0,45,1,401.40000000000003,0,Regular Customers,401.40000000000003,-0.22185467689497312,-0.5603864514365133
15159.0,2,30,18641.010000000002,3,High-Value Loyal Customers,18641.010000000002,3.7683488691955,0.36844574771253225
15160.0,357,1,158.16,1,At-Risk / Inactive Customers,158.16,-1.4269453460087336,2.2520703348986224
15163.0,18,2,304.47,0,Regular Customers,304.47,-0.038145135696851934,-0.7919596950642717
15164.0,69,3,824.58,0,Regular Customers,824.58,-0.10804156002148249,-0.28989517026678335
15165.0,373,1,487.75,1,At-Risk / Inactive Customers,487.75,-1.4646907916206242,2.411702016143806
15167.0,321,1,158.8,1,At-Risk / Inactive Customers,158.8,-1.2898250415115766,1.9263210911664304
15168.0,26,1,106.56,0,Regular Customers,106.56,-0.17024265481011702,-0.7456015127918436
15171.0,331,1,1289.5,1,At-Risk / Inactive Customers,1289.5,-1.2483902062414451,2.0677303957495305
15172.0,9,5,1624.05,0,Regular Customers,1624.05,0.3520747958236896,-0.7626083714575765
15174.0,323,1,135.75,1,At-Risk / Inactive Customers,135.75,-1.2990612217770163,1.9433819314041771
15175.0,72,1,224.14,0,Regular Customers,224.14,-0.33712615043472216,-0.32403491847528904
15178.0,260,1,40.5,1,At-Risk / Inactive Customers,40.5,-1.0658774685015862,1.3689812157146768
15179.0,18,5,2206.95,0,Regular Customers,2206.95,0.35879574813588583,-0.6549158804730667
15180.0,367,1,87.5,1,At-Risk / Inactive Customers,87.5,-1.4699906594753636,2.3393824228888773
15181.0,66,3,689.4799999999999,0,Regular Customers,689.4799999999999,-0.10611890815308091,-0.3231268924544877
15182.0,154,2,622.85,1,At-Risk / Inactive Customers,622.85,-0.5335965380458696,0.4530940765044449
15184.0,29,2,402.2,0,Regular Customers,402.2,-0.07315683958922453,-0.6880156181303927
15185.0,70,1,310.62,0,Regular Customers,310.62,-0.3234295454553144,-0.3382395070911373
15186.0,14,2,411.41,0,Regular Customers,411.41,-0.01539448035913317,-0.823341751565679
15187.0,2,16,4777.18,3,High-Value Loyal Customers,4777.18,1.56536925802158,-0.49559307095448535
15189.0,1,41,16225.39,3,High-Value Loyal Customers,16225.39,4.567200567722417,0.43899669174466494
15192.0,120,3,1044.32,0,Regular Customers,1044.32,-0.2867793568075364,0.18151863997450407
15193.0,61,1,499.32,0,Regular Customers,499.32,-0.27589125593718067,-0.4111868656232273
15194.0,3,15,7616.53,3,High-Value Loyal Customers,7616.53,1.6735066908675844,-0.37581286653874707
15195.0,3,1,3861.0,0,Regular Customers,3861.0,0.1813470566163239,-0.7846751398859156
15197.0,11,3,1079.6100000000001,0,Regular Customers,1079.6100000000001,0.1307357965545796,-0.8032758314311177
15198.0,92,2,193.64,0,Regular Customers,193.64,-0.32770464193214116,-0.1272954606191837
15199.0,59,4,1268.7,0,Regular Customers,1268.7,0.04898484594983042,-0.3432653024735863
15201.0,87,5,1236.54,0,Regular Customers,1236.54,0.027828444893138512,-0.07420546929085536
15203.0,26,6,1827.8,0,Regular Customers,1827.8,0.38939180607807333,-0.5824688127315015
15204.0,357,1,316.58,1,At-Risk / Inactive Customers,316.58,-1.4158051838900698,2.259203984306492
15205.0,85,2,653.24,0,Regular Customers,653.24,-0.26873184302674435,-0.1699454163365583
15206.0,10,4,420.29999999999995,0,Regular Customers,420.29999999999995,0.17589970839467206,-0.8248888785742106
15208.0,1,5,870.12,0,Regular Customers,870.12,0.3295192935963126,-0.8689529492592201
15210.0,225,1,331.18,1,At-Risk / Inactive Customers,331.18,-0.9121690744293168,1.065341857974886
15211.0,60,2,894.4100000000001,0,Regular Customers,894.4100000000001,-0.15658148538026614,-0.3853203020122618
15212.0,241,1,101.8,1,At-Risk / Inactive Customers,101.8,-0.9892215293801131,1.1998031313831994
15213.0,319,2,328.35,1,At-Risk / Inactive Customers,328.35,-1.1825676929584212,1.9329822024853327
15214.0,2,8,1661.44,0,Regular Customers,1661.44,0.6445152840432268,-0.7728952564417242
15215.0,47,3,734.94,0,Regular Customers,734.94,-0.030576844602619183,-0.4930182516667925
15216.0,88,1,96.6,0,Regular Customers,96.6,-0.40701717305270235,-0.18498779191903056
15218.0,11,11,5756.89,0,Regular Customers,5756.89,1.161397930833261,-0.45565753120858643
15219.0,176,1,305.75,1,At-Risk / Inactive Customers,305.75,-0.7273826097953789,0.6207766043915864
15220.0,52,6,1778.96,0,Regular Customers,1778.96,0.2869585290393132,-0.3493839203945607
15221.0,366,1,403.25,1,At-Risk / Inactive Customers,403.25,-1.4439793372977603,2.3445512483899336
15222.0,319,1,585.0,1,At-Risk / Inactive Customers,585.0,-1.2522391809144917,1.9274140873052943
15223.0,226,2,755.75,1,At-Risk / Inactive Customers,755.75,-0.7984015520832188,1.1106346866651298
15224.0,358,2,322.08,1,At-Risk / Inactive Customers,322.08,-1.3315068430808255,2.285626099340909
15225.0,234,1,409.40000000000003,1,At-Risk / Inactive Customers,409.40000000000003,-0.9409374354490684,1.1503086187285934
15226.0,311,1,154.41,1,At-Risk / Inactive Customers,154.41,-1.2520572761260327,1.8356295031884164
15227.0,37,5,1219.4,0,Regular Customers,1219.4,0.21700551307695393,-0.5274468149778436
15228.0,66,4,3386.71,0,Regular Customers,3386.71,0.17127068407693333,-0.18454562039451913
15230.0,239,2,429.6,1,At-Risk / Inactive Customers,429.6,-0.8708359731809626,1.213590237013397
15232.0,113,2,612.06,0,Regular Customers,612.06,-0.37824176000356025,0.08158318691932938
15234.0,277,1,197.0,1,At-Risk / Inactive Customers,197.0,-1.119602324109231,1.529868048384235
15235.0,218,12,2247.51,1,At-Risk / Inactive Customers,2247.51,0.21415308308252842,1.276664079399241
15236.0,299,1,321.05,1,At-Risk / Inactive Customers,321.05,-1.1946473136190978,1.7345406113908899
15237.0,2,4,1412.32,0,Regular Customers,1412.32,0.27612015649604654,-0.852613363056385
15238.0,29,3,1071.99,0,Regular Customers,1071.99,0.06166230518552249,-0.6407299284179282
15239.0,10,2,780.59,0,Regular Customers,780.59,0.025797003876441595,-0.842915146151168
15240.0,45,5,1706.57,0,Regular Customers,1706.57,0.22080233807434277,-0.4331144346010413
15241.0,67,8,1756.44,0,Regular Customers,1756.44,0.40369865624850965,-0.18040701697389205
15243.0,74,1,316.68,0,Regular Customers,316.68,-0.3382339924897318,-0.3017690628666566
15244.0,65,2,631.57,0,Regular Customers,631.57,-0.19410274256565274,-0.3519090287328546
15245.0,134,3,2515.84,0,Regular Customers,2515.84,-0.23660850227436112,0.37447262483674043
15246.0,238,2,514.15,1,At-Risk / Inactive Customers,514.15,-0.8610827338327686,1.2083481311730848
15247.0,122,1,356.0,0,Regular Customers,356.0,-0.5182360591800003,0.13437226650011508
15249.0,32,13,6688.46,3,High-Value Loyal Customers,6688.46,1.3223841914432184,-0.18942163049275093
15251.0,9,11,10484.99,3,High-Value Loyal Customers,10484.99,1.501495238332752,-0.26085006475211625
15252.0,36,2,740.78,0,Regular Customers,740.78,-0.07600127970232905,-0.6094236330961798
15253.0,16,5,918.1999999999999,0,Regular Customers,918.1999999999999,0.27578559165556754,-0.7310470482783155
15254.0,127,1,300.36,0,Regular Customers,300.36,-0.5411869237950856,0.17711375160448514
15255.0,67,1,890.85,0,Regular Customers,890.85,-0.271204582209917,-0.33925993379259295
15256.0,149,1,98.45,1,At-Risk / Inactive Customers,98.45,-0.639153559840741,0.36710834237916634
15257.0,283,1,317.15,1,At-Risk / Inactive Customers,317.15,-1.1339992079868337,1.5895747442831203
15258.0,169,2,623.16,1,At-Risk / Inactive Customers,623.16,-0.5906894468065147,0.5888488953479052
15260.0,100,7,1810.77,0,Regular Customers,1810.77,0.1941475816032079,0.10354429333213021
15261.0,135,1,254.82,0,Regular Customers,254.82,-0.5748504937114282,0.24745821141528365
15262.0,324,1,178.95000000000002,1,At-Risk / Inactive Customers,178.95000000000002,-1.299831026516832,1.9543766171703534
15263.0,107,1,156.51,0,Regular Customers,156.51,-0.47514957316140427,-0.010351623729909472
15264.0,64,1,393.74,0,Regular Customers,393.74,-0.2947386282873394,-0.3887929589858708
15265.0,151,2,1506.1200000000001,1,At-Risk / Inactive Customers,1506.1200000000001,-0.46006167246213214,0.46571953489679596
15266.0,338,1,119.3,1,At-Risk / Inactive Customers,119.3,-1.3573327009019387,2.078382047785348
15267.0,22,5,1717.36,0,Regular Customers,1717.36,0.30913698122951005,-0.6407645457613412
15269.0,24,1,408.8,0,Regular Customers,408.8,-0.1413737144013261,-0.7500904329552113
15270.0,16,7,2379.49,0,Regular Customers,2379.49,0.5539825804315642,-0.6309950700058177
15271.0,7,15,2493.34,3,High-Value Loyal Customers,2493.34,1.2980111912693775,-0.5703124464609411
15272.0,57,2,721.94,0,Regular Customers,721.94,-0.157286707886151,-0.4202347945469684
15274.0,4,2,716.57,0,Regular Customers,716.57,0.044140973347533856,-0.9000943092810609
15275.0,38,1,615.14,0,Regular Customers,615.14,-0.18017085828559098,-0.6141074779998599
15276.0,66,1,128.63,0,Regular Customers,128.63,-0.3209965712244349,-0.38263207567066493
15277.0,47,1,255.89999999999998,0,Regular Customers,255.89999999999998,-0.239701593503238,-0.5488395322314242
15279.0,355,1,290.51,1,At-Risk / Inactive Customers,290.51,-1.4100231430216048,2.2399312714585027
15280.0,172,1,113.12,1,At-Risk / Inactive Customers,113.12,-0.7256978449127042,0.5759049168264526
15281.0,59,9,2332.15,0,Regular Customers,2332.15,0.562363232857237,-0.20975287285891192
15286.0,50,1,240.55,0,Regular Customers,240.55,-0.2522039536834243,-0.5223825705121836
15287.0,22,2,486.69,0,Regular Customers,486.69,-0.040561936229414904,-0.7475567695893784
15288.0,43,5,2306.52,0,Regular Customers,2306.52,0.27060637294309686,-0.42419747946320374
15289.0,29,3,939.78,0,Regular Customers,939.78,0.052365241470659955,-0.6466833420539241
15290.0,5,18,7943.22,3,High-Value Loyal Customers,7943.22,1.952022053896227,-0.29162806262240565
15291.0,26,15,4668.3,3,High-Value Loyal Customers,4668.3,1.3786100112659625,-0.3004356193896394
15292.0,201,1,178.39,1,At-Risk / Inactive Customers,178.39,-0.831529799592311,0.8412763520740419
15296.0,51,6,3672.86,0,Regular Customers,3672.86,0.42394603381740287,-0.27315103219290054
15297.0,10,3,641.94,0,Regular Customers,641.94,0.1037663022731275,-0.8320334933488049
15298.0,2,12,4799.9,0,Regular Customers,4799.9,1.2160900354758988,-0.5630702278466658
15299.0,67,7,4507.01,0,Regular Customers,4507.01,0.5094006887505736,-0.07367396480590209
15300.0,64,1,496.44,0,Regular Customers,496.44,-0.28751672038690534,-0.38416838005525455
15301.0,51,12,5049.95,0,Regular Customers,5049.95,1.0470989452586648,-0.10839034018941297
15303.0,290,1,574.02,1,At-Risk / Inactive Customers,574.02,-1.1425895302279272,1.6644873296637728
15304.0,61,8,694.4000000000001,0,Regular Customers,694.4000000000001,0.3518614327031349,-0.2825270005938888
15306.0,64,3,1174.35,0,Regular Customers,1174.35,-0.06440734807675089,-0.319391987397812
15307.0,96,1,205.3,0,Regular Customers,205.3,-0.4298345202371759,-0.10769790801613614
15308.0,274,1,310.47,1,At-Risk / Inactive Customers,310.47,-1.1002001235863903,1.5078294282878966
15311.0,1,91,60632.75,2,VIP Loyal Customers,60632.75,12.075906388639249,3.294912193175275
15312.0,75,4,924.85,0,Regular Customers,924.85,-0.03611718833263744,-0.21395861085872608
15313.0,110,1,52.0,0,Regular Customers,52.0,-0.49392170265417773,0.012090464985886722
15314.0,199,1,327.97,1,At-Risk / Inactive Customers,327.97,-0.8133959756399977,0.8299131551867416
15315.0,64,2,570.5,0,Regular Customers,570.5,-0.19458956386459803,-0.3637084002389539
15316.0,327,1,165.0,1,At-Risk / Inactive Customers,165.0,-1.3122349380985703,1.9808966208613843
15318.0,4,1,312.62,0,Regular Customers,312.62,-0.07198418899049089,-0.9354092291501465
15319.0,284,1,204.5,1,At-Risk / Inactive Customers,204.5,-1.1457284513467334,1.5935515076896416
15320.0,44,1,267.13,0,Regular Customers,267.13,-0.22748895348419854,-0.5754820174676478
15321.0,71,3,2748.31,0,Regular Customers,2748.31,0.019620661489192087,-0.18517086585625012
15322.0,86,1,679.68,0,Regular Customers,679.68,-0.3583994437952465,-0.176830492541266
15325.0,104,1,161.74,0,Regular Customers,161.74,-0.46335885570714186,-0.03726428884523424
15326.0,334,1,311.71,1,At-Risk / Inactive Customers,311.71,-1.3285717586289707,2.050848703661738
15327.0,53,1,208.75,0,Regular Customers,208.75,-0.26586308489537447,-0.4966663519614789
15329.0,39,3,1049.7,0,Regular Customers,1049.7,0.022018390795269998,-0.5512397403023181
15330.0,32,2,714.96,0,Regular Customers,714.96,-0.06258636431457736,-0.6467838697225006
15332.0,366,4,1661.06,1,At-Risk / Inactive Customers,1661.06,-1.0923719234374938,2.4525655858711053
15333.0,208,1,1028.56,1,At-Risk / Inactive Customers,1028.56,-0.7983990122196994,0.9429052244998224
15334.0,157,3,350.82,1,At-Risk / Inactive Customers,350.82,-0.47642951988280946,0.48511780250432845
15335.0,54,1,170.22,0,Regular Customers,170.22,-0.2723801781717284,-0.48935196644846024
15339.0,66,2,574.07,0,Regular Customers,574.07,-0.2019538143509768,-0.3454488619375944
15341.0,81,1,2020.52,0,Regular Customers,2020.52,-0.24507276580491472,-0.16169944754214985
15342.0,130,1,406.09,0,Regular Customers,406.09,-0.5451748866180709,0.20902294328398885
15343.0,87,1,364.5,0,Regular Customers,364.5,-0.38437068332919605,-0.1819736509538072
15344.0,1,3,563.94,0,Regular Customers,563.94,0.13255013378692088,-0.9169903475069452
15345.0,46,1,393.54,0,Regular Customers,393.54,-0.22621504266104167,-0.5516909964414889
15346.0,333,1,252.42000000000002,1,At-Risk / Inactive Customers,252.42000000000002,-1.3289334095670322,2.039129485519772
15347.0,366,1,201.60000000000002,1,At-Risk / Inactive Customers,201.60000000000002,-1.4581594514956426,2.3354709529531394
15348.0,72,1,158.04,0,Regular Customers,158.04,-0.3417743306900161,-0.3270114001433877
15349.0,158,2,463.90999999999997,1,At-Risk / Inactive Customers,463.90999999999997,-0.5600038556116562,0.4821345740536414
15350.0,373,1,115.65,1,At-Risk / Inactive Customers,115.65,-1.4908570226795481,2.3949463606415438
15351.0,12,7,1934.66,0,Regular Customers,1934.66,0.5379325335081099,-0.6872233184891737
15353.0,255,2,770.12,1,At-Risk / Inactive Customers,770.12,-0.9078128165206845,1.3737140959383436
15355.0,29,2,277.05,0,Regular Customers,277.05,-0.08195744108619939,-0.6936511201086462
15356.0,31,10,2718.03,0,Regular Customers,2718.03,0.7838318268449042,-0.4286345825518389
15358.0,5,22,8347.2,3,High-Value Loyal Customers,8347.2,2.331307002840303,-0.20493661332814167
15360.0,40,1,427.93,0,Regular Customers,427.93,-0.20095083992333101,-0.6044387592543229
15361.0,362,1,418.92,1,At-Risk / Inactive Customers,418.92,-1.4276468273745753,2.3090593056275974
15363.0,373,1,326.0,1,At-Risk / Inactive Customers,326.0,-1.476065120762739,2.404418416903035
15364.0,96,2,913.19,0,Regular Customers,913.19,-0.2923361671760945,-0.05869657607137869
15365.0,26,7,2314.32,0,Regular Customers,2314.32,0.5113233261117051,-0.5434357674261845
15366.0,75,2,602.51,0,Regular Customers,602.51,-0.23422272624982868,-0.2627236935808305
15367.0,57,4,1877.59,0,Regular Customers,1877.59,0.09941754544010227,-0.33394577931588787
15368.0,21,1,446.94000000000005,0,Regular Customers,446.94000000000005,-0.12726875167926152,-0.7755211614336657
15370.0,41,7,2386.05,0,Regular Customers,2386.05,0.4592527022804562,-0.40446490742182234
15372.0,137,1,2007.3999999999999,0,Regular Customers,2007.3999999999999,-0.45922361336101925,0.34447563477445386
15373.0,8,12,2415.91,0,Regular Customers,2415.91,1.0256009563714914,-0.6161249056898784
15374.0,129,1,168.0,0,Regular Customers,168.0,-0.5581098299864887,0.18925236474480595
15376.0,40,3,1221.56,0,Regular Customers,1221.56,0.03029601225282368,-0.5344514973286144
15379.0,169,7,3703.29,1,At-Risk / Inactive Customers,3703.29,0.06450273975665882,0.8131723847268952
15380.0,9,5,1690.2600000000002,0,Regular Customers,1690.2600000000002,0.3567307113260045,-0.7596269364916942
15381.0,214,2,596.85,1,At-Risk / Inactive Customers,596.85,-0.7638837015325378,0.9948867352271662
15382.0,15,6,5955.71,0,Regular Customers,5955.71,0.7215523210745355,-0.49613240561115124
15384.0,170,2,642.41,1,At-Risk / Inactive Customers,642.41,-0.5931434257840655,0.5987651130966687
15385.0,40,1,316.88,0,Regular Customers,316.88,-0.20875992339307978,-0.6094393385166884
15386.0,186,1,394.14,1,At-Risk / Inactive Customers,394.14,-0.759243459274044,0.7152507106770174
15388.0,270,1,140.54,1,At-Risk / Inactive Customers,140.54,-1.096919085000309,1.4639799212653626
15389.0,172,1,500.0,1,At-Risk / Inactive Customers,500.0,-0.6984922779358793,0.5933261154309007
15392.0,5,4,1535.53,0,Regular Customers,1535.53,0.2733613947451118,-0.8199170473290996
15393.0,16,2,231.86,0,Regular Customers,231.86,-0.03563580752250784,-0.8133281031744894
15394.0,10,4,2183.54,0,Regular Customers,2183.54,0.29989149891425604,-0.7454902169031313
15395.0,326,1,107.45,1,At-Risk / Inactive Customers,107.45,-1.3124742314928466,1.9692557548843577
15396.0,113,1,288.18,0,Regular Customers,288.18,-0.48873636571463513,0.049873817536849996
15397.0,290,1,94.0,1,At-Risk / Inactive Customers,94.0,-1.1763447418186412,1.6428720387360762
15398.0,16,2,1345.53,0,Regular Customers,1345.53,0.04267794293003695,-0.7631795655147092
15399.0,1,3,815.77,0,Regular Customers,815.77,0.15025892703488872,-0.9056504476812675
15400.0,92,5,716.2,0,Regular Customers,716.2,-0.027800322363930274,-0.05238941582287656
15402.0,149,2,626.77,1,At-Risk / Inactive Customers,626.77,-0.5142826459391624,0.40802364084222204
15405.0,189,1,349.1,1,At-Risk / Inactive Customers,349.1,-0.7738336329456021,0.7403707322945053
15406.0,31,2,510.71000000000004,0,Regular Customers,510.71000000000004,-0.07314166441765255,-0.6650306337435524
15407.0,34,4,1046.74,0,Regular Customers,1046.74,0.128567704025442,-0.5794949227173161
15408.0,264,1,267.18,1,At-Risk / Inactive Customers,267.18,-1.065167822829151,1.41538617409371
15410.0,84,8,3450.84,0,Regular Customers,3450.84,0.4581195860359718,0.04973142170729991
15411.0,26,4,1348.93,0,Regular Customers,1348.93,0.18027901165012317,-0.6382824381995589
15412.0,171,1,190.53,1,At-Risk / Inactive Customers,190.53,-0.7164466934165948,0.57034129693001
15414.0,10,3,774.9000000000001,0,Regular Customers,774.9000000000001,0.11311610630858716,-0.8260463072279214
15415.0,313,1,559.61,1,At-Risk / Inactive Customers,559.61,-1.2311787333305098,1.8719744322970149
15416.0,65,4,3984.32,0,Regular Customers,3984.32,0.21710252193921373,-0.16668464477288394
15417.0,85,1,508.8,0,Regular Customers,508.8,-0.3666081512338866,-0.19357460613471653
15419.0,25,1,135.86,0,Regular Customers,135.86,-0.16437461907924508,-0.7533315250188797
15421.0,59,4,950.36,0,Regular Customers,950.36,0.02659904107130886,-0.3576001462591012
15422.0,323,2,97.7,1,At-Risk / Inactive Customers,97.7,-1.2140176883775684,1.958793600179471
15423.0,38,1,43.5,0,Regular Customers,43.5,-0.22036882744045078,-0.6398484156814322
15424.0,254,2,383.34,1,At-Risk / Inactive Customers,383.34,-0.9312037042485525,1.3472480096952333
15426.0,19,5,1404.07,0,Regular Customers,1404.07,0.29852923612830756,-0.6820201600585539
15427.0,33,3,1430.54,0,Regular Customers,1430.54,0.07164510562748265,-0.588386866596048
15428.0,15,1,93.78,0,Regular Customers,93.78,-0.12925723060477587,-0.8457202929374475
15429.0,27,2,397.35,0,Regular Customers,397.35,-0.0658825992499982,-0.7063327948059605
15432.0,23,1,171.19,0,Regular Customers,171.19,-0.15427490396456175,-0.769839397104066
15433.0,214,2,533.3,1,At-Risk / Inactive Customers,533.3,-0.7683525646978016,0.9920250800076855
15434.0,8,5,1041.48,0,Regular Customers,1041.48,0.3149158716028715,-0.7978908774555588
15435.0,22,1,149.29,0,Regular Customers,149.29,-0.15200727411978743,-0.7798749442994327
15436.0,12,3,1067.75,0,Regular Customers,1067.75,0.12609414907865973,-0.7947604963554941
15437.0,262,1,200.16,1,At-Risk / Inactive Customers,200.16,-1.0622654034652899,1.3942694835708551
15438.0,131,1,156.57999999999998,0,Regular Customers,156.57999999999998,-0.5665281836805356,0.20683690364821086
15440.0,55,3,383.68,0,Regular Customers,383.68,-0.08573877560290212,-0.43644035729579933
15442.0,249,1,594.0,1,At-Risk / Inactive Customers,594.0,-0.9850709926325861,1.2943620125586481
15443.0,2,7,3213.59,0,Regular Customers,3213.59,0.66594390986527,-0.7201270327258195
15444.0,9,2,1411.21,0,Regular Customers,1411.21,0.07395011904927053,-0.8235677308946775
15445.0,264,1,113.5,1,At-Risk / Inactive Customers,113.5,-1.075974666121641,1.40846596679033
15447.0,331,1,155.17,1,At-Risk / Inactive Customers,155.17,-1.3281567767253724,2.016651538706045
15448.0,313,1,494.64,1,At-Risk / Inactive Customers,494.64,-1.2357474515027707,1.869048834506147
15449.0,26,3,974.52,0,Regular Customers,974.52,0.06623111473935082,-0.6722671724638692
15450.0,30,1,429.84,0,Regular Customers,429.84,-0.1627400558447713,-0.6948466583592802
15452.0,30,3,528.48,0,Regular Customers,528.48,0.0196348024489819,-0.6561547821296672
15453.0,2,7,1371.77,0,Regular Customers,1371.77,0.5364263401556557,-0.803064150213528
15454.0,362,1,179.1,1,At-Risk / Inactive Customers,179.1,-1.4445110722887144,2.2982602158599206
15456.0,283,3,434.59000000000003,1,At-Risk / Inactive Customers,434.59000000000003,-0.9503023256567792,1.629113184133917
15457.0,262,1,237.07,1,At-Risk / Inactive Customers,237.07,-1.0596698764876362,1.3959315401271262
15458.0,25,1,161.64,0,Regular Customers,161.64,-0.162561758459253,-0.7521706521383413
15460.0,354,1,214.26,1,At-Risk / Inactive Customers,214.26,-1.411577428409436,2.227448344858277
15462.0,94,3,234.6,0,Regular Customers,234.6,-0.24472038597127513,-0.09022719186263072
15463.0,29,1,126.14,0,Regular Customers,126.14,-0.18028872245902625,-0.7175716538764352
15464.0,338,1,1044.65,1,At-Risk / Inactive Customers,1044.65,-1.2922616933491966,2.1200505396397373
15465.0,20,18,7354.62,3,High-Value Loyal Customers,7354.62,1.8535167421984386,-0.1823918492125308
15466.0,85,1,334.53,0,Regular Customers,334.53,-0.3788628921278363,-0.20142198072321213
15467.0,9,3,524.88,0,Regular Customers,524.88,0.09934224024053769,-0.8463540934267173
15468.0,51,2,467.51,0,Regular Customers,467.51,-0.15233245100825885,-0.48598811614013926
15469.0,50,2,538.55,0,Regular Customers,538.55,-0.14352924063508785,-0.49183857700822764
15471.0,2,1,454.48,0,Regular Customers,454.48,-0.05439323873819083,-0.9471200574818903
15472.0,113,1,371.56,0,Regular Customers,371.56,-0.48287304847278323,0.053628417256760263
15473.0,14,7,1771.2,0,Regular Customers,1771.2,0.5188226620226124,-0.6764851377221944
15475.0,77,1,454.10999999999996,0,Regular Customers,454.10999999999996,-0.3399927977621449,-0.2684324208259013
15478.0,40,2,1399.92,0,Regular Customers,1399.92,-0.04488086196931271,-0.5435450096311257
15480.0,116,1,905.5,0,Regular Customers,905.5,-0.45674910105190436,0.10481989660792121
15482.0,16,12,10879.76,3,High-Value Loyal Customers,10879.76,1.5903213287031939,-0.16260278564152578
15483.0,161,4,225.26,1,At-Risk / Inactive Customers,225.26,-0.41277031591547714,0.5327864602895193
15484.0,1,4,3590.41,0,Regular Customers,3590.41,0.4330920235548017,-0.7635834048810944
15485.0,30,3,2564.5,0,Regular Customers,2564.5,0.16280859917188029,-0.5644728425550485
15488.0,93,1,91.32000000000001,0,Regular Customers,91.32000000000001,-0.426426700940759,-0.13997859702940407
15489.0,23,3,1134.28,0,Regular Customers,1134.28,0.08888844784944641,-0.6922213547929416
15491.0,95,6,3100.09,0,Regular Customers,3100.09,0.2161321255062449,0.09923033426076941
15492.0,28,2,659.4599999999999,0,Regular Customers,659.4599999999999,-0.05125855921392289,-0.6854805961507755
15493.0,33,5,1953.41,0,Regular Customers,1953.41,0.2838519988637979,-0.5305919220145815
15494.0,21,2,1280.58,0,Regular Customers,1280.58,0.019072395135272393,-0.7208573095227446
15497.0,18,2,1262.2,0,Regular Customers,1262.2,0.029202847297137062,-0.7488331324623327
15498.0,3,27,13316.4,3,High-Value Loyal Customers,13316.4,3.1269546937231314,0.08635287881318487
15500.0,8,4,1131.56,0,Regular Customers,1131.56,0.23353111004431526,-0.8109596363792465
15502.0,16,12,10384.93,3,High-Value Loyal Customers,10384.93,1.555524671581755,-0.18488497057080383
15503.0,363,1,141.04,1,At-Risk / Inactive Customers,141.04,-1.4509951149641607,2.3055957654634693
15504.0,81,1,52.83,0,Regular Customers,52.83,-0.383441567719277,-0.250304488593604
15505.0,53,5,3610.96,0,Regular Customers,3610.96,0.3242586792806226,-0.2749646661809284
15506.0,23,3,972.08,0,Regular Customers,972.08,0.07748247451497321,-0.6995252175246451
15507.0,172,1,475.86,1,At-Risk / Inactive Customers,475.86,-0.7001898130548324,0.5922390917173167
15508.0,189,6,1000.27,1,At-Risk / Inactive Customers,1000.27,-0.2894469518725766,0.8553182018165363
15510.0,331,1,250.0,1,At-Risk / Inactive Customers,250.0,-1.321488290589071,2.0209217316952404
15511.0,12,5,900.53,0,Regular Customers,900.53,0.2897736185271414,-0.768040290568857
15512.0,156,2,121.0,1,At-Risk / Inactive Customers,121.0,-0.5765021389805187,0.44859456238991263
15513.0,33,19,14758.220000000001,3,High-Value Loyal Customers,14758.220000000001,2.412360870946018,0.28575924739146963
15514.0,12,11,4023.7200000000003,0,Regular Customers,4023.7200000000003,1.0357130283612743,-0.5246527507489228
15516.0,45,3,62.43,0,Regular Customers,62.43,-0.07025274086323484,-0.5414001446891494
15517.0,233,1,267.03,1,At-Risk / Inactive Customers,267.03,-0.9471413075007429,1.134848309860672
15518.0,64,8,1921.55,0,Regular Customers,1921.55,0.42673220364553144,-0.20012028891076572
15520.0,2,1,343.5,0,Regular Customers,343.5,-0.06219739977801719,-0.9521174846456663
15521.0,40,8,3000.2,0,Regular Customers,3000.2,0.5939668656773812,-0.36873407642487055
15522.0,33,2,397.99,0,Regular Customers,397.99,-0.08868347741368543,-0.6520076317989736
15523.0,84,1,412.01000000000005,0,Regular Customers,412.01000000000005,-0.36960681820180463,-0.20698244852106515
15524.0,25,1,440.0,0,Regular Customers,440.0,-0.1429873642706959,-0.7396361069472377
15525.0,2,3,734.37,0,Regular Customers,734.37,0.1407271970332027,-0.9002664974044272
15526.0,33,2,148.44,0,Regular Customers,148.44,-0.10623194008703798,-0.6632448632705928
15527.0,19,8,2428.53,0,Regular Customers,2428.53,0.6337273782401196,-0.5845135683754278
15528.0,254,1,229.33,1,At-Risk / Inactive Customers,229.33,-1.029752978946514,1.3231878829899086
15529.0,23,11,3962.6,0,Regular Customers,3962.6,0.9895309245664289,-0.42786168611424924
15530.0,22,4,1497.31,0,Regular Customers,1497.31,0.20594374550190217,-0.6677984523359736
15531.0,8,2,1972.39,0,Regular Customers,1972.39,0.11722018373907955,-0.8073471974389853
15532.0,25,4,1564.73,0,Regular Customers,1564.73,0.1992618071028154,-0.6376143591845312
15533.0,19,3,807.57,0,Regular Customers,807.57,0.08114464981790316,-0.7431306620563911
15535.0,173,4,502.9,1,At-Risk / Inactive Customers,502.9,-0.4389383189092202,0.6538812715348963
15537.0,163,1,110.92,1,At-Risk / Inactive Customers,110.92,-0.6915837249972272,0.49436133514095804
15539.0,7,1,538.46,0,Regular Customers,538.46,-0.0675259652709141,-0.8980914865908343
15540.0,11,1,213.3,0,Regular Customers,213.3,-0.10562194428957457,-0.8765358722923392
15541.0,114,1,85.13000000000001,0,Regular Customers,85.13000000000001,-0.506822575717176,0.04977987076491255
15543.0,288,1,127.86,1,At-Risk / Inactive Customers,127.86,-1.1663483977323281,1.62629797258051
15544.0,9,9,3546.71,0,Regular Customers,3546.71,0.8381539715470366,-0.6075307923644
15545.0,54,2,288.96999999999997,0,Regular Customers,288.96999999999997,-0.17631040174610663,-0.46687959683265384
15547.0,7,14,4910.6,3,High-Value Loyal Customers,4910.6,1.380274722093801,-0.4785883368768238
15549.0,77,3,1681.46,0,Regular Customers,1681.46,-0.0782465697868058,-0.17891475603956092
15550.0,4,4,575.63,0,Regular Customers,575.63,0.20966846362973904,-0.8721907156239606
15551.0,37,1,436.06,0,Regular Customers,436.06,-0.18895619322942642,-0.6312208374280821
15552.0,217,1,90.12,1,At-Risk / Inactive Customers,90.12,-0.8986593390238252,0.9820918059390179
15553.0,60,1,428.93,0,Regular Customers,428.93,-0.2770334636200796,-0.4234059165415305
15554.0,278,1,217.2,1,At-Risk / Inactive Customers,217.2,-1.121989498680692,1.5398270446138564
15555.0,12,16,4794.86,3,High-Value Loyal Customers,4794.86,1.528536051117017,-0.4043030345442626
15556.0,24,1,279.77,0,Regular Customers,279.77,-0.15044715915685677,-0.7559006512552835
15557.0,29,1,468.91,0,Regular Customers,468.91,-0.15618498953758742,-0.7021367276831797
15561.0,12,4,800.59,0,Regular Customers,800.59,0.1950265693420957,-0.7896656462636811
15562.0,352,1,134.55,1,At-Risk / Inactive Customers,134.55,-1.4095673752700781,2.2057602238911227
15563.0,22,4,1400.44,0,Regular Customers,1400.44,0.19913180569357652,-0.6721605064840631
15565.0,50,2,173.16,0,Regular Customers,173.16,-0.16922362162573618,-0.5082920813456948
15567.0,19,1,186.01,0,Regular Customers,186.01,-0.1380021664047201,-0.8053696153492744
15568.0,3,3,758.29,0,Regular Customers,758.29,0.1386016144519034,-0.8901399896497633
15569.0,104,5,1375.71,0,Regular Customers,1375.71,-0.02711506372243729,0.08590099382789892
15570.0,7,12,4148.82,0,Regular Customers,4148.82,1.1512675755323378,-0.5471413939443032
15571.0,12,4,650.4300000000001,0,Regular Customers,650.4300000000001,0.1844672539542751,-0.7964273480379882
15572.0,5,7,2533.42,0,Regular Customers,2533.42,0.606691123099236,-0.7236069022105935
15573.0,32,2,591.1899999999999,0,Regular Customers,591.1899999999999,-0.07128992362165347,-0.6523572303285606
15574.0,178,4,675.64,1,At-Risk / Inactive Customers,675.64,-0.4458294043003415,0.7069067034374567
15576.0,38,1,921.37,0,Regular Customers,921.37,-0.15863663378364445,-0.6003179472703309
15577.0,151,3,258.88,1,At-Risk / Inactive Customers,258.88,-0.46004889674647986,0.42668140233701785
15578.0,162,1,127.1,1,At-Risk / Inactive Customers,127.1,-0.686638293274668,0.48604052957828725
15579.0,69,2,327.6,0,Regular Customers,327.6,-0.23070863172637557,-0.32939922916133363
15581.0,121,13,3675.77,0,Regular Customers,3675.77,0.7716499414774438,0.4803127661739217
15582.0,25,3,682.9100000000001,0,Regular Customers,682.9100000000001,0.0495326220931217,-0.6944477555246352
15584.0,24,4,720.86,0,Regular Customers,720.86,0.14372815518595627,-0.6846631989173727
15585.0,177,1,455.3,1,At-Risk / Inactive Customers,455.3,-0.7206738370745213,0.6365602285148321
15587.0,50,4,913.6800000000001,0,Regular Customers,913.6800000000001,0.058288512647866914,-0.44069636164983084
15589.0,256,3,478.53000000000003,1,At-Risk / Inactive Customers,478.53000000000003,-0.8444059715063763,1.3867582542590629
15592.0,47,1,388.58,0,Regular Customers,388.58,-0.23037147918746792,-0.5428649545048988
15593.0,71,1,199.8,0,Regular Customers,199.8,-0.3350301024329572,-0.3341803388214901
15594.0,16,5,1771.78,0,Regular Customers,1771.78,0.33580970212930145,-0.6926103580777756
15596.0,101,5,1406.59,0,Regular Customers,1406.59,-0.01352062730375298,0.06014334769573199
15597.0,35,1,324.57,0,Regular Customers,324.57,-0.18918092327483768,-0.654340011154876
15598.0,53,1,240.68,0,Regular Customers,240.68,-0.2636177536464859,-0.4952285447048618
15599.0,27,2,761.74,0,Regular Customers,761.74,-0.040258538686812693,-0.6899243204483434
15601.0,11,14,6776.56,3,High-Value Loyal Customers,6776.56,1.496259238097526,-0.3583666331289428
15602.0,8,9,1297.8700000000001,0,Regular Customers,1297.8700000000001,0.6838222286577065,-0.717845402887387
15603.0,79,1,48.480000000000004,0,Regular Customers,48.480000000000004,-0.3761321671663192,-0.2685991502792466
15604.0,52,1,216.39,0,Regular Customers,216.39,-0.2615181896233478,-0.5053717135520703
15605.0,36,5,1198.23,0,Regular Customers,1198.23,0.2193244768337761,-0.5374494902879196
15606.0,61,9,2920.16,0,Regular Customers,2920.16,0.5960970529972424,-0.1651760131338974
15607.0,337,1,104.76,1,At-Risk / Inactive Customers,104.76,-1.3545475127110378,2.068677921241679
15608.0,28,4,1093.68,0,Regular Customers,1093.68,0.15471442812781125,-0.63167755928303
15609.0,184,1,298.48,1,At-Risk / Inactive Customers,298.48,-0.7583550169527185,0.6928443615312523
15610.0,52,1,112.46000000000001,0,Regular Customers,112.46000000000001,-0.2688265916495611,-0.5100516793579023
15611.0,10,13,1591.45,0,Regular Customers,1591.45,1.0477285079974636,-0.6180264820952917
15612.0,36,2,195.15,0,Regular Customers,195.15,-0.11437021453888026,-0.6339933410018482
15615.0,10,23,10399.74,3,High-Value Loyal Customers,10399.74,2.544323482658244,-0.05013876579456762
15618.0,33,4,776.851,0,Regular Customers,776.851,0.11339664138413319,-0.6006974095857557
15619.0,11,1,336.40000000000003,0,Regular Customers,336.40000000000003,-0.09696549966889853,-0.8709926817727787
15620.0,57,3,1553.18,0,Regular Customers,1553.18,-0.011114330097527915,-0.3656790145876878
15621.0,4,4,1293.03,0,Regular Customers,1293.03,0.26011633829158287,-0.8398862080794219
15622.0,43,9,3709.56,0,Regular Customers,3709.56,0.7201456481482013,-0.2925183784997919
15623.0,141,1,301.03,0,Regular Customers,301.03,-0.5944468699956336,0.30383539060404435
15624.0,117,4,588.13,0,Regular Customers,588.13,-0.21971666532877007,0.150953301065291
15625.0,104,4,1534.26,0,Regular Customers,1534.26,-0.10368498561261262,0.07591543762455497
15626.0,75,2,675.8,0,Regular Customers,675.8,-0.22906894212107687,-0.2594234463576088
15628.0,5,9,2870.2400000000002,0,Regular Customers,2870.2400000000002,0.8058149008060892,-0.6741897853802581
15630.0,45,2,1186.35,0,Regular Customers,1186.35,-0.07893743169360505,-0.507915109244499
15632.0,16,8,3285.31,0,Regular Customers,3285.31,0.7053994557003662,-0.5730809541493087
15634.0,17,1,243.55,0,Regular Customers,243.55,-0.12634063459608694,-0.8208773715819877
15636.0,90,2,724.76,0,Regular Customers,724.76,-0.28274076208565463,-0.12147791899443593
15637.0,53,1,223.36,0,Regular Customers,223.36,-0.2648357034501423,-0.4960084639558674
15639.0,134,1,425.32,0,Regular Customers,425.32,-0.5590532136228028,0.24608643234309682
15640.0,4,15,12416.11,3,High-Value Loyal Customers,12416.11,2.007207560903488,-0.15063848521264261
15641.0,105,4,1887.2,0,Regular Customers,1887.2,-0.08267374115008724,0.10085770934953418
15643.0,192,3,664.0,1,At-Risk / Inactive Customers,664.0,-0.5876742206273662,0.8159489638764655
15644.0,166,4,803.54,1,At-Risk / Inactive Customers,803.54,-0.39114365515331695,0.6040733502205328
15645.0,19,1,612.01,0,Regular Customers,612.01,-0.10804566430554882,-0.7861868439330862
15646.0,158,3,447.64000000000004,1,At-Risk / Inactive Customers,447.64000000000004,-0.4734287433020675,0.49852699579007276
15648.0,204,2,639.5,1,At-Risk / Inactive Customers,639.5,-0.7228080632391418,0.9063133575013065
15649.0,336,2,816.0,1,At-Risk / Inactive Customers,816.0,-1.2130059390117454,2.1087807129822873
15651.0,37,3,646.3,0,Regular Customers,646.3,0.0012664247691800852,-0.587503615447186
15652.0,91,1,337.74,0,Regular Customers,337.74,-0.401483046792944,-0.14698109066801027
15653.0,93,2,877.4399999999999,0,Regular Customers,877.4399999999999,-0.2834271808392594,-0.08745456976096494
15654.0,9,2,922.53,0,Regular Customers,922.53,0.039585932556728196,-0.8455729814478767
15655.0,243,1,560.67,1,At-Risk / Inactive Customers,560.67,-0.9645688892426593,1.2385648195103578
15656.0,45,4,748.5,0,Regular Customers,748.5,0.06571122047060726,-0.4933813669047236
15657.0,23,1,30.0,0,Regular Customers,30.0,-0.1642034451180406,-0.7761971799591169
15658.0,190,5,1024.1000000000001,1,At-Risk / Inactive Customers,1024.1000000000001,-0.3792980889567568,0.8483155973644195
15659.0,44,1,306.45,0,Regular Customers,306.45,-0.22472395427635952,-0.5737114386599377
15660.0,25,9,1600.86,0,Regular Customers,1600.86,0.6403986124690937,-0.5503621284695718
15661.0,317,2,309.8,1,At-Risk / Inactive Customers,309.8,-1.1762568424754358,1.9140481150858168
15663.0,106,1,138.14,0,Regular Customers,138.14,-0.47263371220768613,-0.020228215096404892
15664.0,51,1,386.43,0,Regular Customers,386.43,-0.24575325693135533,-0.5067642064149883
15665.0,168,2,2222.21,1,At-Risk / Inactive Customers,2222.21,-0.47443592006584434,0.6518046939907318
15667.0,40,1,301.32,0,Regular Customers,301.32,-0.20985410924440162,-0.6101400050031577
15668.0,218,1,76.32000000000001,1,At-Risk / Inactive Customers,76.32000000000001,-0.9034374081290232,0.9905197828537324
15669.0,40,4,684.34,0,Regular Customers,684.34,0.08023769787564412,-0.5415174435951484
15670.0,297,1,173.05,1,At-Risk / Inactive Customers,173.05,-1.1974394424711776,1.709777393099765
15671.0,19,7,2657.13,0,Regular Customers,2657.13,0.5620834022937164,-0.5913447744902648
15673.0,88,4,2726.23,0,Regular Customers,2726.23,0.04105720960964196,-0.015200427479747444
15674.0,73,5,2446.6,0,Regular Customers,2446.6,0.16622744223577476,-0.14640796078637328
15675.0,81,3,323.69,0,Regular Customers,323.69,-0.18895612540787296,-0.20385754923418822
15676.0,19,3,3435.76,0,Regular Customers,3435.76,0.26596009407147353,-0.6247833193138752
15677.0,49,1,657.23,0,Regular Customers,657.23,-0.21909519076199618,-0.5126688691448464
15678.0,53,1,352.7,0,Regular Customers,352.7,-0.25574045936209816,-0.4901842863620416
15679.0,24,4,781.28,0,Regular Customers,781.28,0.14797691541326125,-0.6819424875348232
15680.0,9,3,1333.68,0,Regular Customers,1333.68,0.1562174019724854,-0.8099338457238698
15681.0,25,5,1426.16,0,Regular Customers,1426.16,0.2772367311336984,-0.6267291039837801
15683.0,117,1,193.75,0,Regular Customers,193.75,-0.5106073125047937,0.08181919908618339
15687.0,9,9,2993.1,0,Regular Customers,2993.1,0.799223879699332,-0.6324598395092732
15689.0,120,2,254.1,0,Regular Customers,254.1,-0.4300671906616337,0.12880998978867905
15690.0,4,2,239.76,0,Regular Customers,239.76,0.010611490328975485,-0.9215650539734382
15691.0,252,1,136.8,1,At-Risk / Inactive Customers,136.8,-1.0286444336872298,1.3009224776810748
15692.0,28,1,191.04,0,Regular Customers,191.04,-0.17191727951047717,-0.7236985988208039
15694.0,1,14,6479.4,3,High-Value Loyal Customers,6479.4,1.5134392919347732,-0.46224164830770154
15695.0,267,2,409.98,1,At-Risk / Inactive Customers,409.98,-0.9788297817416797,1.4660896866348552
15696.0,33,8,2711.11,0,Regular Customers,2711.11,0.6002914637456218,-0.44509752775629674
15699.0,18,1,309.65,0,Regular Customers,309.65,-0.12550010154700356,-0.808851499277242
15700.0,172,2,696.68,1,At-Risk / Inactive Customers,696.68,-0.5969424305980782,0.6193076713764337
15701.0,2,4,1529.0,0,Regular Customers,1529.0,0.28432514397241115,-0.8473592650074628
15703.0,265,1,211.5,1,At-Risk / Inactive Customers,211.5,-1.0728909114364928,1.4219282954522978
15704.0,140,4,2293.62,0,Regular Customers,2293.62,-0.18736176523800846,0.43588746604290435
15705.0,201,1,143.1,1,At-Risk / Inactive Customers,143.1,-0.8340114074774747,0.8396872440851281
15706.0,64,4,1060.56,0,Regular Customers,1060.56,0.015310116146661336,-0.3073908892963728
15707.0,35,4,916.98,0,Regular Customers,916.98,0.11563527815165284,-0.5762886222660318
15708.0,41,7,3235.25,0,Regular Customers,3235.25,0.5189688092819028,-0.36622544853302647
15709.0,284,1,133.25,1,At-Risk / Inactive Customers,133.25,-1.1507387818034611,1.5903431216253143
15712.0,9,5,1072.3600000000001,0,Regular Customers,1072.3600000000001,0.31327971919671355,-0.7874509610411372
15713.0,143,2,356.7,0,Regular Customers,356.7,-0.5104282005467891,0.34156605036419396
15714.0,12,2,330.03000000000003,0,Regular Customers,330.03000000000003,-0.013501862333638233,-0.8451050725991831
15716.0,146,4,1101.1100000000001,0,Regular Customers,1101.1100000000001,-0.2940654614289872,0.4364851085916166
15717.0,234,1,150.3,1,At-Risk / Inactive Customers,150.3,-0.9591574582046911,1.1386413509494047
15719.0,33,13,5030.07,0,Regular Customers,5030.07,1.2019578505369028,-0.2550495081398889
15720.0,24,1,598.73,0,Regular Customers,598.73,-0.12801775561330825,-0.7415378888822614
15721.0,12,1,471.40000000000003,0,Regular Customers,471.40000000000003,-0.0912798891676252,-0.8558642438563536
15722.0,36,5,2211.21,0,Regular Customers,2211.21,0.2905576634450872,-0.4918350212992568
15723.0,365,1,190.7,1,At-Risk / Inactive Customers,190.7,-1.455118296948777,2.3259307355361245
15724.0,201,2,218.25,1,At-Risk / Inactive Customers,218.25,-0.741007601689233,0.8601963065794654
15725.0,15,1,415.25,0,Regular Customers,415.25,-0.10665132278829559,-0.8312445053150014
15727.0,17,7,5159.06,0,Regular Customers,5159.06,0.7456354837882493,-0.4967816982769303
15729.0,213,1,85.0,1,At-Risk / Inactive Customers,85.0,-0.8837887907875929,0.9456636898955967
15730.0,66,3,1120.88,0,Regular Customers,1120.88,-0.07578267574561026,-0.3037009591471084
15732.0,212,2,294.12,1,At-Risk / Inactive Customers,294.12,-0.7775565101259433,0.9631560281538187
15733.0,283,1,162.3,1,At-Risk / Inactive Customers,162.3,-1.144888326179455,1.5826018519033156
15734.0,115,2,1339.45,0,Regular Customers,1339.45,-0.33470667868378373,0.1324363252358658
15737.0,15,8,1188.1200000000001,0,Regular Customers,1188.1200000000001,0.5617318056357763,-0.6765667682280118
15738.0,19,16,4812.42,3,High-Value Loyal Customers,4812.42,1.5031173473797907,-0.3401665736415631
15739.0,66,1,449.12,0,Regular Customers,449.12,-0.29845957742686824,-0.3682004174284721
15740.0,49,1,154.88,0,Regular Customers,154.88,-0.25442065749795556,-0.535289679522598
15743.0,16,4,775.96,0,Regular Customers,775.96,0.17806398838884355,-0.7545771721208032
15744.0,78,1,34.8,0,Regular Customers,34.8,-0.37328650340780034,-0.27826455104024456
15745.0,19,4,1094.59,0,Regular Customers,1094.59,0.18904724457269761,-0.7130810977311903
15746.0,134,1,196.88,0,Regular Customers,196.88,-0.5751172120724147,0.2357997837461155
15747.0,13,3,946.64,0,Regular Customers,946.64,0.1137699949024242,-0.7911646865785055
15748.0,40,1,144.36,0,Regular Customers,144.36,-0.22089160353896953,-0.6172079106404462
15749.0,235,3,44534.3,3,High-Value Loyal Customers,44534.3,2.3335751984287576,3.180551486274834
15750.0,3,8,2463.05,0,Regular Customers,2463.05,0.6970771946955061,-0.7277493836573526
15752.0,40,7,2626.6,0,Regular Customers,2626.6,0.4799759283128538,-0.4026823364055022
15753.0,305,1,79.2,1,At-Risk / Inactive Customers,79.2,-1.2345001922382497,1.777946454584
15754.0,51,3,458.57,0,Regular Customers,458.57,-0.0652418899653675,-0.46926562465140575
15755.0,10,6,2364.25,0,Regular Customers,2364.25,0.4880375546898848,-0.7031027302272117
15756.0,61,4,528.01,0,Regular Customers,528.01,-0.01071608588004419,-0.358519776975542
15757.0,66,2,714.42,0,Regular Customers,714.42,-0.19208434235656674,-0.3391289042656178
15758.0,25,1,205.25,0,Regular Customers,205.25,-0.1594950846175984,-0.7502068947170738
15759.0,218,3,253.04,1,At-Risk / Inactive Customers,253.04,-0.7155719308589712,1.0327275999100496
15762.0,65,2,583.75,0,Regular Customers,583.75,-0.19746546540692594,-0.3540623623692915
15763.0,32,2,1086.92,0,Regular Customers,1086.92,-0.03642997811549813,-0.6300345184174175
15764.0,88,6,3279.97,0,Regular Customers,3279.97,0.25543489444173517,0.04398459257969485
15766.0,64,1,315.06,0,Regular Customers,315.06,-0.30027143952011587,-0.3923359178004851
15768.0,116,3,621.8299999999999,0,Regular Customers,621.8299999999999,-0.30125844538147084,0.12629636124100158
15769.0,7,26,56252.72,3,High-Value Loyal Customers,56252.72,6.043305255315312,2.0388470062932256
15773.0,6,1,635.6800000000001,0,Regular Customers,635.6800000000001,-0.056881766106765895,-0.9027630625864442
15774.0,69,1,270.8,0,Regular Customers,270.8,-0.32242205767067417,-0.34908199152541963
15775.0,245,1,104.9,1,At-Risk / Inactive Customers,104.9,-1.0042341248798206,1.2361402868673232
15776.0,133,1,241.62,0,Regular Customers,241.62,-0.5681634289415166,0.2287650344079667
15777.0,241,4,1047.11,1,At-Risk / Inactive Customers,1047.11,-0.6595892491019852,1.2937456001611813
15780.0,184,3,475.28000000000003,1,At-Risk / Inactive Customers,475.28000000000003,-0.5704839140484694,0.7350557809859575
15781.0,25,3,345.46,0,Regular Customers,345.46,0.025802993845785206,-0.7096431222250876
15782.0,10,3,2614.7400000000002,0,Regular Customers,2614.7400000000002,0.24249444157182493,-0.7431983491003163
15783.0,11,1,246.3,0,Regular Customers,246.3,-0.10330137018330074,-0.8750498829572824
15785.0,33,5,2328.9700000000003,0,Regular Customers,2328.9700000000003,0.3102615386017434,-0.5136804627820377
15786.0,46,3,4919.0,0,Regular Customers,4919.0,0.2674556903337759,-0.3136595048113819
15787.0,26,3,933.26,0,Regular Customers,933.26,0.06332969390223392,-0.6741251094324888
15789.0,358,1,351.3,1,At-Risk / Inactive Customers,351.3,-1.4171713058547704,2.269816815843538
15790.0,10,1,218.75,0,Regular Customers,218.75,-0.10143105075369149,-0.8853398495388027
15791.0,44,2,1612.69,0,Regular Customers,1612.69,-0.04514937344288581,-0.49776641827180884
15793.0,15,3,965.61,0,Regular Customers,965.61,0.10748867899897321,-0.7722116865874529
15795.0,150,1,610.01,1,At-Risk / Inactive Customers,610.01,-0.6069880891740593,0.39919326950798545
15796.0,1,8,2708.61,0,Regular Customers,2708.61,0.721960373275703,-0.7347906030786299
15797.0,113,4,2207.4,0,Regular Customers,2207.4,-0.09061831792616935,0.18767143399074748
15799.0,76,3,884.14,0,Regular Customers,884.14,-0.13050680580526955,-0.2238674502103752
15800.0,107,2,696.89,0,Regular Customers,696.89,-0.3494305949046238,0.03110673629013977
15801.0,46,3,1063.95,0,Regular Customers,1063.95,-0.0036330735568585,-0.48725232863292295
15802.0,143,1,451.42,0,Regular Customers,451.42,-0.5914866753219177,0.32870623054701126
15803.0,51,1,415.82000000000005,0,Regular Customers,415.82000000000005,-0.24368653956822237,-0.5054407753071907
15804.0,1,13,4206.39,0,Regular Customers,4206.39,1.2658810314430464,-0.581720302315615
15805.0,23,17,5488.18,3,High-Value Loyal Customers,5488.18,1.6231257162816486,-0.2564144924028044
15806.0,46,3,784.58,0,Regular Customers,784.58,-0.023278491377153068,-0.4998323541036753
15807.0,50,3,903.9,0,Regular Customers,903.9,-0.030118446797128866,-0.45826181436136015
15808.0,306,4,3651.27,1,At-Risk / Inactive Customers,3651.27,-0.7239606731240341,1.9992212638699594
15809.0,36,5,515.77,0,Regular Customers,515.77,0.171333597907484,-0.568180650336492
15810.0,79,4,1391.98,0,Regular Customers,1391.98,-0.018498995876761685,-0.15672619382471034
15811.0,22,6,2218.62,0,Regular Customers,2218.62,0.43210502436394405,-0.601067758553032
15812.0,107,5,1801.14,0,Regular Customers,1801.14,-0.008621585885551534,0.13220627006551394
15813.0,208,2,1303.9099999999999,1,At-Risk / Inactive Customers,1303.9099999999999,-0.6913170568533963,0.9724292889601712
15814.0,17,4,1945.33,0,Regular Customers,1945.33,0.2564869394448582,-0.6928710739467193
15815.0,64,5,2100.6,0,Regular Customers,2100.6,0.17616539918952612,-0.243432849544369
15819.0,49,4,1905.45,0,Regular Customers,1905.45,0.13183785019890162,-0.405086369170438
15820.0,320,1,206.98,1,At-Risk / Inactive Customers,206.98,-1.2826293561102062,1.9194412449589662
15821.0,44,2,570.96,0,Regular Customers,570.96,-0.11840427234375367,-0.5446754991811651
15822.0,3,2,885.47,0,Regular Customers,885.47,0.05982574075221867,-0.9015381363210082
15823.0,372,1,15.0,1,At-Risk / Inactive Customers,15.0,-1.4941271264974727,2.3813647025329727
15825.0,172,1,532.94,1,At-Risk / Inactive Customers,532.94,-0.6961759230552533,0.5948094029671666
15826.0,56,3,1654.31,0,Regular Customers,1654.31,-0.00019517806200000074,-0.37017452336208345
15827.0,73,14,1836.0900000000001,0,Regular Customers,1836.0900000000001,0.9127691490451167,-0.019773678207374544
15829.0,99,2,636.14,0,Regular Customers,636.14,-0.323241383223307,-0.04402396007893724
15830.0,38,1,576.0,0,Regular Customers,576.0,-0.18292319981648666,-0.6158699514111969
15831.0,58,3,794.64,0,Regular Customers,794.64,-0.06826283435140372,-0.3907866648666168
15832.0,254,1,836.79,1,At-Risk / Inactive Customers,836.79,-0.9870361320799352,1.3505417945497156
15834.0,70,4,2225.15,0,Regular Customers,2225.15,0.07435869952835067,-0.20065308124273729
15835.0,44,4,954.09,0,Regular Customers,954.09,0.08397604435890382,-0.49317304398396666
15836.0,50,1,137.37,0,Regular Customers,137.37,-0.2594596153890405,-0.527028763833128
15837.0,65,1,391.98,0,Regular Customers,391.98,-0.29867003944588455,-0.37982282111376003
15838.0,11,19,33643.08,3,High-Value Loyal Customers,33643.08,3.824120537258603,0.9370575186592162
15839.0,33,3,1048.49,0,Regular Customers,1048.49,0.04477918631530334,-0.6055905703978196
15840.0,59,2,355.56,0,Regular Customers,355.56,-0.19066600051240873,-0.41863409729119305
15841.0,73,4,1224.06,0,Regular Customers,1224.06,-0.007461318819058935,-0.21858397186103984
15843.0,304,1,118.95000000000002,1,At-Risk / Inactive Customers,118.95000000000002,-1.2278973080403912,1.7706870056463984
15844.0,46,1,130.73999999999998,0,Regular Customers,130.73999999999998,-0.24469525099827688,-0.5635248751461233
15845.0,18,8,3711.77,0,Regular Customers,3711.77,0.7277730107837492,-0.5357786876690951
15847.0,38,2,389.27,0,Regular Customers,389.27,-0.10833490757221424,-0.607153340040032
15850.0,19,2,234.88,0,Regular Customers,234.88,-0.04684638145020177,-0.7860439407254005
15852.0,187,2,160.71,1,At-Risk / Inactive Customers,160.71,-0.691746778198497,0.730913812625825
15853.0,52,1,110.8,0,Regular Customers,110.8,-0.2689433235591494,-0.5101264291244537
15854.0,4,12,2969.12,0,Regular Customers,2969.12,1.0797335088730533,-0.6274114330835339
15855.0,137,5,712.24,0,Regular Customers,712.24,-0.19942291553615887,0.35465484410603676
15856.0,4,27,16143.64,3,High-Value Loyal Customers,16143.64,3.32195977185697,0.2227128296815317
15857.0,19,1,297.0,0,Regular Customers,297.0,-0.13019730216061912,-0.8003717378856999
15858.0,16,5,1427.57,0,Regular Customers,1427.57,0.3116047077923161,-0.7081101274420154
15860.0,41,8,965.16,0,Regular Customers,965.16,0.4470543357671858,-0.45132249598258894
15861.0,12,8,3146.92,0,Regular Customers,3146.92,0.7108984005686256,-0.6155102156073673
15862.0,8,4,832.88,0,Regular Customers,832.88,0.2125278047697132,-0.8244091907609064
15863.0,26,2,68.84,0,Regular Customers,68.84,-0.08517591566960632,-0.7301749841231991
15864.0,22,6,1936.3200000000002,0,Regular Customers,1936.3200000000002,0.41225356769118343,-0.6137797218647455
15865.0,41,3,895.13,0,Regular Customers,895.13,0.003533667909917126,-0.5401012430144704
15866.0,101,1,211.89,0,Regular Customers,211.89,-0.44840934465124854,-0.06215420726568768
15867.0,5,15,3810.14,3,High-Value Loyal Customers,3810.14,1.3982244245648707,-0.5291157502674826
15869.0,277,2,149.64,1,At-Risk / Inactive Customers,149.64,-1.035213473889462,1.5448604880471235
15870.0,33,1,351.44,0,Regular Customers,351.44,-0.17967611897648994,-0.6712288368695951
15872.0,15,2,316.25,0,Regular Customers,316.25,-0.025893819442707935,-0.8185774138115776
15874.0,64,7,4405.88,0,Regular Customers,4405.88,0.5137121255398881,-0.1053760185780949
15877.0,2,2,490.33,0,Regular Customers,490.33,0.03584697425076125,-0.928380673195666
15880.0,369,1,329.03000000000003,1,At-Risk / Inactive Customers,329.03000000000003,-1.4606214610426842,2.3683572951953926
15881.0,312,5,501.39000000000004,1,At-Risk / Inactive Customers,501.39000000000004,-0.8805882387535494,1.9288036342678658
15882.0,199,4,516.36,1,At-Risk / Inactive Customers,516.36,-0.5369906333170451,0.889771531616505
15883.0,2,2,396.48,0,Regular Customers,396.48,0.02924740213337341,-0.9326067368046079
15885.0,93,3,379.35,0,Regular Customers,379.35,-0.23073385688981798,-0.09275849291596033
15886.0,60,1,181.09,0,Regular Customers,181.09,-0.2944616783624707,-0.43456614674760585
15888.0,81,1,168.31,0,Regular Customers,168.31,-0.37532096475586785,-0.24510442652050202
15889.0,157,2,420.07,1,At-Risk / Inactive Customers,420.07,-0.5592790559454167,0.4711110691003611
15891.0,227,1,511.68,1,At-Risk / Inactive Customers,511.68,-0.9070915316846947,1.0915685506111423
15894.0,253,2,258.25,1,At-Risk / Inactive Customers,258.25,-0.9361924393136689,1.3325658188791236
15895.0,150,1,179.17,1,At-Risk / Inactive Customers,179.17,-0.6372849421421508,0.3797925529893222
15897.0,194,2,208.59,1,At-Risk / Inactive Customers,208.59,-0.7150333665750499,0.7964155825175826
15898.0,1,5,1383.83,0,Regular Customers,1383.83,0.3656436003882499,-0.8458205983103702
15899.0,369,1,56.25,1,At-Risk / Inactive Customers,56.25,-1.4798034672459985,2.356074017291853
15900.0,24,1,337.28,0,Regular Customers,337.28,-0.14640303137346866,-0.753310977114098
15901.0,17,3,351.73,0,Regular Customers,351.73,0.05670508057566176,-0.7817559093446038
15903.0,10,7,5126.76,0,Regular Customers,5126.76,0.7700176644246735,-0.5615819010826217
15904.0,8,1,164.68,0,Regular Customers,164.68,-0.09761798185418623,-0.9058734018225976
15906.0,20,7,1567.69,0,Regular Customers,1567.69,0.4816658685923857,-0.6313528451016274
15907.0,4,3,882.72,0,Regular Customers,882.72,0.14354393803489443,-0.8754875186203548
15909.0,174,1,191.94,1,At-Risk / Inactive Customers,191.94,-0.727770483232504,0.59755296111154
15910.0,1,8,1228.88,0,Regular Customers,1228.88,0.6179051271461097,-0.8014228151623769
15912.0,178,2,264.62,1,At-Risk / Inactive Customers,264.62,-0.6501709577249377,0.6541483621022359
15916.0,16,8,1502.8600000000001,0,Regular Customers,1502.8600000000001,0.580056809769221,-0.6533446417333104
15917.0,248,1,123.1,1,At-Risk / Inactive Customers,123.1,-1.0143772347186284,1.2641080044105384
15918.0,191,2,334.23,1,At-Risk / Inactive Customers,334.23,-0.6947753664499866,0.7749249772760214
15919.0,20,2,525.69,0,Regular Customers,525.69,-0.03020414514594288,-0.7638993816485147
15920.0,154,4,167.5,1,At-Risk / Inactive Customers,167.5,-0.390178493362257,0.46683979419684163
15921.0,173,1,323.03000000000003,1,At-Risk / Inactive Customers,323.03000000000003,-0.7147445311901892,0.5944065505334567
15922.0,373,1,369.5,1,At-Risk / Inactive Customers,369.5,-1.4730061821681053,2.406377221026519
15923.0,373,1,127.08,1,At-Risk / Inactive Customers,127.08,-1.4900532601936478,2.3954610533112315
15925.0,194,1,207.15,1,At-Risk / Inactive Customers,207.15,-0.8028538536550055,0.779225679838004
15930.0,67,1,426.63,0,Regular Customers,426.63,-0.30384873104671817,-0.3601637510386561
15932.0,4,8,2495.87,0,Regular Customers,2495.87,0.695577463918626,-0.7172221090820216
15933.0,21,3,1107.46,0,Regular Customers,1107.46,0.0946177483973141,-0.7115278401258183
15935.0,239,2,416.86,1,At-Risk / Inactive Customers,416.86,-0.8717318554268393,1.2130165550701055
15937.0,64,1,145.35,0,Regular Customers,145.35,-0.31220551926483503,-0.3999779556808638
15938.0,112,5,404.58,0,Regular Customers,404.58,-0.12586651809411298,0.1145661545891442
15939.0,90,15,6115.01,3,High-Value Loyal Customers,6115.01,1.236653855683256,0.3438707035048691
15940.0,311,1,35.8,1,At-Risk / Inactive Customers,35.8,-1.2603979820274005,1.8302884972783835
15942.0,134,1,337.44,0,Regular Customers,337.44,-0.5652329727882375,0.2421291977138606
15944.0,277,1,325.1,1,At-Risk / Inactive Customers,325.1,-1.1105942773512407,1.5356363888030466
15945.0,365,1,181.0,1,At-Risk / Inactive Customers,181.0,-1.4558004050951665,2.3254939447315777
15947.0,83,1,1708.24,0,Regular Customers,1708.24,-0.2746477233054326,-0.15766262837647826
15948.0,8,2,955.24,0,Regular Customers,955.24,0.045693760945248386,-0.8531494414436235
15949.0,17,2,364.72,0,Regular Customers,364.72,-0.030100682736005056,-0.7982960294149438
15950.0,32,4,1744.71,0,Regular Customers,1744.71,0.1852645471941039,-0.5661641289545611
15951.0,9,2,708.22,0,Regular Customers,708.22,0.024515561747166244,-0.8552233564295746
15952.0,34,4,781.91,0,Regular Customers,781.91,0.10994474522045718,-0.5914202122810465
15953.0,15,8,1657.28,0,Regular Customers,1657.28,0.5947233373842439,-0.6554405028814886
15955.0,24,14,4416.26,3,High-Value Loyal Customers,4416.26,1.2807825194762394,-0.3470088162929742
15957.0,32,1,428.89,0,Regular Customers,428.89,-0.17042215466328214,-0.6767906555668437
15958.0,74,1,104.35,0,Regular Customers,104.35,-0.35316512885291734,-0.3113302784882511
15963.0,20,2,470.76,0,Regular Customers,470.76,-0.034066846226476856,-0.7663728784416866
15965.0,17,4,808.87,0,Regular Customers,808.87,0.17657058645043516,-0.7440458448472858
15967.0,23,2,397.68,0,Regular Customers,397.68,-0.05062880468409317,-0.7425154974591983
15969.0,3,3,666.1,0,Regular Customers,666.1,0.13211877424410384,-0.8942913034921539
15970.0,304,1,314.1,1,At-Risk / Inactive Customers,314.1,-1.2141742766210173,1.7794746062141662
15971.0,18,12,4199.85,0,Regular Customers,4199.85,1.1129719076774505,-0.44530021706942885
15973.0,367,1,307.82000000000005,1,At-Risk / Inactive Customers,307.82000000000005,-1.4544976628967499,2.349303428049475
15974.0,39,7,3442.15,0,Regular Customers,3442.15,0.5411334001363863,-0.37500752697531287
15975.0,84,1,371.01,0,Regular Customers,371.01,-0.3724899557277812,-0.20882867769492366
15976.0,165,2,427.64,1,At-Risk / Inactive Customers,427.64,-0.5892079079592075,0.5438470711410043
15977.0,17,2,1054.73,0,Regular Customers,1054.73,0.018421115417631508,-0.7672248930185024
15978.0,77,1,1098.78,0,Regular Customers,1098.78,-0.2946593277896737,-0.23940294371586823
15980.0,89,3,2398.86,0,Regular Customers,2398.86,-0.07349046159948881,-0.03801756085525695
15981.0,25,8,3408.48,0,Regular Customers,3408.48,0.6797919978950695,-0.48609009580133467
15983.0,22,4,1465.12,0,Regular Customers,1465.12,0.20368013094187323,-0.6692479673873517
15984.0,3,10,2780.63,0,Regular Customers,2780.63,0.8948480073779742,-0.6791986436393352
15985.0,123,2,1142.42,0,Regular Customers,1142.42,-0.3790230901564723,0.1959591933991564
15986.0,30,1,168.12,0,Regular Customers,168.12,-0.18114431812034668,-0.7066319046856764
15987.0,12,7,1432.77,0,Regular Customers,1432.77,0.5026394141687834,-0.7098234150761942
15988.0,19,1,156.78,0,Regular Customers,156.78,-0.14005763249945902,-0.806685841660296
15990.0,44,2,792.11,0,Regular Customers,792.11,-0.10285290981034584,-0.5347171191372918
15992.0,4,1,41.989999999999995,0,Regular Customers,41.989999999999995,-0.0910150062747602,-0.947595692597008
15993.0,9,7,2777.67,0,Regular Customers,2777.67,0.6086362986821933,-0.676410767085592
15994.0,55,1,414.27,0,Regular Customers,414.27,-0.25902612505563205,-0.4693130092293701
15996.0,88,6,1032.58,0,Regular Customers,1032.58,0.09739746896601556,-0.05721533383586218
15998.0,37,5,3080.22,0,Regular Customers,3080.22,0.34785917090836216,-0.4436541278729812
16000.0,3,3,12393.7,0,Regular Customers,12393.7,0.9568086193573461,-0.3661977118008646
16003.0,30,5,2735.37,0,Regular Customers,2735.37,0.3502627019412747,-0.5225284508808549
16005.0,12,4,578.71,0,Regular Customers,578.71,0.17942387289664,-0.799656898192845
16006.0,211,1,101.4,1,At-Risk / Inactive Customers,101.4,-0.8750202413647811,0.9283034002918459
16007.0,48,4,1693.81,0,Regular Customers,1693.81,0.12076288213687604,-0.423665904742583
16008.0,24,3,478.78,0,Regular Customers,478.78,0.038985760441342,-0.7126891159481051
16009.0,22,4,972.11,0,Regular Customers,972.11,0.16901145699841683,-0.6914481977533024
16010.0,246,3,392.4,1,At-Risk / Inactive Customers,392.4,-0.8123861978616453,1.2923859157280935
16011.0,8,16,3352.96,3,High-Value Loyal Customers,3352.96,1.4423716155831854,-0.5054293250368647
16012.0,35,3,1415.29,0,Regular Customers,1415.29,0.06295742469625318,-0.5709747925154695
16013.0,4,47,37130.6,3,High-Value Loyal Customers,37130.6,6.552156283490749,1.510256405770521
16014.0,38,3,646.83,0,Regular Customers,646.83,-0.002503952610475152,-0.5784303589212183
16015.0,4,3,704.55,0,Regular Customers,704.55,0.1310149474738396,-0.8835105101302662
16016.0,3,8,1465.51,0,Regular Customers,1465.51,0.6269297554842213,-0.7726685897571283
16017.0,47,1,211.88,0,Regular Customers,211.88,-0.24279709872015234,-0.5508217519444304
16018.0,39,2,408.90000000000003,0,Regular Customers,408.90000000000003,-0.11076216478732918,-0.5972200108989252
16019.0,47,9,3786.2400000000002,0,Regular Customers,3786.2400000000002,0.7103072297012097,-0.2528679170982896
16020.0,17,3,851.01,0,Regular Customers,851.01,0.0918146635993102,-0.7592733410049923
16022.0,260,1,602.63,1,At-Risk / Inactive Customers,602.63,-1.026348246611898,1.3942939182878737
16023.0,46,3,719.81,0,Regular Customers,719.81,-0.027833145463921433,-0.5027489458985732
16024.0,12,1,251.03,0,Regular Customers,251.03,-0.10677640176761201,-0.8657875005159438
16025.0,30,1,439.65999999999997,0,Regular Customers,439.65999999999997,-0.16204950924708617,-0.6944044639571512
16026.0,43,1,236.09,0,Regular Customers,236.09,-0.22586405234643464,-0.5859291386788452
16027.0,92,6,934.62,0,Regular Customers,934.62,0.07527829106691312,-0.02542890811540002
16029.0,39,63,80850.84,2,VIP Loyal Customers,80850.84,10.896822207482028,4.069707556436899
16030.0,310,1,331.24,1,At-Risk / Inactive Customers,331.24,-1.2358148677315677,1.834542763888682
16031.0,92,2,547.9,0,Regular Customers,547.9,-0.30279292729915425,-0.11134313995744932
16033.0,6,20,8778.82,3,High-Value Loyal Customers,8778.82,2.182412607206787,-0.21070150180573674
16034.0,196,3,437.7,1,At-Risk / Inactive Customers,437.7,-0.6188183221870499,0.8419562419829522
16036.0,87,2,758.92,0,Regular Customers,758.92,-0.2689156746648922,-0.14708786679269417
16037.0,270,3,855.02,1,At-Risk / Inactive Customers,855.02,-0.8712380946578384,1.530403060285927
16038.0,8,3,471.78000000000003,0,Regular Customers,471.78000000000003,0.09941587274847127,-0.8577945759934105
16040.0,65,3,1313.55,0,Regular Customers,1313.55,-0.058426391780133674,-0.304074423566016
16041.0,31,3,3166.4,0,Regular Customers,3166.4,0.20132681725555515,-0.5283199070465616
16042.0,22,5,1177.47,0,Regular Customers,1177.47,0.27117168564659555,-0.6650757815826696
16043.0,38,4,773.99,0,Regular Customers,773.99,0.09415721861010916,-0.5555792871748716
16045.0,120,4,1340.7,0,Regular Customers,1340.7,-0.17821856285168974,0.21198968491110276
16048.0,373,2,256.44,1,At-Risk / Inactive Customers,256.44,-1.393237384032645,2.4184111910132486
16049.0,40,3,1074.81,0,Regular Customers,1074.81,0.019976489522651415,-0.5410596468716323
16050.0,174,1,137.9,1,At-Risk / Inactive Customers,137.9,-0.7315705991325961,0.5951195410004348
16052.0,54,1,362.06,0,Regular Customers,362.06,-0.25888990736725653,-0.48071341511399646
16053.0,33,2,1511.95,0,Regular Customers,1511.95,-0.010349334037176403,-0.6018460354450369
16054.0,145,1,783.9,1,At-Risk / Inactive Customers,783.9,-0.5757218340114927,0.3617765795209023
16055.0,221,1,134.8,1,At-Risk / Inactive Customers,134.8,-0.9107480111496278,1.0203013079853138
16056.0,45,1,650.75,0,Regular Customers,650.75,-0.20432027830711313,-0.5491582259608642
16057.0,16,7,2263.12,0,Regular Customers,2263.12,0.5457993922877131,-0.6362352087609863
16059.0,66,6,1453.16,0,Regular Customers,1453.16,0.21074107288497082,-0.2373632189166986
16062.0,10,4,1153.62,0,Regular Customers,1153.62,0.22746708426172438,-0.7918674937504566
16063.0,260,1,335.32,1,At-Risk / Inactive Customers,335.32,-1.0451456000769908,1.3822569543741148
16065.0,365,1,367.14,1,At-Risk / Inactive Customers,367.14,-1.4427109607272328,2.333875825180895
16066.0,17,5,1521.04,0,Regular Customers,1521.04,0.3143699109410575,-0.6948517845887694
16070.0,22,2,852.15,0,Regular Customers,852.15,-0.01486263280884417,-0.7311001131533218
16071.0,45,1,326.24,0,Regular Customers,326.24,-0.22713996022308044,-0.5637709047220549
16072.0,288,1,584.3199999999999,1,At-Risk / Inactive Customers,584.3199999999999,-1.1342499354126385,1.6468523571829357
16073.0,297,1,122.39999999999999,1,At-Risk / Inactive Customers,122.39999999999999,-1.2010011721221705,1.707496624620352
16076.0,3,10,2234.73,0,Regular Customers,2234.73,0.856460086026008,-0.7037805096395634
16078.0,284,1,79.2,1,At-Risk / Inactive Customers,79.2,-1.1545396009078277,1.5879092512144106
16079.0,17,3,1352.0,0,Regular Customers,1352.0,0.1270444945539201,-0.7367137713998371
16080.0,82,2,217.16,0,Regular Customers,217.16,-0.28797423341610934,-0.21673026185957797
16081.0,56,5,2799.42,0,Regular Customers,2799.42,0.2557678979587949,-0.28436012411862416
16083.0,101,2,1317.62,0,Regular Customers,1317.62,-0.28293471272834964,0.004761851862676163
16084.0,299,1,436.18,1,At-Risk / Inactive Customers,436.18,-1.1865513228053006,1.7397249129710441
16085.0,23,5,981.51,0,Regular Customers,981.51,0.25358404747476615,-0.664850465797469
16086.0,59,5,1121.39,0,Regular Customers,1121.39,0.1263451694446881,-0.33277360929672595
16091.0,155,2,315.06,1,At-Risk / Inactive Customers,315.06,-0.5590481096208687,0.44828368964299675
16092.0,115,3,817.86,0,Regular Customers,817.86,-0.28366588477971905,0.12607419755439056
16093.0,107,1,17.0,0,Regular Customers,17.0,-0.48495997599674556,-0.01663375621881187
16094.0,12,4,1078.23,0,Regular Customers,1078.23,0.21455033282287952,-0.7771635226580695
16096.0,264,1,320.62,1,At-Risk / Inactive Customers,320.62,-1.0614098991855367,1.417792576216905
16097.0,240,1,185.04999999999998,1,At-Risk / Inactive Customers,185.04999999999998,-0.9795597065876208,1.1945024865690816
16098.0,88,7,2005.63,0,Regular Customers,2005.63,0.2535419865731445,0.003726147565976189
16099.0,50,3,731.9,0,Regular Customers,731.9,-0.04221356032073791,-0.4660069708955958
16101.0,71,1,1290.7,0,Regular Customers,1290.7,-0.25831754811374136,-0.28505713380289915
16102.0,42,3,1842.14,0,Regular Customers,1842.14,0.06632016871529386,-0.48840801115987864
16103.0,7,6,1429.64,0,Regular Customers,1429.64,0.43373832159746845,-0.7723363716049552
16104.0,62,1,298.21,0,Regular Customers,298.21,-0.2938410443104436,-0.41119345423425535
16105.0,249,1,336.96,1,At-Risk / Inactive Customers,336.96,-1.0031461553076353,1.282787506537951
16106.0,66,1,108.38,0,Regular Customers,108.38,-0.32242055988055746,-0.38354393276263166
16107.0,18,7,3204.1600000000003,0,Regular Customers,3204.1600000000003,0.6043584329349262,-0.5757614152494531
16108.0,85,1,842.5,0,Regular Customers,842.5,-0.34314222458953575,-0.17854810185870237
16109.0,219,2,611.88,1,At-Risk / Inactive Customers,611.88,-0.7818650215388241,1.0408104890075505
16110.0,45,3,1320.95,0,Regular Customers,1320.95,0.018246923507302826,-0.4847290144480668
16112.0,143,4,195.73999999999998,0,Regular Customers,195.73999999999998,-0.3463085252223901,0.3685681438246932
16113.0,183,1,161.38,1,At-Risk / Inactive Customers,161.38,-0.7641883003516636,0.6776213606571418
16114.0,171,1,135.75000000000003,1,At-Risk / Inactive Customers,135.75000000000003,-0.7202988464330095,0.5678745546338156
16115.0,10,8,1660.8799999999999,0,Regular Customers,1660.8799999999999,0.6140147269541629,-0.7005253481372634
16116.0,212,1,612.78,1,At-Risk / Inactive Customers,612.78,-0.8428674283750427,0.9603802220242916
16117.0,190,1,232.21,1,At-Risk / Inactive Customers,232.21,-0.7858610349179446,0.7441565685864618
16119.0,8,2,423.36,0,Regular Customers,423.36,0.00829173198631125,-0.8770999871263517
16120.0,59,4,1309.14,0,Regular Customers,1309.14,0.051828604036427806,-0.3414442900884439
16121.0,57,2,854.66,0,Regular Customers,854.66,-0.14795378075328244,-0.4142584156212489
16122.0,73,4,684.4200000000001,0,Regular Customers,684.4200000000001,-0.045409034295107724,-0.2428839501874056
16123.0,52,1,307.78,0,Regular Customers,307.78,-0.2550916057575185,-0.5012564236935599
16124.0,317,1,249.0,1,At-Risk / Inactive Customers,249.0,-1.268251550129586,1.89418523280233
16125.0,367,1,289.35,1,At-Risk / Inactive Customers,289.35,-1.4557964811919888,2.3484717243216418
16126.0,29,4,6287.77,0,Regular Customers,6287.77,0.5161574100020809,-0.3887384006062205
16127.0,39,1,656.25,0,Regular Customers,656.25,-0.18108763271880404,-0.6032069048915707
16128.0,18,5,1880.22,0,Regular Customers,1880.22,0.335819954870951,-0.6696285257895249
16131.0,52,6,3506.54,0,Regular Customers,3506.54,0.4084426931155722,-0.2715910278049398
16133.0,4,33,14589.04,3,High-Value Loyal Customers,14589.04,3.738954989309689,0.2554595800579655
16134.0,22,2,618.09,0,Regular Customers,618.09,-0.031321832060797285,-0.7416398302370613
16135.0,263,1,517.55,1,At-Risk / Inactive Customers,517.55,-1.0437540501990685,1.4176109395121594
16136.0,60,3,709.38,0,Regular Customers,709.38,-0.08187364840930689,-0.3765271396753513
16139.0,19,3,635.41,0,Regular Customers,635.41,0.06903828502590001,-0.7508830233874028
16140.0,66,2,725.18,0,Regular Customers,725.18,-0.19132769455706658,-0.3386443816824296
16141.0,88,1,620.4,0,Regular Customers,620.4,-0.370183333147665,-0.16140108847349205
16142.0,250,1,535.34,1,At-Risk / Inactive Customers,535.34,-0.993003636113767,1.3007699445772822
16143.0,3,6,2424.94,0,Regular Customers,2424.94,0.5189588318760788,-0.7637155952066326
16144.0,247,1,175.2,1,At-Risk / Inactive Customers,175.2,-1.0069058932416037,1.2574046757240873
16145.0,9,11,3799.4900000000002,0,Regular Customers,3799.4900000000002,1.0313680205299125,-0.5618979950406761
16146.0,157,3,734.13,1,At-Risk / Inactive Customers,734.13,-0.4494749968320269,0.5023782440807114
16147.0,134,1,375.0,0,Regular Customers,375.0,-0.5625917375327331,0.2438205237570344
16148.0,296,1,76.32000000000001,1,At-Risk / Inactive Customers,76.32000000000001,-1.2004338902134477,1.6963722525122074
16149.0,5,2,280.52,0,Regular Customers,280.52,0.009670103746150358,-0.9106802413580967
16150.0,43,5,2053.02,0,Regular Customers,2053.02,0.2527801445812661,-0.43561257935523123
16152.0,269,1,1829.04,1,At-Risk / Inactive Customers,1829.04,-0.9743753960230873,1.53096365160579
16153.0,50,5,1824.23,0,Regular Customers,1824.23,0.21003800353856808,-0.3825692539886304
16156.0,9,9,3092.04,0,Regular Customers,3092.04,0.8061813827925056,-0.6280045733028937
16157.0,16,3,656.69,0,Regular Customers,656.69,0.08195764534094106,-0.7770729573261317
16159.0,282,1,348.2,1,At-Risk / Inactive Customers,348.2,-1.128008111507902,1.5819235345208218
16160.0,65,2,1025.44,0,Regular Customers,1025.44,-0.16640563580086265,-0.3341730705692535
16161.0,2,19,5533.67,3,High-Value Loyal Customers,5533.67,1.8817236351861735,-0.41015316297181925
16162.0,252,1,37.4,1,At-Risk / Inactive Customers,37.4,-1.0356342841770365,1.2964464976839642
16163.0,232,2,856.6,1,At-Risk / Inactive Customers,856.6,-0.8141556202108545,1.1694723039529056
16164.0,17,3,822.48,0,Regular Customers,822.48,0.0898084218037953,-0.7605580463301188
16168.0,11,27,3787.6,3,High-Value Loyal Customers,3787.6,2.4264242268655045,-0.270333668090292
16169.0,8,4,1822.97,0,Regular Customers,1822.97,0.2821513567963998,-0.7798254580110148
16170.0,51,6,1885.05,0,Regular Customers,1885.05,0.29822647039505684,-0.3536560804688994
16171.0,59,1,73.2,0,Regular Customers,73.2,-0.2982409020752263,-0.4484738219102918
16172.0,95,5,1140.21,0,Regular Customers,1140.21,-0.009406699534041755,-0.006148082156648881
16173.0,16,6,1418.32,0,Regular Customers,1418.32,0.39867346950269394,-0.6914015952470355
16174.0,126,3,1009.5500000000001,0,Regular Customers,1009.5500000000001,-0.3120702813076829,0.23424929139499504
16175.0,94,4,1037.59,0,Regular Customers,1037.59,-0.10053456025847733,-0.03694350883411856
16177.0,50,1,331.95,0,Regular Customers,331.95,-0.24577666661332045,-0.5182668303538747
16178.0,138,1,197.9,0,Regular Customers,197.9,-0.5902760740612449,0.27204327687215113
16179.0,61,1,215.83,0,Regular Customers,215.83,-0.2958263939186221,-0.4239524146109625
16180.0,100,8,10254.18,0,Regular Customers,10254.18,0.8756110077116636,0.5008759350077621
16181.0,73,1,305.54,0,Regular Customers,305.54,-0.3352097148454573,-0.31132008747883505
16182.0,72,4,6617.65,0,Regular Customers,6617.65,0.3756258827464691,0.015239886522591783
16183.0,67,1,338.71000000000004,0,Regular Customers,338.71000000000004,-0.31003130302925136,-0.3641227868670863
16184.0,64,6,1158.79,0,Regular Customers,1158.79,0.19765614306515475,-0.2687174753584983
16185.0,17,2,529.41,0,Regular Customers,529.41,-0.018519611537149386,-0.7908800420334132
16186.0,23,12,4006.94,0,Regular Customers,4006.94,1.0803681579845406,-0.4087399972990967
16187.0,32,15,6911.4400000000005,3,High-Value Loyal Customers,6911.4400000000005,1.5135026916877017,-0.14513072656856305
16188.0,45,4,981.86,0,Regular Customers,981.86,0.08212119542333642,-0.4828731708068793
16189.0,16,2,215.48,0,Regular Customers,215.48,-0.03678765612434922,-0.8140656942444359
16190.0,40,1,215.08,0,Regular Customers,215.08,-0.21591854290879725,-0.6140233904654395
16191.0,3,13,5180.52,0,Regular Customers,5180.52,1.326766975035005,-0.5197564667708386
16193.0,237,1,314.45,1,At-Risk / Inactive Customers,314.45,-0.9590373016552971,1.1731811940517574
16198.0,75,1,400.68100000000004,0,Regular Customers,400.68100000000004,-0.336134653468636,-0.28893710889261226
16200.0,4,2,1068.8700000000001,0,Regular Customers,1068.8700000000001,0.06891485994269358,-0.8842302473798329
16201.0,3,4,1863.47,0,Regular Customers,1863.47,0.30403757013969784,-0.823248697010317
16202.0,361,1,365.27,1,At-Risk / Inactive Customers,365.27,-1.427611871101746,2.297594056571987
16203.0,59,4,592.9,0,Regular Customers,592.9,0.0014623010704408628,-0.3736965628563563
16204.0,23,1,384.18,0,Regular Customers,384.18,-0.13929735611925073,-0.7602484616957704
16205.0,31,4,757.63,0,Regular Customers,757.63,0.11966030686029104,-0.6196617121017508
16206.0,55,4,537.0600000000001,0,Regular Customers,537.0600000000001,0.012766197225757966,-0.4124085994777803
16207.0,25,1,394.38,0,Regular Customers,394.38,-0.14619538217155081,-0.7416903746280041
16208.0,45,2,664.26,0,Regular Customers,664.26,-0.11565102366768096,-0.5314248114244936
16209.0,89,5,2262.62,0,Regular Customers,2262.62,0.09236753469179171,-0.009902326292860576
16210.0,2,18,21086.3,3,High-Value Loyal Customers,21086.3,2.887671999293206,0.27305639303731355
16211.0,89,1,547.02,0,Regular Customers,547.02,-0.37915109332109903,-0.15565599775825315
16212.0,19,2,690.34,0,Regular Customers,690.34,-0.014818239557975128,-0.7655345861028251
16213.0,79,1,159.0,0,Regular Customers,159.0,-0.3683603535231258,-0.2636224369062017
16214.0,171,3,1062.75,1,At-Risk / Inactive Customers,1062.75,-0.4796733588461354,0.6438674649721462
16215.0,81,1,242.35,0,Regular Customers,242.35,-0.3701144403065189,-0.2417704068123927
16216.0,267,1,914.9300000000001,1,At-Risk / Inactive Customers,914.9300000000001,-1.031040707558726,1.4717025154516232
16217.0,235,2,304.25,1,At-Risk / Inactive Customers,304.25,-0.8644200499385878,1.171748166492585
16218.0,30,7,3084.68,0,Regular Customers,3084.68,0.5502647817871388,-0.47254890960219054
16221.0,37,3,860.86,0,Regular Customers,860.86,0.016354375685607773,-0.5778419829705256
16222.0,318,1,773.5500000000001,1,At-Risk / Inactive Customers,773.5500000000001,-1.2351726171101618,1.9268550993694038
16224.0,57,4,1295.3,0,Regular Customers,1295.3,0.05847066373276319,-0.360166286282865
16225.0,45,5,1096.32,0,Regular Customers,1096.32,0.1778892972151426,-0.46059397980463024
16226.0,203,3,255.12,1,At-Risk / Inactive Customers,255.12,-0.6583109562766899,0.897080402718431
16227.0,225,1,314.22,1,At-Risk / Inactive Customers,314.22,-0.9133617088790866,1.0645781495166262
16229.0,87,2,1010.6,0,Regular Customers,1010.6,-0.25121742948104375,-0.13575472146399406
16230.0,190,2,542.03,1,At-Risk / Inactive Customers,542.03,-0.6763551344169972,0.7752328164522473
16232.0,44,4,990.88,0,Regular Customers,990.88,0.08656313288526184,-0.49151639102527755
16233.0,71,3,536.6800000000001,0,Regular Customers,536.6800000000001,-0.13590210550045623,-0.28476052019236375
16235.0,41,5,867.31,0,Regular Customers,867.31,0.1770158049467191,-0.5071038580367145
16236.0,78,1,432.2,0,Regular Customers,432.2,-0.34534116553406635,-0.2603696370477722
16239.0,57,2,414.2,0,Regular Customers,414.2,-0.17892711623356644,-0.4340923205460711
16240.0,24,2,3718.8,0,Regular Customers,3718.8,0.1791061261650947,-0.5839161401424312
16241.0,10,13,2590.31,0,Regular Customers,2590.31,1.1179687701729992,-0.5730478364221138
16242.0,8,7,3579.86,0,Regular Customers,3579.86,0.6688542895948222,-0.6493375581862014
16243.0,34,2,409.1,0,Regular Customers,409.1,-0.09170986467078376,-0.6424579580861907
16244.0,212,2,1522.75,1,At-Risk / Inactive Customers,1522.75,-0.69115872333227,1.0184812122971787
16245.0,24,3,1413.66,0,Regular Customers,1413.66,0.10472692166780503,-0.6705914883857436
16247.0,170,1,114.56,1,At-Risk / Inactive Customers,114.56,-0.7179812890847366,0.5578709787241425
16248.0,62,1,152.94,0,Regular Customers,152.94,-0.3040564928079709,-0.41773495940709493
16249.0,53,5,1800.07,0,Regular Customers,1800.07,0.19691612039243406,-0.35650900639187005
16250.0,261,2,389.44,1,At-Risk / Inactive Customers,389.44,-0.9574282800845031,1.4108684270288492
16253.0,67,2,3683.86,0,Regular Customers,3683.86,0.01292030056248837,-0.19636569026257158
16255.0,17,8,2619.91,0,Regular Customers,2619.91,0.6548005960603797,-0.5939945121049894
16256.0,267,1,752.4300000000001,1,At-Risk / Inactive Customers,752.4300000000001,-1.0424677770214381,1.4643851437259645
16257.0,177,1,46.95,1,At-Risk / Inactive Customers,46.95,-0.7493891836289733,0.6181722362429999
16258.0,45,5,5203.51,0,Regular Customers,5203.51,0.46670865368625836,-0.27564729686365796
16260.0,51,1,1035.45,0,Regular Customers,1035.45,-0.2001138930994207,-0.4775388488926069
16261.0,17,4,728.54,0,Regular Customers,728.54,0.17092174651234496,-0.7476631031286529
16265.0,9,9,5447.0,0,Regular Customers,5447.0,0.9717831766504034,-0.5219607719548499
16266.0,74,7,861.89,0,Regular Customers,861.89,0.22642076175373996,-0.17446791050095933
16268.0,71,2,667.65,0,Regular Customers,667.65,-0.21441146478005677,-0.2959880032399764
16270.0,353,1,1141.24,1,At-Risk / Inactive Customers,1141.24,-1.342584151353719,2.2601408449431757
16271.0,3,5,1404.64,0,Regular Customers,1404.64,0.3594916740713306,-0.8267847431563933
16272.0,117,1,411.7,0,Regular Customers,411.7,-0.495280975339267,0.09163348319453603
16274.0,373,1,351.75,1,At-Risk / Inactive Customers,351.75,-1.4742543697555708,2.4055779388841776
16275.0,197,1,559.87,1,At-Risk / Inactive Customers,559.87,-0.7894733740989432,0.8222568262407106
16276.0,177,1,810.6000000000001,1,At-Risk / Inactive Customers,810.6000000000001,-0.695688989196973,0.6525593803556107
16278.0,100,1,566.38,0,Regular Customers,566.38,-0.4196738091137346,-0.05524092034523486
16279.0,21,3,1502.78,0,Regular Customers,1502.78,0.12241681978192535,-0.6937265884914344
16281.0,72,1,2062.06,0,Regular Customers,2062.06,-0.20788283039221306,-0.24127341790899626
16282.0,340,1,168.3,1,At-Risk / Inactive Customers,168.3,-1.3615022943686803,2.0986872980713023
16283.0,6,5,1570.81,0,Regular Customers,1570.81,0.3597538778841995,-0.7921539394947429
16284.0,31,2,812.68,0,Regular Customers,812.68,-0.05190700493669773,-0.6514329307281854
16287.0,170,1,142.5,1,At-Risk / Inactive Customers,142.5,-0.7160165363414247,0.5591291163611574
16292.0,122,1,302.25,0,Regular Customers,302.25,-0.5220157821561281,0.13195190508316645
16293.0,22,10,2248.9900000000002,0,Regular Customers,2248.9900000000002,0.7851175584036272,-0.5311999600306041
16295.0,10,4,1328.55,0,Regular Customers,1328.55,0.23976823663779956,-0.7839903993752599
16297.0,269,1,301.9,1,At-Risk / Inactive Customers,301.9,-1.081764533618694,1.4621965681773448
16298.0,23,3,598.2,0,Regular Customers,598.2,0.051191073095165324,-0.7163610263910406
16302.0,127,1,233.22,0,Regular Customers,233.22,-0.545908237294941,0.17409043875734223
16303.0,26,3,5360.63,0,Regular Customers,5360.63,0.3746642448384029,-0.47476072754307724
16305.0,139,1,361.21999999999997,0,Regular Customers,361.21999999999997,-0.5825989890542239,0.28844696381793405
16306.0,214,6,632.27,1,At-Risk / Inactive Customers,632.27,-0.41051604933416724,1.0649819351478378
16308.0,38,4,2560.0,0,Regular Customers,2560.0,0.21975020526302208,-0.4751552928626032
16309.0,106,2,706.57,0,Regular Customers,706.57,-0.3449422459605729,0.022493235858442668
16311.0,18,2,616.26,0,Regular Customers,616.26,-0.016219929618211996,-0.7779197976467755
16313.0,3,2,274.15000000000003,0,Regular Customers,274.15000000000003,0.01683745703563326,-0.9290658636030368
16315.0,331,1,226.37,1,At-Risk / Inactive Customers,226.37,-1.323149962290018,2.01985767327138
16316.0,64,8,2938.91,0,Regular Customers,2938.91,0.49827339372912977,-0.15430858861035898
16317.0,120,3,1341.65,0,Regular Customers,1341.65,-0.2658709841100092,0.19490740388336616
16318.0,35,1,328.15,0,Regular Customers,328.15,-0.18892917614452068,-0.6541788038270122
16319.0,218,1,404.40000000000003,1,At-Risk / Inactive Customers,404.40000000000003,-0.8803666822870134,1.0052932186429884
16320.0,172,2,1038.46,1,At-Risk / Inactive Customers,1038.46,-0.5729083148998275,0.6346980178896375
16321.0,72,5,373.65000000000003,0,Regular Customers,373.65000000000003,0.024264359332884143,-0.2488022481535073
16322.0,1,2,326.75,0,Regular Customers,326.75,0.028151605932599903,-0.9447960679362101
16323.0,196,1,207.50000000000003,1,At-Risk / Inactive Customers,207.50000000000003,-0.8104445359178147,0.7973402216042459
16324.0,128,3,408.59000000000003,0,Regular Customers,408.59000000000003,-0.3619453398081744,0.22528685597750878
16325.0,47,3,594.24,0,Regular Customers,594.24,-0.040470928746641245,-0.49935396983171665
16326.0,6,14,3039.2200000000003,0,Regular Customers,3039.2200000000003,1.2524861277545958,-0.5719059312055516
16327.0,14,6,3820.27,0,Regular Customers,3820.27,0.5751949146594918,-0.6013406164191246
16330.0,18,3,251.91,0,Regular Customers,251.91,0.045878048300110164,-0.7772014112966044
16332.0,28,7,1582.8,0,Regular Customers,1582.8,0.4522672326016647,-0.5582773170129138
16333.0,8,22,26626.8,3,High-Value Loyal Customers,26626.8,3.6053133470714633,0.6453415782516462
16337.0,37,1,151.05,0,Regular Customers,151.05,-0.2089982182606114,-0.6440548319851896
16338.0,157,1,214.79999999999998,1,At-Risk / Inactive Customers,214.79999999999998,-0.6614329557551237,0.44474270562791474
16339.0,284,1,94.05,1,At-Risk / Inactive Customers,94.05,-1.1534953425600045,1.5885779464151861
16340.0,107,1,534.31,0,Regular Customers,534.31,-0.44858251566594204,0.006660702657498784
16341.0,25,4,1971.87,0,Regular Customers,1971.87,0.22789206594003744,-0.6192808531883179
16342.0,75,4,322.41,0,Regular Customers,322.41,-0.0784810266533528,-0.24108647191968488
16343.0,16,2,328.58,0,Regular Customers,328.58,-0.028834415778301644,-0.8089728035233774
16344.0,158,1,101.10000000000001,1,At-Risk / Inactive Customers,101.10000000000001,-0.6732360355638596,0.4486721875555934
16345.0,44,1,565.46,0,Regular Customers,565.46,-0.20651026035920847,-0.5620482235789355
16347.0,11,2,847.45,0,Regular Customers,847.45,0.02669098045039672,-0.830855051061736
16348.0,32,7,1415.65,0,Regular Customers,1415.65,0.42528258432640814,-0.5296065155982874
16349.0,291,1,53.5,1,At-Risk / Inactive Customers,53.5,-1.183000366337097,1.6500977151887901
16350.0,21,4,1116.47,0,Regular Customers,1116.47,0.18297056111316345,-0.6939970604987736
16351.0,333,1,153.9,1,At-Risk / Inactive Customers,153.9,-1.3358613780806714,2.0346931319049295
16352.0,18,2,494.44,0,Regular Customers,494.44,-0.024786364091735576,-0.7834053497921278
16353.0,4,23,6675.71,3,High-Value Loyal Customers,6675.71,2.3052939844110547,-0.27212810547601723
16354.0,63,2,395.8,0,Regular Customers,395.8,-0.2030668953361462,-0.38062452835543226
16356.0,198,3,211.77,1,At-Risk / Inactive Customers,211.77,-0.6423211107761512,0.849881399908689
16357.0,33,3,658.88,0,Regular Customers,658.88,0.017381644571504935,-0.6231347008472589
16358.0,1,4,2027.5,0,Regular Customers,2027.5,0.32318752426884917,-0.8339612106887817
16359.0,7,9,1750.92,0,Regular Customers,1750.92,0.7194885455259582,-0.7064939611528978
16360.0,5,6,3450.41,0,Regular Customers,3450.41,0.5834550262139796,-0.6994399204963463
16361.0,10,4,891.21,0,Regular Customers,891.21,0.20901430089119966,-0.8036838107629495
16362.0,32,5,709.99,0,Regular Customers,709.99,0.20022182015415976,-0.5956324901965732
16363.0,53,1,109.36000000000001,0,Regular Customers,109.36000000000001,-0.27285223218090643,-0.5011418816587909
16364.0,12,2,705.79,0,Regular Customers,705.79,0.0129217414897998,-0.8281846073706692
16365.0,18,9,1540.42,0,Regular Customers,1540.42,0.6628019762767134,-0.6164294749082481
16366.0,19,1,327.3,0,Regular Customers,327.3,-0.12806659320849498,-0.7990073294962386
16367.0,37,2,800.67,0,Regular Customers,800.67,-0.07559743650778991,-0.5976773969663037
16368.0,2,2,479.91,0,Regular Customers,479.91,0.03511423539659843,-0.9288498855857051
16369.0,18,3,1545.41,0,Regular Customers,1545.41,0.13683752122329806,-0.7189551323603615
16370.0,82,4,1301.91,0,Regular Customers,1301.91,-0.036255698396971694,-0.13363387219987719
16372.0,33,2,355.73,0,Regular Customers,355.73,-0.09165521867826519,-0.6539105987474434
16374.0,66,2,466.73,0,Regular Customers,466.73,-0.20950200903483843,-0.3502823799747156
16376.0,9,2,974.96,0,Regular Customers,974.96,0.04327283256860509,-0.8432120596043303
16377.0,267,1,676.2,1,At-Risk / Inactive Customers,676.2,-1.0478283032069307,1.4609525083619832
16378.0,247,3,362.95,1,At-Risk / Inactive Customers,362.95,-0.8182647816566366,1.300109173458152
16379.0,4,4,2157.4,0,Regular Customers,2157.4,0.32089920617764084,-0.8009636443962984
16380.0,61,1,1743.1499999999999,0,Regular Customers,1743.1499999999999,-0.18842459864607217,-0.35517722578614414
16383.0,75,2,643.76,0,Regular Customers,643.76,-0.23132200861698637,-0.26086620691200946
16384.0,90,2,584.5,0,Regular Customers,584.5,-0.292603905241593,-0.12779382396822597
16385.0,60,3,554.86,0,Regular Customers,554.86,-0.09273956086086543,-0.3834851721618053
16386.0,29,2,302.57,0,Regular Customers,302.57,-0.08016286377734763,-0.6925019550228688
16387.0,323,1,94.36,1,At-Risk / Inactive Customers,94.36,-1.3019717842697036,1.9415181405381772
16389.0,53,4,1382.07,0,Regular Customers,1382.07,0.0798029560485564,-0.39245659747785094
16392.0,270,1,217.89,1,At-Risk / Inactive Customers,217.89,-1.0914797999360581,1.4674629902067762
16393.0,2,13,3040.96,0,Regular Customers,3040.96,1.1801198484588142,-0.6251502010957949
16394.0,57,5,1555.34,0,Regular Customers,1555.34,0.1644760133546101,-0.3313316308140228
16395.0,61,5,1482.06,0,Regular Customers,1482.06,0.14409234360529066,-0.2984338651908575
16398.0,154,2,1705.8,1,At-Risk / Inactive Customers,1705.8,-0.4574430311249833,0.5018592931832268
16399.0,19,2,408.02,0,Regular Customers,408.02,-0.03467110263928508,-0.7782474500141356
16400.0,95,1,303.93,0,Regular Customers,303.93,-0.41909116927030504,-0.11230599174015732
16401.0,1,12,4098.32,0,Regular Customers,4098.32,1.1705622771827275,-0.6037117517466213
16402.0,265,2,293.45,1,At-Risk / Inactive Customers,293.45,-0.9794089267415037,1.4427435618096165
16403.0,312,1,177.5,1,At-Risk / Inactive Customers,177.5,-1.2542412246621264,1.8457186360598052
16404.0,70,1,443.05,0,Regular Customers,443.05,-0.31411701124641,-0.3322761868595744
16405.0,302,2,167.25,1,At-Risk / Inactive Customers,167.25,-1.1291663113171055,1.7718882319084635
16406.0,19,1,154.35,0,Regular Customers,154.35,-0.14022851113819373,-0.806795264511332
16407.0,13,10,2079.68,0,Regular Customers,2079.68,0.8074804316857884,-0.6202685016488667
16409.0,36,5,2022.98,0,Regular Customers,2022.98,0.27732124938375624,-0.5003110144064613
16411.0,19,2,211.7,0,Regular Customers,211.7,-0.0484764089587905,-0.7870877356583283
16412.0,54,1,135.99,0,Regular Customers,135.99,-0.27478724640378155,-0.4908933426587328
16413.0,57,1,262.2,0,Regular Customers,262.2,-0.27733504687232774,-0.4580619369918969
16414.0,22,2,126.25,0,Regular Customers,126.25,-0.0659082311041222,-0.7637873755265872
16415.0,44,1,200.27,0,Regular Customers,200.27,-0.23219057726436423,-0.5784927219204327
16416.0,27,3,1051.4,0,Regular Customers,1051.4,0.06782970199648367,-0.6597558769763382
16418.0,45,3,631.12,0,Regular Customers,631.12,-0.030262216969390448,-0.5157920454481352
16419.0,113,6,958.71,0,Regular Customers,958.71,-0.0029882811659289643,0.1656930674687809
16422.0,17,51,34684.4,3,High-Value Loyal Customers,34684.4,6.681515942808041,1.5862463853717341
16423.0,25,1,346.12,0,Regular Customers,346.12,-0.14958904600090764,-0.7438635214555751
16424.0,191,1,133.56,1,At-Risk / Inactive Customers,133.56,-0.7966057922933646,0.7487637517108859
16425.0,302,1,302.7,1,At-Risk / Inactive Customers,302.7,-1.2073606350816726,1.76086248317058
16426.0,2,10,1863.76,0,Regular Customers,1863.76,0.8341809642563275,-0.7295346719012417
16427.0,263,2,241.06,1,At-Risk / Inactive Customers,241.06,-0.975477719523861,1.4222856598919698
16429.0,106,1,284.55,0,Regular Customers,284.55,-0.46233809842285123,-0.01363537574653606
16430.0,57,1,300.85,0,Regular Customers,300.85,-0.27461716235088884,-0.4563215282706864
16431.0,213,3,623.28,1,At-Risk / Inactive Customers,623.28,-0.6704982597640752,1.0041525464665546
16432.0,64,1,287.4,0,Regular Customers,287.4,-0.3022165025437381,-0.39358144704314185
16433.0,28,1,184.26,0,Regular Customers,184.26,-0.17239405200867525,-0.7240039020841883
16434.0,29,7,1511.8,0,Regular Customers,1511.8,0.44346683504559226,-0.5524250549456314
16438.0,6,5,798.35,0,Regular Customers,798.35,0.3054341604862515,-0.8269377977298339
16440.0,8,5,3640.67,0,Regular Customers,3640.67,0.4976920234600194,-0.6808494041286989
16441.0,67,2,381.2,0,Regular Customers,381.2,-0.219324162401946,-0.34508440351465675
16442.0,2,3,609.3,0,Regular Customers,609.3,0.13193222117042488,-0.9058983969842926
16444.0,46,4,654.67,0,Regular Customers,654.67,0.055305407555558114,-0.48855713927742145
16445.0,34,1,230.51,0,Regular Customers,230.51,-0.19198761547578214,-0.6676249216962336
16446.0,1,2,168472.5,4,Elite VIP Customers,168472.5,11.852232621992998,6.6268036664617584
16447.0,136,1,255.91,0,Regular Customers,255.91,-0.5785814916517042,0.2565566847299674
16448.0,198,1,182.99,1,At-Risk / Inactive Customers,182.99,-0.8197833840073502,0.8143353180714116
16449.0,198,2,707.69,1,At-Risk / Inactive Customers,707.69,-0.695167030053187,0.8550876080074096
16450.0,150,1,311.92,1,At-Risk / Inactive Customers,311.92,-0.6279499053964583,0.3857702828144372
16451.0,88,1,266.97,0,Regular Customers,266.97,-0.3950366818258577,-0.17731603425195078
16454.0,45,2,6.9,0,Regular Customers,6.9,-0.16187685986465566,-0.5610257189788258
16455.0,64,7,1841.18,0,Regular Customers,1841.18,0.3333613252259336,-0.22086440789992115
16456.0,99,5,2158.18,0,Regular Customers,2158.18,0.04694679718546663,0.07588864897805493
16457.0,218,1,208.36,1,At-Risk / Inactive Customers,208.36,-0.8941522988868292,0.9964655413931538
16458.0,3,18,3482.7400000000002,3,High-Value Loyal Customers,3482.7400000000002,1.6459744880191844,-0.5105821684179519
16460.0,28,3,811.23,0,Regular Customers,811.23,0.04713319772652199,-0.6615213366003153
16461.0,178,1,142.92,1,At-Risk / Inactive Customers,142.92,-0.7464481794115749,0.6315431540458715
16462.0,74,3,136.0,0,Regular Customers,136.0,-0.17550103599490005,-0.27565496060880346
16463.0,21,4,1422.4,0,Regular Customers,1422.4,0.20448368948687115,-0.6802210387631997
16464.0,20,3,1298.66,0,Regular Customers,1298.66,0.11187066133442033,-0.7119674986151058
16466.0,34,7,1595.96,0,Regular Customers,1595.96,0.4303467661898123,-0.5033883786582023
16468.0,74,1,74.9,0,Regular Customers,74.9,-0.35523606544169806,-0.3126564113948397
16469.0,24,4,625.42,0,Regular Customers,625.42,0.1370167735889025,-0.6889608601942765
16470.0,52,4,752.77,0,Regular Customers,752.77,0.03935795825239959,-0.4298433544342334
16471.0,275,1,223.95000000000002,1,At-Risk / Inactive Customers,223.95000000000002,-1.1100918941766862,1.512982825067904
16473.0,165,3,316.11,1,At-Risk / Inactive Customers,316.11,-0.5093315195697293,0.5559499369969049
16474.0,7,7,1810.65,0,Regular Customers,1810.65,0.5482503333294955,-0.7380544394736335
16475.0,88,4,544.3,0,Regular Customers,544.3,-0.11237704068435993,-0.11345269141430993
16477.0,64,7,2494.46,0,Regular Customers,2494.46,0.3793002540788599,-0.19144722266337785
16478.0,25,3,331.0,0,Regular Customers,331.0,0.02478616046467248,-0.7102942557337216
16479.0,10,2,300.83,0,Regular Customers,300.83,-0.007939924403132164,-0.8645187292841033
16480.0,76,1,769.29,0,Regular Customers,769.29,-0.3140215582281954,-0.26328926241336015
16482.0,16,1,220.62,0,Regular Customers,220.62,-0.12414543479159937,-0.8309592996566001
16483.0,192,1,139.35,1,At-Risk / Inactive Customers,139.35,-0.8000062842245652,0.7580738659308658
16484.0,174,2,404.3,1,At-Risk / Inactive Customers,404.3,-0.6251180115920855,0.6242405871411243
16485.0,77,1,363.65,0,Regular Customers,363.65,-0.34635398363043374,-0.27250583280315105
16488.0,33,3,498.8,0,Regular Customers,498.8,0.00612475054325296,-0.63034310002168
16491.0,47,1,731.5,0,Regular Customers,731.5,-0.20625719820190966,-0.5274232738146657
16493.0,80,4,1351.63,0,Regular Customers,1351.63,-0.02514407233109799,-0.14949376287501911
16494.0,297,1,826.53,1,At-Risk / Inactive Customers,826.53,-1.1514864495327586,1.7392035843322784
16495.0,3,3,648.26,0,Regular Customers,648.26,0.1308642578181667,-0.8950946383326815
16496.0,9,3,1599.52,0,Regular Customers,1599.52,0.1749113844092077,-0.7979630758804908
16497.0,50,6,2965.69,0,Regular Customers,2965.69,0.3780251843347145,-0.31404427368021864
16498.0,161,2,100.97,1,At-Risk / Inactive Customers,100.97,-0.5969488931736522,0.49293956507674846
16499.0,360,2,365.45,1,At-Risk / Inactive Customers,365.45,-1.3360723405541832,2.305677830840307
16500.0,5,6,400.86,0,Regular Customers,400.86,0.3690093666446656,-0.8367610955485455
16503.0,107,4,1431.93,0,Regular Customers,1431.93,-0.12230381657351709,0.09845569169642464
16504.0,25,1,465.88,0,Regular Customers,465.88,-0.1411674716079575,-0.7384707310687143
16505.0,32,1,777.6,0,Regular Customers,777.6,-0.145900718402714,-0.6610882512932779
16506.0,20,2,90.30000000000001,0,Regular Customers,90.30000000000001,-0.06082095605899025,-0.7835049845754963
16509.0,297,1,363.7,1,At-Risk / Inactive Customers,363.7,-1.1840328529753865,1.718362358758207
16510.0,372,1,248.1,1,At-Risk / Inactive Customers,248.1,-1.4777354348558838,2.3918611908360563
16511.0,22,3,918.33,0,Regular Customers,918.33,0.07751039874505596,-0.7109949695782408
16513.0,5,4,874.59,0,Regular Customers,874.59,0.22688381141782005,-0.8496791622112955
16515.0,52,5,1624.14,0,Regular Customers,1624.14,0.1883522947951066,-0.373480521383564
16516.0,30,1,101.69999999999999,0,Regular Customers,101.69999999999999,-0.18581500091242872,-0.7096227959473271
16517.0,277,1,162.7,1,At-Risk / Inactive Customers,162.7,-1.1220143147712065,1.528323520075373
16518.0,61,2,484.32,0,Regular Customers,484.32,-0.18922683668471416,-0.3947372558123861
16519.0,25,2,215.07999999999998,0,Regular Customers,215.07999999999998,-0.07108460915122947,-0.7326391905065519
16520.0,186,3,1046.57,1,At-Risk / Inactive Customers,1046.57,-0.5379258514556428,0.7788797394478766
16523.0,2,21,9418.470000000001,3,High-Value Loyal Customers,9418.470000000001,2.330342883122646,-0.2009705782325458
16525.0,2,26,13027.45,3,High-Value Loyal Customers,13027.45,3.022724027749544,0.04716701599022616
16526.0,172,1,290.36,1,At-Risk / Inactive Customers,290.36,-0.7132342523491898,0.5838860304551032
16527.0,81,1,228.06,0,Regular Customers,228.06,-0.37111931921496294,-0.24241388522445215
16528.0,4,1,244.41,0,Regular Customers,244.41,-0.07678074534773142,-0.938480724075729
16529.0,190,1,455.25,1,At-Risk / Inactive Customers,455.25,-0.7701767667766319,0.754200055292252
16531.0,22,7,1244.59,0,Regular Customers,1244.59,0.45133004406671984,-0.627803250317935
16532.0,18,3,6748.8,0,Regular Customers,6748.8,0.5027421302791828,-0.4846465855075921
16533.0,19,3,1082.81,0,Regular Customers,1082.81,0.10049964427277615,-0.7307366104024201
16535.0,5,1,593.75,0,Regular Customers,593.75,-0.05602265442407235,-0.9137005602782106
16536.0,110,1,548.12,0,Regular Customers,548.12,-0.4590343321813119,0.034430738589171485
16539.0,3,4,1388.81,0,Regular Customers,1388.81,0.2706592760401846,-0.8446226272460163
16542.0,54,1,119.62,0,Regular Customers,119.62,-0.27593839180134827,-0.4916304834288807
16545.0,165,1,339.3,1,At-Risk / Inactive Customers,339.3,-0.6831392401856843,0.5227440632124426
16546.0,291,2,787.15,1,At-Risk / Inactive Customers,787.15,-1.0436905590645726,1.7002590194144886
16549.0,10,10,4034.9,0,Regular Customers,4034.9,0.9563952794883207,-0.5593731563560861
16550.0,109,5,2298.97,0,Regular Customers,2298.97,0.018770738105854626,0.17272232620763678
16551.0,96,3,922.12,0,Regular Customers,922.12,-0.2039889800944422,-0.041169398842722055
16552.0,243,2,379.73,1,At-Risk / Inactive Customers,379.73,-0.8895734417233769,1.2475421544648555
16553.0,163,12,5719.82,0,Regular Customers,5719.82,0.6677480029076157,0.9353056437173223
16554.0,42,3,837.1,0,Regular Customers,837.1,-0.004354673701962271,-0.5336649421085308
16555.0,35,2,285.89,0,Regular Customers,285.89,-0.10418169174469129,-0.6389567112668876
16556.0,67,7,3313.79,0,Regular Customers,3313.79,0.42549294829335965,-0.12740463736276625
16557.0,24,2,281.85,0,Regular Customers,281.85,-0.0625816670033249,-0.7386819293886007
16558.0,1,20,8338.49,3,High-Value Loyal Customers,8338.49,2.170486649413126,-0.27577650601641407
16560.0,27,2,841.41,0,Regular Customers,841.41,-0.034656110230847983,-0.6863367819536774
16561.0,6,2,511.12,0,Regular Customers,511.12,0.02207834711287146,-0.8912469373679918
16563.0,54,1,1077.74,0,Regular Customers,1077.74,-0.2085629838406488,-0.4484863591348002
16565.0,364,1,173.7,1,At-Risk / Inactive Customers,173.7,-1.4525060970094348,2.316115835242024
16566.0,15,5,614.66,0,Regular Customers,614.66,0.25824817630970665,-0.7537648389986944
16567.0,194,2,865.6,1,At-Risk / Inactive Customers,865.6,-0.6688321425276872,0.8260007295789672
16569.0,3,1,124.2,0,Regular Customers,124.2,-0.08142631672682926,-0.9529431685901697
16570.0,15,10,3738.4,0,Regular Customers,3738.4,0.9165070367145348,-0.5274775921984369
16571.0,27,3,1421.69,0,Regular Customers,1421.69,0.09386865308169993,-0.643081725737605
16572.0,127,3,1009.6,0,Regular Customers,1009.6,-0.3158744124925203,0.24330093353063464
16573.0,85,2,663.61,0,Regular Customers,663.61,-0.26800262019395465,-0.16947845544551163
16574.0,71,1,451.44,0,Regular Customers,451.44,-0.3173346700662073,-0.322848994691984
16581.0,183,1,105.84,1,At-Risk / Inactive Customers,105.84,-0.7680938968929499,0.6751203955762614
16582.0,113,1,313.62,0,Regular Customers,313.62,-0.4869474140399804,0.051019380224239255
16583.0,374,1,233.45,1,At-Risk / Inactive Customers,233.45,-1.4863809235306356,2.4093002829045447
16584.0,80,2,936.08,0,Regular Customers,936.08,-0.22980417729210087,-0.2024560900189613
16586.0,249,1,463.95,1,At-Risk / Inactive Customers,463.95,-0.9942161642241288,1.2885058636791287
16587.0,232,1,225.15,1,At-Risk / Inactive Customers,225.15,-0.9462786797966761,1.1239130636678982
16589.0,71,3,459.24,0,Regular Customers,459.24,-0.14134771940317883,-0.28824764183196383
16591.0,69,1,213.5,0,Regular Customers,213.5,-0.3264514181642951,-0.35166220937083653
16592.0,4,16,4113.68,3,High-Value Loyal Customers,4113.68,1.511096359987562,-0.5073716813118035
16593.0,51,3,330.03,0,Regular Customers,330.03,-0.0742808777114414,-0.4750537782613514
16594.0,75,1,181.09,0,Regular Customers,181.09,-0.3515763864556293,-0.2988252871978991
16595.0,61,1,360.16,0,Regular Customers,360.16,-0.2856770466229099,-0.4174532376191821
16596.0,16,2,250.15,0,Regular Customers,250.15,-0.034349646904212446,-0.8125045048430292
16597.0,4,1,90.04,0,Regular Customers,90.04,-0.08763610973517057,-0.9454320020652055
16598.0,286,1,145.04999999999998,1,At-Risk / Inactive Customers,145.04999999999998,-1.1575242951718208,1.608973256660841
16600.0,4,6,813.52,0,Regular Customers,813.52,0.4018354414476932,-0.8272284147002061
16601.0,41,1,242.7,0,Regular Customers,242.7,-0.2177839399084841,-0.6037302717853296
16602.0,36,1,528.08,0,Regular Customers,528.08,-0.178677660288085,-0.6361265693189131
16603.0,75,2,482.47,0,Regular Customers,482.47,-0.2426639903624684,-0.26812909236204935
16607.0,18,14,3347.71,0,Regular Customers,3347.71,1.2284875099480816,-0.4494219450817958
16609.0,15,7,5493.46,0,Regular Customers,5493.46,0.7767659291442452,-0.4998224542883153
16610.0,219,1,75.66,1,At-Risk / Inactive Customers,75.66,-0.9072914668173592,0.9995394537036781
16611.0,186,1,129.49,1,At-Risk / Inactive Customers,129.49,-0.7778537604020855,0.7033335265096601
16612.0,33,4,1187.66,0,Regular Customers,1187.66,0.1422849058697164,-0.582198688593472
16613.0,70,1,618.59,0,Regular Customers,618.59,-0.30177296340958243,-0.324371624196669
16614.0,183,1,506.19,1,At-Risk / Inactive Customers,506.19,-0.7399411137582006,0.6931481480092917
16616.0,15,2,500.42,0,Regular Customers,500.42,-0.012942906316876052,-0.8102842424225649
16617.0,236,1,151.85,1,At-Risk / Inactive Customers,151.85,-0.9666637559545449,1.1568099286914666
16618.0,31,5,2647.59,0,Regular Customers,2647.59,0.3402823276123757,-0.517431791875459
16619.0,264,1,226.21,1,At-Risk / Inactive Customers,226.21,-1.0680488507423038,1.413541295819247
16620.0,4,2,178.96,0,Regular Customers,178.96,0.006336008339234613,-0.9243028767483308
16621.0,52,4,813.48,0,Regular Customers,813.48,0.043627111403668824,-0.4271095843575273
16623.0,246,1,129.45,1,At-Risk / Inactive Customers,129.45,-1.0063154055918184,1.2462951635092931
16624.0,81,2,810.5699999999999,0,Regular Customers,810.5699999999999,-0.24243774134917292,-0.19905841215331369
16625.0,275,1,333.08,1,At-Risk / Inactive Customers,333.08,-1.102417825927666,1.5178969467689571
16626.0,1,17,4413.1,3,High-Value Loyal Customers,4413.1,1.6312938696615273,-0.5039119171464015
16627.0,79,1,322.8,0,Regular Customers,322.8,-0.35684186750471203,-0.25624652620673777
16628.0,30,5,2188.05,0,Regular Customers,2188.05,0.31177492558231124,-0.5471742594524702
16629.0,74,2,408.63,0,Regular Customers,408.63,-0.2440488035201142,-0.28050349671083574
16633.0,17,6,2883.1,0,Regular Customers,2883.1,0.49786977803550714,-0.6163931907254019
16634.0,223,2,217.9,1,At-Risk / Inactive Customers,217.9,-0.8248004523754775,1.0592671400927545
16637.0,32,4,1154.47,0,Regular Customers,1154.47,0.14375861808843524,-0.5927426242613475
16638.0,23,10,1680.72,0,Regular Customers,1680.72,0.7413489218831066,-0.5477397560434342
16639.0,31,3,1257.51,0,Regular Customers,1257.51,0.06709285647600804,-0.6142771852828236
16641.0,106,1,231.10000000000002,0,Regular Customers,231.10000000000002,-0.4660967252707402,-0.01604222816952963
16642.0,5,2,688.33,0,Regular Customers,688.33,0.03834747726977252,-0.8923165652753836
16643.0,246,1,487.51,1,At-Risk / Inactive Customers,487.51,-0.9811364733344726,1.2624185980944582
16644.0,178,2,833.78,1,At-Risk / Inactive Customers,833.78,-0.6101473832301858,0.6797776254337798
16647.0,170,2,214.06,1,At-Risk / Inactive Customers,214.06,-0.6232651808877745,0.5794765212278324
16648.0,43,1,290.65999999999997,0,Regular Customers,290.65999999999997,-0.22202666661978726,-0.5834718526784194
16650.0,72,1,518.42,0,Regular Customers,518.42,-0.3164322550409566,-0.3107834960049701
16652.0,59,7,6773.97,0,Regular Customers,6773.97,0.6992754626414257,-0.04398792677785338
16653.0,16,2,1212.66,0,Regular Customers,1212.66,0.03333446773304895,-0.7691626989374063
16654.0,141,4,601.27,0,Regular Customers,601.27,-0.310176187860962,0.3687303702800534
16655.0,18,6,3789.52,0,Regular Customers,3789.52,0.5578019726901671,-0.5665277257529301
16656.0,22,15,8625.8,3,High-Value Loyal Customers,8625.8,1.6721336917750074,-0.15842703667903316
16657.0,10,4,874.43,0,Regular Customers,874.43,0.2078343241183731,-0.804439413824836
16658.0,368,1,123.24,1,At-Risk / Inactive Customers,123.24,-1.4712850546040521,2.350041185005371
16659.0,189,1,39.12,1,At-Risk / Inactive Customers,39.12,-0.7956315590505343,0.7264123391405382
16660.0,16,4,1267.6499999999999,0,Regular Customers,1267.6499999999999,0.212639839368049,-0.7324363813282548
16665.0,362,1,135.39999999999998,1,At-Risk / Inactive Customers,135.39999999999998,-1.4475840749688407,2.296292405740467
16666.0,19,1,118.98,0,Regular Customers,118.98,-0.1427157446575545,-0.8083879748986338
16667.0,68,2,567.1800000000001,0,Regular Customers,567.1800000000001,-0.21005361650861695,-0.32766033722546817
16668.0,15,6,306.71999999999997,0,Regular Customers,306.71999999999997,0.32431292954120783,-0.7505063114851729
16669.0,24,3,1348.88,0,Regular Customers,1348.88,0.10017156437676204,-0.6735085304804399
16670.0,17,11,4095.9,0,Regular Customers,4095.9,1.0217505207844892,-0.4761555336200993
16671.0,28,3,1692.27,0,Regular Customers,1692.27,0.10908830713838552,-0.6218481231530888
16672.0,2,20,8134.9400000000005,3,High-Value Loyal Customers,8134.9400000000005,2.1523652791968533,-0.2758929677782766
16674.0,55,2,304.24,0,Regular Customers,304.24,-0.17904425602495955,-0.4571425984036941
16676.0,34,4,1592.1200000000001,0,Regular Customers,1592.1200000000001,0.16691905875512753,-0.55493647230661
16678.0,3,12,3109.99,0,Regular Customers,3109.99,1.0934471946959545,-0.6301174504586824
16679.0,366,1,129.75,1,At-Risk / Inactive Customers,129.75,-1.463211974208848,2.332235548900902
16680.0,43,1,183.7,0,Regular Customers,183.7,-0.229548139541213,-0.5882882593231976
16681.0,73,6,1770.34,0,Regular Customers,1770.34,0.20639177562416147,-0.1597348754512801
16682.0,5,5,1028.0,0,Regular Customers,1028.0,0.32539089385930403,-0.8256460534938809
16684.0,4,28,66653.56,3,High-Value Loyal Customers,66653.56,6.961558163035402,2.514298569025701
16685.0,61,2,324.24,0,Regular Customers,324.24,-0.2004837307129661,-0.4019456549868073
16686.0,47,7,2959.88,0,Regular Customers,2959.88,0.47675878993419624,-0.3243290102644954
16688.0,1,4,1260.86,0,Regular Customers,1260.86,0.2692770717587349,-0.8684829944411445
16689.0,76,2,422.59999999999997,0,Regular Customers,422.59999999999997,-0.25068172156087937,-0.26177564661903413
16690.0,72,2,225.57999999999998,0,Regular Customers,225.57999999999998,-0.24930566335476656,-0.30684501579571044
16692.0,256,2,1276.0,1,At-Risk / Inactive Customers,1276.0,-0.8760467658819917,1.4055432527816132
16693.0,69,2,477.86,0,Regular Customers,477.86,-0.2201422842958087,-0.3226330243890415
16696.0,135,4,657.9000000000001,0,Regular Customers,657.9000000000001,-0.28334805881647773,0.31698407421908803
16697.0,241,1,112.75,1,At-Risk / Inactive Customers,112.75,-0.988451520699395,1.2002962096625591
16698.0,227,2,1998.0,1,At-Risk / Inactive Customers,1998.0,-0.7148536482737122,1.1756225697706963
16700.0,9,13,5076.55,0,Regular Customers,5076.55,1.2966098769544296,-0.47014188995598194
16701.0,9,13,5398.3,0,Regular Customers,5398.3,1.3192354744905994,-0.45565349393917776
16705.0,1,20,14034.99,3,High-Value Loyal Customers,14034.99,2.571066964455213,-0.019263225799708954
16706.0,37,3,531.35,0,Regular Customers,531.35,-0.006816908367673769,-0.5926798116309673
16708.0,46,1,656.63,0,Regular Customers,656.63,-0.2077144413998422,-0.5398440590426978
16709.0,85,5,3029.87,0,Regular Customers,3029.87,0.16155147148750057,-0.011550636799377597
16710.0,19,10,2467.99,0,Regular Customers,2467.99,0.8119406736366216,-0.5484865663533501
16711.0,3,5,1651.03,0,Regular Customers,1651.03,0.37681792419390053,-0.8156898064211007
16712.0,9,11,3611.31,0,Regular Customers,3611.31,1.0181351224899546,-0.5703717366488881
16713.0,19,15,6910.78,3,High-Value Loyal Customers,6910.78,1.5629556938863134,-0.26280252463167675
16714.0,219,3,1129.06,1,At-Risk / Inactive Customers,1129.06,-0.6577774771991816,1.0812241534950748
16715.0,78,1,301.71999999999997,0,Regular Customers,301.71999999999997,-0.3545165749094182,-0.26624514881862726
16716.0,267,2,901.2,1,At-Risk / Inactive Customers,901.2,-0.9442869813633817,1.4882093133368741
16717.0,24,6,3843.08,0,Regular Customers,3843.08,0.5387224515478135,-0.5098195762122703
16718.0,369,1,606.0500000000001,1,At-Risk / Inactive Customers,606.0500000000001,-1.4411412962269272,2.380831500213497
16719.0,15,7,1770.22,0,Regular Customers,1770.22,0.5149461007974883,-0.6674798764658004
16720.0,26,1,152.95,0,Regular Customers,152.95,-0.16698049018011574,-0.7435125720265925
16721.0,262,1,292.47,1,At-Risk / Inactive Customers,292.47,-1.0557741248061947,1.3984262010108277
16722.0,17,13,4730.81,0,Regular Customers,4730.81,1.2418361147137416,-0.41331543009621563
16723.0,91,2,576.4,0,Regular Customers,576.4,-0.29698114791025265,-0.11910917616836553
16725.0,302,7,758.27,1,At-Risk / Inactive Customers,758.27,-0.6490094039559702,1.8841271481425046
16726.0,26,5,1358.74,0,Regular Customers,1358.74,0.26868808070794287,-0.620715634588634
16727.0,364,1,256.32,1,At-Risk / Inactive Customers,256.32,-1.4466962232924547,2.319836212177248
16728.0,46,4,1048.28,0,Regular Customers,1048.28,0.08298423100920789,-0.47083288890858144
16729.0,38,21,7205.33,3,High-Value Loyal Customers,7205.33,2.037638632863948,0.025149835081062707
16730.0,52,3,743.11,0,Regular Customers,743.11,-0.049040562741300614,-0.44740340354818064
16732.0,32,1,603.75,0,Regular Customers,603.75,-0.15812592471712933,-0.6689167132902364
16734.0,52,3,646.76,0,Regular Customers,646.76,-0.055815935927345586,-0.4517420421067481
16735.0,79,5,2247.41,0,Regular Customers,2247.41,0.12937443305218757,-0.10108113865285338
16737.0,53,1,417.59999999999997,0,Regular Customers,417.59999999999997,-0.2511766636197596,-0.48726184066976314
16738.0,298,1,3.75,1,At-Risk / Inactive Customers,3.75,-1.2131523380468472,1.711203208147772
16739.0,177,1,323.0,1,At-Risk / Inactive Customers,323.0,-0.7299772296278555,0.6306027621806496
16742.0,47,1,464.9,0,Regular Customers,464.9,-0.22500462416350372,-0.539428266442731
16743.0,29,7,2213.13,0,Regular Customers,2213.13,0.4927846604381082,-0.5208441791772856
16744.0,11,7,1291.91,0,Regular Customers,1291.91,0.49654172596257784,-0.7252157286745415
16745.0,87,17,7180.7,3,High-Value Loyal Customers,7180.7,1.4984550249735835,0.39896064983868357
16746.0,5,18,6680.11,3,High-Value Loyal Customers,6680.11,1.8631996187636348,-0.34850588047100084
16747.0,38,2,836.06,0,Regular Customers,836.06,-0.07691644378609043,-0.5870343953427579
16748.0,18,5,1515.9,0,Regular Customers,1515.9,0.3102008167376879,-0.6860338480485524
16750.0,45,5,623.93,0,Regular Customers,623.93,0.14467063048597,-0.4818656919860696
16751.0,31,1,1764.72,0,Regular Customers,1764.72,-0.07267837083938146,-0.6256876482201885
16752.0,373,1,207.5,1,At-Risk / Inactive Customers,207.5,-1.484398091417086,2.3990823642907855
16753.0,58,1,223.92000000000002,0,Regular Customers,223.92000000000002,-0.28383456004181595,-0.4507362939839156
16754.0,372,1,2002.4,1,At-Risk / Inactive Customers,2002.4,-1.3543723089578177,2.4708572844872747
16755.0,114,3,1475.43,0,Regular Customers,1475.43,-0.23361763408676658,0.14663517076784416
16756.0,215,1,239.4,1,At-Risk / Inactive Customers,239.4,-0.880546611199751,0.9707151000577628
16757.0,319,1,106.83000000000001,1,At-Risk / Inactive Customers,106.83000000000001,-1.2858642997143996,1.9058821018403207
16758.0,65,1,369.34000000000003,0,Regular Customers,369.34000000000003,-0.3002620939236433,-0.3808422998575687
16759.0,8,3,789.79,0,Regular Customers,789.79,0.1217784718859301,-0.8434745921012461
16761.0,97,1,316.62,0,Regular Customers,316.62,-0.42581409745822274,-0.09363578002256398
16762.0,20,3,1207.24,0,Regular Customers,1207.24,0.10544196785576719,-0.7160841393730117
16763.0,199,1,611.85,1,At-Risk / Inactive Customers,611.85,-0.7934334126918456,0.8426962658666184
16764.0,4,13,2790.9500000000003,0,Regular Customers,2790.9500000000003,1.1549237439764075,-0.6183093650848509
16765.0,294,1,34.0,1,At-Risk / Inactive Customers,34.0,-1.1957945562912542,1.6763678024916526
16766.0,273,2,1145.6,1,At-Risk / Inactive Customers,1145.6,-0.9499465521287263,1.5535109842321473
16767.0,31,11,5575.56,0,Regular Customers,5575.56,1.0724937835972121,-0.2828350047218822
16768.0,48,3,478.09000000000003,0,Regular Customers,478.09000000000003,-0.052446293602661086,-0.4955348113546711
16769.0,260,1,361.54,1,At-Risk / Inactive Customers,361.54,-1.043301798468915,1.3834376404457873
16770.0,58,5,757.1,0,Regular Customers,757.1,0.10453578813045944,-0.35822697129300496
16771.0,33,5,2242.61,0,Regular Customers,2242.61,0.30418866648605225,-0.5175692518419016
16773.0,57,1,171.59,0,Regular Customers,171.59,-0.283706780804736,-0.46214210346612417
16774.0,68,4,661.52,0,Regular Customers,661.52,-0.02798113605295397,-0.289162089909211
16775.0,10,11,1691.51,0,Regular Customers,1691.51,0.8793263186405773,-0.6477709013286687
16776.0,60,1,371.54,0,Regular Customers,371.54,-0.2810691529521722,-0.42599018708513386
16777.0,80,2,222.62,0,Regular Customers,222.62,-0.2799749894697411,-0.23458317944289012
16778.0,74,2,245.94,0,Regular Customers,245.94,-0.25548923386404415,-0.287829424132666
16779.0,2,22,10611.720000000001,3,High-Value Loyal Customers,10611.720000000001,2.501971958857093,-0.13011349526769195
16780.0,100,2,422.24,0,Regular Customers,422.24,-0.34209056986381975,-0.044606482132249416
16781.0,372,1,311.25,1,At-Risk / Inactive Customers,311.25,-1.4732946998616052,2.394704834063597
16782.0,10,13,2267.9500000000003,0,Regular Customers,2267.9500000000003,1.0953002771760771,-0.5875637007266266
16784.0,20,1,107.6,0,Regular Customers,107.6,-0.14732363832829223,-0.799851025432682
16788.0,123,2,594.39,0,Regular Customers,594.39,-0.41756079401893437,0.17128141354184737
16789.0,8,1,80.8,0,Regular Customers,80.8,-0.10351645930976953,-0.909650516532433
16790.0,4,6,1545.6200000000001,0,Regular Customers,1545.6200000000001,0.45331702639324084,-0.7942619664518694
16791.0,29,7,1705.78,0,Regular Customers,1705.78,0.4571075915648346,-0.5436901394542882
16792.0,282,2,110.38000000000001,1,At-Risk / Inactive Customers,110.38000000000001,-1.057012489902706,1.5883395642214397
16793.0,57,1,243.84,0,Regular Customers,243.84,-0.2786261299205456,-0.45888868742194666
16794.0,1,10,1196.5,0,Regular Customers,1196.5,0.7910666030336811,-0.768630766892738
16795.0,365,1,414.88,1,At-Risk / Inactive Customers,414.88,-1.4393538635201566,2.336025556418944
16796.0,89,1,305.62,0,Regular Customers,305.62,-0.3961264445106294,-0.16652623489409316
16800.0,11,1,1162.65,0,Regular Customers,1162.65,-0.038863246477724184,-0.8337866609215451
16801.0,163,4,1594.23,1,At-Risk / Inactive Customers,1594.23,-0.3241190547440896,0.6125299330783517
16803.0,65,1,332.3,0,Regular Customers,332.3,-0.302866762556867,-0.3825102103112204
16804.0,23,3,536.99,0,Regular Customers,536.99,0.046886759730164686,-0.7191173114576718
16805.0,174,2,460.59,1,At-Risk / Inactive Customers,460.59,-0.6211596747302021,0.6267753247068925
16806.0,103,4,762.16,0,Regular Customers,762.16,-0.15417174045046345,0.032098399545562914
16807.0,143,3,1121.59,0,Regular Customers,1121.59,-0.36892158312032564,0.3931340911604132
16808.0,99,2,288.42,0,Regular Customers,288.42,-0.34769320226068684,-0.05968178467245126
16809.0,23,5,914.69,0,Regular Customers,914.69,0.24888523651169897,-0.6678593690510598
16810.0,192,1,309.54,1,At-Risk / Inactive Customers,309.54,-0.7880384506746638,0.7657375182015725
16811.0,5,2,547.07,0,Regular Customers,547.07,0.02841401368637128,-0.8986775002290239
16812.0,361,1,479.35,1,At-Risk / Inactive Customers,479.35,-1.4195897167367848,2.3027310766732985
16813.0,8,10,1652.18,0,Regular Customers,1652.18,0.7964566849764757,-0.6847657712180658
16814.0,14,21,6416.7,3,High-Value Loyal Customers,6416.7,2.07356536710298,-0.22754753320773682
16816.0,103,4,417.06,0,Regular Customers,417.06,-0.1784393199678907,0.016558553499256428
16817.0,3,9,1604.75,0,Regular Customers,1604.75,0.7244403974685567,-0.7492735558541911
16818.0,11,11,3349.57,0,Regular Customers,3349.57,0.9921141593934089,-0.5640591023015871
16820.0,96,1,497.61,0,Regular Customers,497.61,-0.40927915608551213,-0.09453519460612209
16823.0,227,1,358.38,1,At-Risk / Inactive Customers,358.38,-0.9178716532147486,1.0846654547001058
16824.0,16,2,460.64,0,Regular Customers,460.64,-0.019547900127558554,-0.803026144384359
16825.0,39,2,775.1800000000001,0,Regular Customers,775.1800000000001,-0.08500519861623891,-0.5807264298793913
16826.0,51,1,341.7,0,Regular Customers,341.7,-0.24889868965176834,-0.508778397413688
16828.0,93,2,128.5,0,Regular Customers,128.5,-0.33609296178328135,-0.1211793228699791
16829.0,157,1,197.22,1,At-Risk / Inactive Customers,197.22,-0.6626691888699205,0.4439510785821481
16830.0,39,1,325.91,0,Regular Customers,325.91,-0.20431728272687974,-0.6180821084352882
16832.0,184,3,199.15,1,At-Risk / Inactive Customers,199.15,-0.5899014936837844,0.7226216526499198
16833.0,1,4,1106.53,0,Regular Customers,1106.53,0.2584245201883943,-0.875432471231427
16834.0,228,1,413.46,1,At-Risk / Inactive Customers,413.46,-0.9178060512763059,1.0961950966269025
16835.0,128,2,180.85,0,Regular Customers,180.85,-0.4656793396229715,0.19790666885782826
16836.0,40,2,251.87,0,Regular Customers,251.87,-0.1256122287180301,-0.5952416779981561
16837.0,31,11,3170.98,0,Regular Customers,3170.98,0.9034026901286082,-0.39111319367009334
16838.0,197,2,588.85,1,At-Risk / Inactive Customers,588.85,-0.6997162624466609,0.840686854565364
16839.0,9,34,16594.35,3,High-Value Loyal Customers,16594.35,3.9486502353385595,0.40813066164321415
16841.0,37,6,1869.82,0,Regular Customers,1869.82,0.3504625511717457,-0.4810333559750777
16842.0,101,3,1264.19,0,Regular Customers,1264.19,-0.1989727075032802,0.019480959547873898
16843.0,43,16,10196.57,3,High-Value Loyal Customers,10196.57,1.7903495439548052,0.11946696764846051
16846.0,50,1,214.32,0,Regular Customers,214.32,-0.2540484584957747,-0.5235637068836545
16847.0,43,1,193.44,0,Regular Customers,193.44,-0.22886321857772488,-0.5878496673194565
16848.0,53,1,281.42,0,Regular Customers,281.42,-0.2607528994316496,-0.4933940233257643
16849.0,187,1,124.57,1,At-Risk / Inactive Customers,124.57,-0.7820073841114132,0.7121613696454442
16850.0,334,1,332.41,1,At-Risk / Inactive Customers,332.41,-1.3271161257804898,2.0517808242446374
16851.0,4,3,342.45,0,Regular Customers,342.45,0.10555192068954404,-0.8998158658340262
16852.0,10,2,144.91000000000003,0,Regular Customers,144.91000000000003,-0.018904285453138697,-0.8715398037423476
16855.0,24,2,328.4,0,Regular Customers,328.4,-0.05930825110492953,-0.7365857838265736
16856.0,15,1,35.400000000000006,0,Regular Customers,35.400000000000006,-0.13336253716005664,-0.8483491431611025
16858.0,369,1,375.69000000000005,1,At-Risk / Inactive Customers,375.69000000000005,-1.457340309897268,2.3704583940552033
16859.0,145,2,747.81,0,Regular Customers,747.81,-0.4905404725742175,0.3772765070567026
16861.0,60,2,173.76,0,Regular Customers,173.76,-0.20725790143136424,-0.41777115699131356
16863.0,31,2,502.8,0,Regular Customers,502.8,-0.07369789899888364,-0.6653868208841677
16866.0,141,3,207.73999999999998,0,Regular Customers,207.73999999999998,-0.42556861134482393,0.33388466280100715
16869.0,23,4,817.12,0,Regular Customers,817.12,0.15430484673974015,-0.6893780036936389
16871.0,22,6,2812.34,0,Regular Customers,2812.34,0.4738556685571835,-0.574332558916367
16872.0,77,3,680.02,0,Regular Customers,680.02,-0.1486682586651957,-0.22400957906075236
16873.0,5,6,7123.62,0,Regular Customers,7123.62,0.8417567235747706,-0.5340353482107669
16875.0,67,5,2095.53,0,Regular Customers,2095.53,0.16438593300365778,-0.21651297963226818
16877.0,12,6,846.62,0,Regular Customers,846.62,0.3737018699470287,-0.7533427972739873
16878.0,84,1,13.3,0,Regular Customers,13.3,-0.3976442758355149,-0.22493635178714125
16880.0,31,7,1491.43,0,Regular Customers,1491.43,0.43441911352575296,-0.5352435343618859
16881.0,67,1,432.0,0,Regular Customers,432.0,-0.3034711103512427,-0.3599219400468605
16882.0,67,3,705.12,0,Regular Customers,705.12,-0.10882674387377261,-0.31337323293298336
16883.0,187,2,272.48,1,At-Risk / Inactive Customers,272.48,-0.6838870640209749,0.7359468134736826
16884.0,38,2,429.84000000000003,0,Regular Customers,429.84000000000003,-0.10548200783004667,-0.605326473757509
16885.0,15,3,450.41,0,Regular Customers,450.41,0.07125959477011631,-0.7954111322062796
16887.0,35,1,192.32999999999998,0,Regular Customers,192.32999999999998,-0.1984800966025241,-0.6602947756902673
16889.0,195,3,1578.67,1,At-Risk / Inactive Customers,1578.67,-0.534777176858559,0.8842847074559959
16891.0,2,5,742.43,0,Regular Customers,742.43,0.31673243100737153,-0.8656534367496459
16892.0,1,5,518.19,0,Regular Customers,518.19,0.30477142555931414,-0.8848003500679035
16893.0,367,1,145.93,1,At-Risk / Inactive Customers,145.93,-1.4658818368987097,2.342013524611525
16895.0,65,1,202.27,0,Regular Customers,202.27,-0.31201052773986054,-0.3883654585911428
16897.0,299,2,289.78,1,At-Risk / Inactive Customers,289.78,-1.1091270077214517,1.750257583429568
16898.0,26,3,501.03,0,Regular Customers,501.03,0.03293509553996911,-0.6935884176231438
16899.0,8,6,1271.06,0,Regular Customers,1271.06,0.4187792610042002,-0.7704278351729539
16900.0,17,3,887.11,0,Regular Customers,887.11,0.09435323103071885,-0.7576477587323999
16902.0,116,1,1706.88,0,Regular Customers,1706.88,-0.4003957168917309,0.14090602186028023
16903.0,29,1,363.2,0,Regular Customers,363.2,-0.16361856192468457,-0.7068968468531451
16904.0,4,16,3653.75,3,High-Value Loyal Customers,3653.75,1.4787538857845763,-0.5280823199443093
16905.0,5,7,3037.6,0,Regular Customers,3037.6,0.6421452762174523,-0.700903686969716
16906.0,82,4,559.59,0,Regular Customers,559.59,-0.0884559581111896,-0.16706052684228295
16907.0,29,5,928.76,0,Regular Customers,928.76,0.2270287616888377,-0.6129294534146847
16909.0,72,1,379.14,0,Regular Customers,379.14,-0.32622648417798145,-0.3170552715985069
16910.0,4,8,1508.96,0,Regular Customers,1508.96,0.6261775308512713,-0.7616626464959895
16912.0,29,11,2555.58,0,Regular Customers,2555.58,0.8677427934803955,-0.43692342454320504
16913.0,290,1,113.44,1,At-Risk / Inactive Customers,113.44,-1.1749777127087635,1.6437474215443644
16914.0,36,1,183.76,0,Regular Customers,183.76,-0.20289038987209124,-0.6516312919809365
16915.0,9,6,621.6800000000001,0,Regular Customers,621.6800000000001,0.3693069346121684,-0.7906200128514342
16916.0,24,2,562.41,0,Regular Customers,562.41,-0.042852567874349566,-0.7260483182418266
16917.0,277,1,391.52,1,At-Risk / Inactive Customers,391.52,-1.1059235945591588,1.5386272800646974
16918.0,50,6,1068.82,0,Regular Customers,1068.82,0.24463647509327072,-0.3994602915586811
16919.0,156,11,2592.25,0,Regular Customers,2592.25,0.3867502483667154,0.7140004356720858
16921.0,61,1,154.18,0,Regular Customers,154.18,-0.3001616482717064,-0.42672851286872776
16923.0,12,19,7069.08,3,High-Value Loyal Customers,7069.08,1.9516178506547923,-0.2505197752435416
16924.0,21,3,829.89,0,Regular Customers,829.89,0.07509890734645265,-0.7240268116328403
16926.0,371,1,230.25,1,At-Risk / Inactive Customers,230.25,-1.475183007279885,2.3820080150590828
16927.0,116,3,543.05,0,Regular Customers,543.05,-0.30679828865699366,0.12274889942840223
16928.0,80,17,2814.7,3,High-Value Loyal Customers,2814.7,1.2180895691142832,0.13901402335614935
16929.0,4,7,1295.39,0,Regular Customers,1295.39,0.5234399714936226,-0.7884047588011925
16930.0,26,3,378.89,0,Regular Customers,378.89,0.024346158529657408,-0.6990883793620482
16931.0,5,21,4554.87,3,High-Value Loyal Customers,4554.87,1.9769095104957293,-0.39283021632207205
16932.0,53,1,150.23000000000002,0,Regular Customers,150.23000000000002,-0.26997823631050005,-0.499301506382313
16933.0,1,2,563.23,0,Regular Customers,563.23,0.04478098061901311,-0.9341473783012331
16934.0,55,2,931.03,0,Regular Customers,931.03,-0.13496811529552394,-0.4289182573333828
16936.0,26,1,261.9,0,Regular Customers,261.9,-0.15931907960803893,-0.7386065557219125
16938.0,9,4,2711.6800000000003,0,Regular Customers,2711.6800000000003,0.34083817668069283,-0.73075747398169
16940.0,52,3,3049.88,0,Regular Customers,3049.88,0.11317248971716262,-0.34352959692911833
16942.0,13,9,1904.99,0,Regular Customers,1904.99,0.7074769305478952,-0.6452598483374936
16943.0,212,3,816.73,1,At-Risk / Inactive Customers,816.73,-0.6530871258651775,1.00381420543193
16945.0,22,19,4345.5,3,High-Value Loyal Customers,4345.5,1.7220180687634354,-0.28266862139749765
16947.0,236,1,406.48,1,At-Risk / Inactive Customers,406.48,-0.9487580655096811,1.168275912460725
16948.0,139,3,435.02,0,Regular Customers,435.02,-0.40197089017864773,0.326020295348068
16949.0,4,6,1286.27,0,Regular Customers,1286.27,0.43507942353075235,-0.8059404917260207
16950.0,57,3,1178.56,0,Regular Customers,1178.56,-0.037457768633658316,-0.38254814563917244
16951.0,135,3,1277.75,0,Regular Customers,1277.75,-0.32747916751804346,0.32777084772064463
16952.0,109,2,167.61,0,Regular Customers,167.61,-0.3942650851645787,0.025372049828316364
16953.0,30,1,20.8,0,Regular Customers,20.8,-0.19150392349417275,-0.7132657213172089
16954.0,1,9,2085.08,0,Regular Customers,2085.08,0.7658327028042053,-0.7457430869060352
16955.0,185,4,518.67,1,At-Risk / Inactive Customers,518.67,-0.483521132242658,0.7631840819568995
16956.0,18,1,308.74,0,Regular Customers,308.74,-0.12556409313599476,-0.8088924765589056
16957.0,239,2,416.64,1,At-Risk / Inactive Customers,416.64,-0.8717473259208811,1.2130066484745385
16959.0,87,1,117.35000000000001,0,Regular Customers,117.35000000000001,-0.4017503769766378,-0.19310281047378589
16960.0,39,3,507.05,0,Regular Customers,507.05,-0.016140989167441985,-0.5756752588680331
16961.0,116,1,234.17,0,Regular Customers,234.17,-0.503957313620535,0.07458992023508164
16963.0,187,1,110.55000000000001,1,At-Risk / Inactive Customers,110.55000000000001,-0.7829932765044423,0.7115300493279443
16965.0,227,1,201.19,1,At-Risk / Inactive Customers,201.19,-0.9289253212076329,1.0775871921674516
16966.0,8,7,2154.97,0,Regular Customers,2154.97,0.5686554157072912,-0.7135003261749631
16967.0,189,1,319.02,1,At-Risk / Inactive Customers,319.02,-0.7759488714036844,0.7390162305006112
16968.0,4,2,439.43,0,Regular Customers,439.43,0.024652370080481434,-0.9125739178967474
16969.0,39,3,650.41,0,Regular Customers,650.41,-0.006059852686368747,-0.5692197609567075
16971.0,38,1,357.21,0,Regular Customers,357.21,-0.19830860614108217,-0.6257220607026238
16976.0,267,1,251.51999999999998,1,At-Risk / Inactive Customers,251.51999999999998,-1.077691982341851,1.4418291765191973
16978.0,78,1,344.33,0,Regular Customers,344.33,-0.35152022149522644,-0.2643264213772099
16979.0,4,6,1852.0,0,Regular Customers,1852.0,0.47486179895930675,-0.780465681225363
16980.0,255,2,1028.46,1,At-Risk / Inactive Customers,1028.46,-0.8896462372899334,1.385347140932846
16982.0,61,1,384.06,0,Regular Customers,384.06,-0.28399638840654795,-0.4163770211007622
16983.0,13,7,1905.87,0,Regular Customers,1905.87,0.5321003611952441,-0.6794703409724141
16984.0,88,2,4459.52,0,Regular Customers,4459.52,-0.012495548002104525,0.028599467277629517
16985.0,17,10,5464.12,0,Regular Customers,5464.12,1.0302451103832917,-0.43166967409804324
16986.0,30,2,1873.2,0,Regular Customers,1873.2,0.02647686200240752,-0.6127271271340908
16987.0,3,7,1616.8,0,Regular Customers,1616.8,0.5498493072906657,-0.7829810636141847
16988.0,5,1,126.12,0,Regular Customers,126.12,-0.0889065959185218,-0.9347579297555629
16989.0,7,6,1133.25,0,Regular Customers,1133.25,0.4128960501017563,-0.7856828073327581
16990.0,219,1,179.0,1,At-Risk / Inactive Customers,179.0,-0.9000245538433489,1.0041928518213985
16992.0,11,5,1614.31,0,Regular Customers,1614.31,0.3437745804477803,-0.7449481821880233
16996.0,30,6,1456.96,0,Regular Customers,1456.96,0.3480835899329102,-0.5629701679125638
16997.0,288,3,702.0,1,At-Risk / Inactive Customers,702.0,-0.950536176179993,1.6864016042288965
16998.0,150,4,295.0,1,At-Risk / Inactive Customers,295.0,-0.3659820500359022,0.4363835540811546
16999.0,23,2,484.82,0,Regular Customers,484.82,-0.04450108263498101,-0.7385915850150513
17001.0,1,11,3989.57,0,Regular Customers,3989.57,1.0751957050317344,-0.6257338215639257
17002.0,86,3,1493.73,0,Regular Customers,1493.73,-0.12571664849030054,-0.1059237184270163
17004.0,46,2,1312.1399999999999,0,Regular Customers,1312.1399999999999,-0.07389947232926455,-0.49320139744249436
17006.0,5,4,781.78,0,Regular Customers,781.78,0.22035737254499355,-0.8538583946411933
17007.0,51,6,889.9300000000001,0,Regular Customers,889.9300000000001,0.2282492066182321,-0.39846631401743754
17010.0,18,1,195.36,0,Regular Customers,195.36,-0.13353702320173194,-0.8139979756743221
17011.0,30,1,270.9,0,Regular Customers,270.9,-0.1739167845857156,-0.702003723356672
17014.0,8,3,583.4300000000001,0,Regular Customers,583.4300000000001,0.10726714847469775,-0.8527669787431348
17015.0,29,3,1838.6100000000001,0,Regular Customers,1838.6100000000001,0.1155713512870875,-0.6062090452651624
17017.0,3,20,8694.26,3,High-Value Loyal Customers,8694.26,2.1878892534791605,-0.2416574088118117
17018.0,41,2,920.1,0,Regular Customers,920.1,-0.08242965668074484,-0.5561019039262051
17019.0,11,4,1258.08,0,Regular Customers,1258.08,0.2310051089082824,-0.7781142714186569
17022.0,31,1,71.0,0,Regular Customers,71.0,-0.1917814852417486,-0.7019558256920814
17024.0,45,3,95.85,0,Regular Customers,95.85,-0.06790263217742662,-0.5398952427625555
17025.0,61,3,357.77,0,Regular Customers,357.77,-0.11040666111572782,-0.3833107402538355
17026.0,185,2,154.82999999999998,1,At-Risk / Inactive Customers,154.82999999999998,-0.6845449678995573,0.7125502550710116
17027.0,79,6,877.5600000000001,0,Regular Customers,877.5600000000001,0.12076522115662072,-0.14564039704206533
17029.0,111,2,716.0,0,Regular Customers,716.0,-0.36331736036065115,0.06816482175166569
17030.0,64,1,146.87,0,Regular Customers,146.87,-0.3120986322150915,-0.39990951011149145
17031.0,12,2,380.35,0,Regular Customers,380.35,-0.00996333842370795,-0.8428391640131206
17033.0,86,3,1030.14,0,Regular Customers,1030.14,-0.1583164954578001,-0.1267991667857738
17034.0,16,3,745.52,0,Regular Customers,745.52,0.08820420891246543,-0.7730729442160379
17035.0,246,2,433.53000000000003,1,At-Risk / Inactive Customers,433.53000000000003,-0.8972131443445077,1.2771129392907383
17037.0,88,1,1267.32,0,Regular Customers,1267.32,-0.32469164221340235,-0.13227029390879605
17038.0,30,1,112.4,0,Regular Customers,112.4,-0.1850625723385763,-0.70914097516293
17040.0,138,1,449.73,0,Regular Customers,449.73,-0.572567280813277,0.2833831766978288
17041.0,27,3,1071.49,0,Regular Customers,1071.49,0.06924243938421218,-0.6588512246811475
17042.0,3,5,1036.58,0,Regular Customers,1036.58,0.3336095375393564,-0.8433584775400604
17043.0,32,4,1735.18,0,Regular Customers,1735.18,0.184594393520383,-0.5665932646625337
17044.0,25,1,948.48,0,Regular Customers,948.48,-0.10723083331438928,-0.7167392627930043
17045.0,113,3,339.44,0,Regular Customers,339.44,-0.30969328927407147,0.08643217332116022
17046.0,157,1,642.02,1,At-Risk / Inactive Customers,642.02,-0.6313906627344478,0.46398041361952025
17047.0,85,3,1100.9,0,Regular Customers,1100.9,-0.14953297480431874,-0.13266223604822025
17048.0,118,3,925.35,0,Regular Customers,925.35,-0.28753008365036975,0.15806264199843065
17049.0,3,9,5655.03,0,Regular Customers,5655.03,1.009257818412762,-0.566889529066494
17050.0,96,6,3185.64,0,Regular Customers,3185.64,0.21834039086948057,0.11213203967360173
17051.0,194,1,240.89000000000001,1,At-Risk / Inactive Customers,240.89000000000001,-0.8004812424324093,0.7807449913581499
17052.0,28,1,399.09,0,Regular Customers,399.09,-0.1572871145768326,-0.7143301115129683
17053.0,131,1,498.48,0,Regular Customers,498.48,-0.5424856295309894,0.22223265375899667
17054.0,28,5,1356.33,0,Regular Customers,1356.33,0.26090331406533623,-0.6027253755667787
17058.0,82,3,1179.89,0,Regular Customers,1179.89,-0.13255542262039702,-0.15625348984979376
17059.0,30,5,3080.39,0,Regular Customers,3080.39,0.3745246558245049,-0.5069922072329364
17060.0,266,1,234.24,1,At-Risk / Inactive Customers,234.24,-1.0750994721221983,1.4320016678307383
17061.0,74,11,5232.2300000000005,0,Regular Customers,5232.2300000000005,0.8846218413693396,0.09082864967197218
17062.0,314,4,533.33,1,At-Risk / Inactive Customers,533.33,-0.9736767243772164,1.9312156135889813
17063.0,21,7,1461.14,0,Regular Customers,1461.14,0.4703655798400092,-0.6271013988180199
17064.0,59,3,855.45,0,Regular Customers,855.45,-0.06779429636359878,-0.3789990011552786
17068.0,12,21,4552.14,3,High-Value Loyal Customers,4552.14,1.9500640052852816,-0.32960741371053326
17069.0,28,9,2709.7000000000003,0,Regular Customers,2709.7000000000003,0.7069497736383612,-0.47328291370252673
17070.0,114,1,304.24,0,Regular Customers,304.24,-0.49141466685579244,0.05964638964989143
17071.0,28,9,2429.03,0,Regular Customers,2429.03,0.6872129392623649,-0.4859214781470844
17073.0,18,4,1446.09,0,Regular Customers,1446.09,0.21757252203209765,-0.7063024504504897
17075.0,18,4,834.12,0,Regular Customers,834.12,0.17453853003766137,-0.733859447219421
17076.0,36,3,841.0799999999999,0,Regular Customers,841.0799999999999,0.01877108483660329,-0.5877820666086098
17078.0,36,2,378.2,0,Regular Customers,378.2,-0.10149806029180679,-0.6257506031902679
17079.0,78,1,118.80000000000001,0,Regular Customers,118.80000000000001,-0.3673795875009215,-0.2744820327328271
17080.0,22,2,287.62,0,Regular Customers,287.62,-0.05456062372444315,-0.7565208876781592
17081.0,25,2,288.91,0,Regular Customers,288.91,-0.06589285199164772,-0.7293146270942111
17082.0,33,2,2003.85,0,Regular Customers,2003.85,0.024241284231796247,-0.57969578835672
17083.0,109,3,1405.78,0,Regular Customers,1405.78,-0.21947721582850077,0.09825187948804165
17084.0,35,2,2747.9900000000002,0,Regular Customers,2747.9900000000002,0.06895423271157543,-0.5280883978776926
17085.0,123,5,1562.4,0,Regular Customers,1562.4,-0.08633224003739991,0.2662460628624293
17086.0,7,6,2050.08,0,Regular Customers,2050.08,0.477367927612515,-0.7443979709066927
17088.0,28,4,1991.01,0,Regular Customers,1991.01,0.21781505730304448,-0.5912708074640436
17090.0,4,7,1974.65,0,Regular Customers,1974.65,0.5712058250520337,-0.7578176946881409
17091.0,3,9,3827.76,0,Regular Customers,3827.76,0.8807634109227322,-0.649171460347382
17092.0,50,4,1774.03,0,Regular Customers,1774.03,0.11878869241552421,-0.40195481848570513
17094.0,322,1,302.0,1,At-Risk / Inactive Customers,302.0,-1.2835628035051079,1.941818774917627
17095.0,23,3,1324.16,0,Regular Customers,1324.16,0.10224089061609112,-0.6836710622189842
17096.0,15,4,1022.13,0,Regular Customers,1022.13,0.1991824152235823,-0.7525415326177248
17097.0,2,8,954.42,0,Regular Customers,954.42,0.5947973354184471,-0.8047323527954177
17100.0,18,2,971.74,0,Regular Customers,971.74,0.008777575936279567,-0.761912540409624
17101.0,10,4,1621.73,0,Regular Customers,1621.73,0.26038477956135603,-0.7707885098827761
17102.0,262,1,25.5,1,At-Risk / Inactive Customers,25.5,-1.07454756932595,1.386404547290218
17105.0,159,2,665.78,1,At-Risk / Inactive Customers,665.78,-0.5496159181259426,0.5002741667226499
17107.0,33,6,10797.48,0,Regular Customers,10797.48,0.9934900074395163,-0.11521856861216577
17109.0,29,6,881.29,0,Regular Customers,881.29,0.3114098766615857,-0.5979419670495797
17110.0,165,1,163.29999999999998,1,At-Risk / Inactive Customers,163.29999999999998,-0.6955156354191447,0.5148187867588062
17111.0,47,1,231.61,0,Regular Customers,231.61,-0.24140967668631044,-0.5499333104419858
17114.0,6,8,801.12,0,Regular Customers,801.12,0.568786625063551,-0.7754378861598659
17115.0,8,3,837.5,0,Regular Customers,837.5,0.12513345948018234,-0.8413262117625927
17117.0,288,1,116.19999999999999,1,At-Risk / Inactive Customers,116.19999999999999,-1.1671683339165448,1.6257729230154567
17118.0,318,1,157.02,1,At-Risk / Inactive Customers,157.02,-1.2785272702538286,1.8990927658923555
17119.0,3,2,606.91,0,Regular Customers,606.91,0.040237282478169004,-0.9140816875080818
17120.0,233,1,307.46,1,At-Risk / Inactive Customers,307.46,-0.9442982526184202,1.136668871946016
17122.0,119,1,138.32,0,Regular Customers,138.32,-0.5221204682114803,0.09742196857638062
17123.0,162,1,345.29999999999995,1,At-Risk / Inactive Customers,345.29999999999995,-0.6712943760022755,0.4958660711816025
17124.0,185,1,294.24,1,At-Risk / Inactive Customers,294.24,-0.7624608227713714,0.7017028250533346
17125.0,50,1,230.5,0,Regular Customers,230.5,-0.2529106739794259,-0.5228351218096782
17126.0,152,5,989.45,1,At-Risk / Inactive Customers,989.45,-0.2370440979323426,0.5028784643700194
17128.0,335,1,157.09,1,At-Risk / Inactive Customers,157.09,-1.343252350329486,2.052935558813946
17131.0,5,5,2463.17,0,Regular Customers,2463.17,0.426312661741153,-0.7610203773122591
17133.0,16,7,4892.240000000001,0,Regular Customers,4892.240000000001,0.730680234538824,-0.5178459881372096
17134.0,107,2,413.2,0,Regular Customers,413.2,-0.3693797969715578,0.018332181306434513
17135.0,16,7,1139.73,0,Regular Customers,1139.73,0.4668021272802295,-0.6868214378249105
17138.0,276,1,380.5,1,At-Risk / Inactive Customers,380.5,-1.1028908784635887,1.529081659050101
17139.0,16,12,10650.77,3,High-Value Loyal Customers,10650.77,1.5742186540184773,-0.17291420072742475
17140.0,247,1,454.12,1,At-Risk / Inactive Customers,454.12,-0.9872921196136675,1.269964437703907
17142.0,239,1,579.0,1,At-Risk / Inactive Customers,579.0,-0.9480493269824231,1.203192656494424
17144.0,1,2,984.57,0,Regular Customers,984.57,0.07440978952620755,-0.9151744465911468
17146.0,106,3,749.78,0,Regular Customers,749.78,-0.2541844746254943,0.041564040796364415
17147.0,23,4,1714.59,0,Regular Customers,1714.59,0.21741532077481818,-0.6489649476774735
17148.0,52,1,124.88,0,Regular Customers,124.88,-0.26795321194047256,-0.5094924070081628
17152.0,195,3,1689.5,1,At-Risk / Inactive Customers,1689.5,-0.526983563882852,0.8892753801227943
17153.0,24,1,213.78,0,Regular Customers,213.78,-0.15508760416512982,-0.7588721796255986
17154.0,75,1,329.34,0,Regular Customers,329.34,-0.34115138308426274,-0.2921495926851059
17155.0,18,2,251.70000000000002,0,Regular Customers,251.70000000000002,-0.04185594465406618,-0.7943359271009671
17157.0,8,2,319.0,0,Regular Customers,319.0,0.0009530921762889088,-0.8817993158235193
17158.0,32,3,1266.97,0,Regular Customers,1266.97,0.06395044051359597,-0.6048018110367935
17159.0,22,3,1538.88,0,Regular Customers,1538.88,0.12114774000712343,-0.6830516155821948
17160.0,31,6,3518.03,0,Regular Customers,3518.03,0.48921126615754223,-0.46111083670605035
17162.0,29,10,1715.46,0,Regular Customers,1715.46,0.7209459702959023,-0.49187907072355536
17163.0,22,2,293.1,0,Regular Customers,293.1,-0.05417526778194677,-0.7562741233885801
17164.0,33,7,2467.35,0,Regular Customers,2467.35,0.49543093068287,-0.4731990951531775
17165.0,284,1,158.68,1,At-Risk / Inactive Customers,158.68,-1.148950533333081,1.591488234012905
17166.0,39,2,206.34,0,Regular Customers,206.34,-0.12500627057420277,-0.6063412836173832
17169.0,58,2,835.78,0,Regular Customers,835.78,-0.1530890776299915,-0.4060591910041736
17171.0,289,1,224.91,1,At-Risk / Inactive Customers,224.91,-1.1633314474532697,1.6397175227616199
17172.0,79,1,317.76,0,Regular Customers,317.76,-0.35719628245912477,-0.25647347730518283
17173.0,5,8,3766.6,0,Regular Customers,3766.6,0.7811280935022743,-0.6509517721503207
17174.0,218,1,59.9,1,At-Risk / Inactive Customers,59.9,-0.904592069547963,0.989780390584592
17175.0,44,4,1443.69,0,Regular Customers,1443.69,0.11840492564471194,-0.47112636584930523
17176.0,202,1,306.13,1,At-Risk / Inactive Customers,306.13,-0.826354715394418,0.8560778723367546
17179.0,178,3,711.79,1,At-Risk / Inactive Customers,711.79,-0.5310065465119689,0.6914094777004474
17180.0,56,4,783.97,0,Regular Customers,783.97,0.026321366764398054,-0.39224085651631846
17181.0,57,2,239.92000000000002,0,Regular Customers,239.92000000000002,-0.1911825603317908,-0.4419401454343652
17183.0,8,6,3347.31,0,Regular Customers,3347.31,0.5647820485239288,-0.6769343395089613
17186.0,47,2,144.0,0,Regular Customers,144.0,-0.159851223671921,-0.5367533274680681
17187.0,227,1,203.95,1,At-Risk / Inactive Customers,203.95,-0.9287312368278355,1.0777114749118382
17188.0,11,7,2474.23,0,Regular Customers,2474.23,0.5796829737604469,-0.6719758828980446
17189.0,106,2,383.75,0,Regular Customers,383.75,-0.367643086354128,0.007956657763198791
17190.0,59,2,444.74,0,Regular Customers,444.74,-0.18439482479127234,-0.41461832368815155
17191.0,28,7,2093.68,0,Regular Customers,2093.68,0.4881925325838821,-0.53527240090704
17193.0,36,7,1699.3000000000002,0,Regular Customers,1699.3000000000002,0.4299983847514014,-0.48063619926718776
17194.0,274,2,262.62,1,At-Risk / Inactive Customers,262.62,-1.0158457303760782,1.5227998032606582
17197.0,30,1,1013.01,0,Regular Customers,1013.01,-0.1217312921612649,-0.6685865250100349
17198.0,24,3,692.22,0,Regular Customers,692.22,0.0539949524790113,-0.703077917048877
17201.0,54,1,289.78,0,Regular Customers,289.78,-0.2639726678642708,-0.4839681820575694
17203.0,36,6,3560.08,0,Regular Customers,3560.08,0.47313000410130196,-0.4139703728701136
17204.0,175,4,1564.56,1,At-Risk / Inactive Customers,1564.56,-0.371897228301439,0.7197865812159615
17205.0,54,1,384.08,0,Regular Customers,384.08,-0.2573414515545247,-0.4797218549576949
17206.0,53,1,204.24,0,Regular Customers,204.24,-0.2661802300232319,-0.49686943717060333
17211.0,27,8,2317.2200000000003,0,Regular Customers,2317.2200000000003,0.5954388338095459,-0.5171307303393774
17212.0,253,1,226.85,1,At-Risk / Inactive Customers,226.85,-1.0261197264004114,1.3140268180032328
17213.0,40,7,2781.23,0,Regular Customers,2781.23,0.4908495760114333,-0.3957193506212647
17214.0,60,6,1059.1200000000001,0,Regular Customers,1059.1200000000001,0.2058778948847754,-0.30940317599675693
17217.0,234,1,113.5,1,At-Risk / Inactive Customers,113.5,-0.9617452499353237,1.1369842476909169
17218.0,4,10,1951.97,0,Regular Customers,1951.97,0.8327686347504037,-0.7074637961053607
17219.0,32,1,114.23,0,Regular Customers,114.23,-0.19254918036874044,-0.6909597890265098
17220.0,24,14,3187.55,0,Regular Customers,3187.55,1.1943791070483691,-0.40233760283472225
17221.0,7,2,334.48,0,Regular Customers,334.48,0.005849299599624241,-0.8901516423720852
17222.0,65,1,328.65,0,Regular Customers,328.65,-0.3031234321171064,-0.3826745697376736
17223.0,310,2,416.89,1,At-Risk / Inactive Customers,416.89,-1.142072697454966,1.8555246411714463
17226.0,309,1,393.49,1,At-Risk / Inactive Customers,393.49,-1.227629773915795,1.82829648949771
17227.0,19,6,939.32,0,Regular Customers,939.32,0.35356704312936027,-0.6858227836853433
17228.0,16,8,1906.09,0,Regular Customers,1906.09,0.6084121157350634,-0.6351872029583114
17229.0,96,2,318.76,0,Regular Customers,318.76,-0.3341367388728325,-0.08546374699373734
17230.0,264,8,3638.41,1,At-Risk / Inactive Customers,3638.41,-0.21406690850272553,1.6870680096242838
17231.0,12,10,3124.72,0,Regular Customers,3124.72,0.8847757384077688,-0.5822597621428534
17232.0,3,2,417.77,0,Regular Customers,417.77,0.02693687682784681,-0.9225986578969501
17233.0,35,1,190.88,0,Regular Customers,190.88,-0.1985820612223452,-0.6603600691610501
17234.0,183,1,149.89000000000001,1,At-Risk / Inactive Customers,149.89000000000001,-0.7649962820632117,0.677103966188663
17235.0,25,2,550.06,0,Regular Customers,550.06,-0.04752867235972619,-0.7175550478563295
17236.0,13,6,916.13,0,Regular Customers,916.13,0.37478219565376036,-0.7411633727379523
17237.0,11,2,314.69,0,Regular Customers,314.69,-0.010772930484707718,-0.8548452231267324
17238.0,3,17,3719.1,3,High-Value Loyal Customers,3719.1,1.574876198589893,-0.5170639418891512
17239.0,313,1,382.5,1,At-Risk / Inactive Customers,382.5,-1.243633184238454,1.8639991725657448
17242.0,108,2,1135.04,0,Regular Customers,1135.04,-0.3224273468179895,0.05988601259815515
17243.0,1,26,8540.05,3,High-Value Loyal Customers,8540.05,2.710975788758991,-0.16394990622624053
17244.0,53,1,954.9,0,Regular Customers,954.9,-0.21339349794397386,-0.4630672324962468
17245.0,205,1,171.45,1,At-Risk / Inactive Customers,171.45,-0.8472484121837455,0.87716140656047
17247.0,15,1,280.09000000000003,0,Regular Customers,280.09000000000003,-0.11615583176417349,-0.8373307573915554
17248.0,120,1,318.65,0,Regular Customers,318.65,-0.5132472327333163,0.11459161547941564
17250.0,4,2,381.97,0,Regular Customers,381.97,0.02061175831846645,-0.9151613405389403
17251.0,363,1,269.83,1,At-Risk / Inactive Customers,269.83,-1.4419385471112212,2.311395176568378
17252.0,117,2,348.91,0,Regular Customers,348.91,-0.41197716931524975,0.10593111026833583
17253.0,18,1,178.26,0,Regular Customers,178.26,-0.13473950251134656,-0.8147679883297607
17254.0,5,2,271.19,0,Regular Customers,271.19,0.009014014157922043,-0.9111003710700991
17255.0,41,2,291.48,0,Regular Customers,291.48,-0.12663448379243744,-0.5844086498596422
17256.0,107,2,240.0,0,Regular Customers,240.0,-0.3815592950081223,0.01053298879637863
17259.0,148,2,581.23,1,At-Risk / Inactive Customers,581.23,-0.5136773909996096,0.3969235849231964
17262.0,52,5,1253.3600000000001,0,Regular Customers,1253.3600000000001,0.1622788867004335,-0.39017673731242386
17263.0,208,1,63.440000000000005,1,At-Risk / Inactive Customers,63.440000000000005,-0.8662666631726388,0.8994458903467906
17265.0,139,2,550.01,0,Regular Customers,550.01,-0.48160396988910453,0.31407323322244896
17266.0,2,3,296.58,0,Regular Customers,296.58,0.10994161709424449,-0.9199801722830494
17267.0,127,2,317.2,0,Regular Customers,317.2,-0.4522835021322022,0.19499711597375688
17268.0,108,4,763.64,0,Regular Customers,763.64,-0.17310590224887132,0.07741199709897681
17272.0,42,4,2148.63,0,Regular Customers,2148.63,0.1755919021927899,-0.45748171312699437
17274.0,35,1,107.82,0,Regular Customers,107.82,-0.204422875927409,-0.6641002592874083
17277.0,228,2,1065.3500000000001,1,At-Risk / Inactive Customers,1065.3500000000001,-0.7842456421531437,1.142674749700048
17278.0,241,1,246.04,1,At-Risk / Inactive Customers,246.04,-0.9790785109228726,1.2062982556767932
17279.0,58,1,187.82999999999998,0,Regular Customers,187.82999999999998,-0.28637242426895,-0.4523614259567096
17282.0,130,3,1685.46,0,Regular Customers,1685.46,-0.2797705900061147,0.30088306762213696
17284.0,60,6,1647.48,0,Regular Customers,1647.48,0.24725162158681394,-0.2829093370520891
17286.0,22,1,151.37,0,Regular Customers,151.37,-0.15186100763066473,-0.7797812819413443
17287.0,26,7,1049.06,0,Regular Customers,1049.06,0.42234970206006783,-0.6004103997314576
17288.0,9,7,1417.63,0,Regular Customers,1417.63,0.5129977045156278,-0.7376533408810677
17289.0,32,3,931.02,0,Regular Customers,931.02,0.04032629290745372,-0.6199296327674706
17290.0,4,2,513.01,0,Regular Customers,513.01,0.02982654713319745,-0.9092606119793691
17291.0,308,1,550.8000000000001,1,At-Risk / Inactive Customers,550.8000000000001,-1.2127600202654045,1.8263307649912988
17293.0,8,9,1854.06,0,Regular Customers,1854.06,0.7229337472082653,-0.6928001783945003
17295.0,29,3,547.0,0,Regular Customers,547.0,0.02474478397180433,-0.6643702175394884
17297.0,17,1,128.18,0,Regular Customers,128.18,-0.1344535023124752,-0.8260724803573062
17298.0,101,2,498.42,0,Regular Customers,498.42,-0.3405412069059109,-0.032126707630613524
17299.0,12,4,656.61,0,Regular Customers,656.61,0.18490183419599548,-0.7961490627625138
17301.0,21,1,163.24,0,Regular Customers,163.24,-0.1472186569504702,-0.7882961667171694
17302.0,15,5,1135.63,0,Regular Customers,1135.63,0.2948830094050242,-0.730305570396132
17303.0,361,1,250.04,1,At-Risk / Inactive Customers,250.04,-1.4357148939582896,2.292405251993847
17306.0,11,19,8631.31,3,High-Value Loyal Customers,8631.31,2.0652821792562808,-0.18922198045879957
17309.0,95,1,82.75,0,Regular Customers,82.75,-0.43464464141653675,-0.12226572268342614
17311.0,78,2,1384.85,0,Regular Customers,1384.85,-0.1906311846471795,-0.20034676723487807
17312.0,139,3,644.3,0,Regular Customers,644.3,-0.38725423111922386,0.33544416953111933
17313.0,31,1,2328.84,0,Regular Customers,2328.84,-0.03300921129904224,-0.6002853359870897
17314.0,25,8,2527.92,0,Regular Customers,2527.92,0.6178706422883882,-0.5257416948582331
17315.0,2,38,6281.23,3,High-Value Loyal Customers,6281.23,3.600957661564071,-0.05111442057170666
17317.0,46,3,2600.34,0,Regular Customers,2600.34,0.10440652799277945,-0.4180687178908632
17320.0,100,3,1200.6200000000001,0,Regular Customers,1200.6200000000001,-0.19963532987088256,0.007569013092149121
17321.0,8,2,657.16,0,Regular Customers,657.16,0.024732647927124016,-0.8665719778373733
17323.0,15,7,906.52,0,Regular Customers,906.52,0.4542103475978304,-0.7063722700624244
17324.0,18,4,986.48,0,Regular Customers,986.48,0.1852525503659002,-0.7269986794894434
17325.0,280,1,96.8,1,At-Risk / Inactive Customers,96.8,-1.1380713725596394,1.5525042163131857
17329.0,14,2,523.11,0,Regular Customers,523.11,-0.007539688611533566,-0.8183119028164109
17330.0,23,2,363.9,0,Regular Customers,363.9,-0.05300422872378802,-0.7440366101785383
17331.0,124,1,175.2,0,Regular Customers,175.2,-0.5385652868777034,0.14432962741649186
17333.0,86,1,494.25,0,Regular Customers,494.25,-0.3714389606596815,-0.18518040170488992
17334.0,302,2,307.02,1,At-Risk / Inactive Customers,307.02,-1.119337625170624,1.7781820721921269
17337.0,151,4,1981.06,1,At-Risk / Inactive Customers,1981.06,-0.25122523731411106,0.521356192544042
17338.0,17,8,6493.54,0,Regular Customers,6493.54,0.9271959134932737,-0.41956503125783157
17339.0,94,2,243.36,0,Regular Customers,243.36,-0.3318236046911097,-0.10695778874773718
17340.0,30,11,12353.29,3,High-Value Loyal Customers,12353.29,1.5529143016311604,0.01331664997161518
17341.0,157,3,682.29,1,At-Risk / Inactive Customers,682.29,-0.4531204077917007,0.5000438899252767
17343.0,355,1,193.64,1,At-Risk / Inactive Customers,193.64,-1.4168350828299305,2.235569217310413
17344.0,46,1,157.62,0,Regular Customers,157.62,-0.24280503790807567,-0.5623144692877498
17345.0,15,4,519.6899999999999,0,Regular Customers,519.6899999999999,0.16385061964915124,-0.7751663956936629
17346.0,4,15,2622.88,3,High-Value Loyal Customers,2622.88,1.318543441061546,-0.5916274347810867
17347.0,86,1,228.96,0,Regular Customers,228.96,-0.3900942668612993,-0.19712640505935136
17348.0,15,5,1156.6,0,Regular Customers,1156.6,0.29635762876892,-0.7293612917186731
17349.0,179,1,98.25,1,At-Risk / Inactive Customers,98.25,-0.7533970401125507,0.6385810554826098
17350.0,8,4,1281.32,0,Regular Customers,1281.32,0.24406229726115067,-0.8042159465968794
17351.0,36,3,587.15,0,Regular Customers,587.15,0.0009146186909634834,-0.5992165293919729
17353.0,129,2,1740.0,0,Regular Customers,1740.0,-0.3598468923504898,0.2771645525779258
17354.0,51,1,1393.06,0,Regular Customers,1393.06,-0.1749666050344333,-0.4614356777983743
17356.0,312,1,178.22,1,At-Risk / Inactive Customers,178.22,-1.2541905939543532,1.8457510576452973
17357.0,24,2,384.39,0,Regular Customers,384.39,-0.05537101037128493,-0.7340645552547604
17358.0,303,2,360.81,1,At-Risk / Inactive Customers,360.81,-1.119362736583608,1.7896536254449167
17359.0,11,1,127.86,0,Regular Customers,127.86,-0.11163012161199991,-0.8803832337707409
17360.0,17,3,568.24,0,Regular Customers,568.24,0.071930156325642,-0.7720064684072354
17361.0,49,3,488.2,0,Regular Customers,488.2,-0.05554300128722231,-0.48603016762173834
17362.0,239,2,312.23,1,At-Risk / Inactive Customers,312.23,-0.8790894817522765,1.2083050682783782
17364.0,1,11,4462.68,0,Regular Customers,4462.68,1.1084650024686802,-0.6044296877969941
17365.0,13,8,4767.36,0,Regular Customers,4767.36,0.821040786840305,-0.5334924444222505
17367.0,238,1,167.55,1,At-Risk / Inactive Customers,167.55,-0.9731750196557993,1.1756156806484088
17368.0,23,8,1878.87,0,Regular Customers,1878.87,0.5798444632560508,-0.5730671845533042
17370.0,73,4,446.18,0,Regular Customers,446.18,-0.06216217293385554,-0.253611892586919
17371.0,17,3,418.4,0,Regular Customers,418.4,0.06139334347460954,-0.7787537605879905
17372.0,41,8,1337.18,0,Regular Customers,1337.18,0.4732149411919128,-0.4345704428787149
17373.0,40,4,646.92,0,Regular Customers,646.92,0.07760630747998452,-0.5432024654411431
17374.0,219,2,495.77,1,At-Risk / Inactive Customers,495.77,-0.7900299263715348,1.0355820580471429
17375.0,199,3,400.1,1,At-Risk / Inactive Customers,400.1,-0.6328853118782845,0.8674112866505256
17376.0,71,2,203.2,0,Regular Customers,203.2,-0.2470717873151744,-0.31690217738140514
17377.0,24,20,4058.32,3,High-Value Loyal Customers,4058.32,1.7819273796566444,-0.26037649022899156
17379.0,11,1,389.71999999999997,0,Regular Customers,389.71999999999997,-0.09321601447657973,-0.8685916832471656
17381.0,9,29,20275.61,3,High-Value Loyal Customers,20275.61,3.76892188381838,0.4882724277236162
17382.0,65,1,65.4,0,Regular Customers,65.4,-0.32163528464669994,-0.3945287119332407
17383.0,4,1,193.39000000000001,0,Regular Customers,193.39000000000001,-0.08036849355688569,-0.9407781536476866
17384.0,19,2,336.4,0,Regular Customers,336.4,-0.039707451654173914,-0.7814724971710074
17385.0,15,1,256.11,0,Regular Customers,256.11,-0.11784211561473246,-0.8384105763083634
17386.0,8,6,2686.42,0,Regular Customers,2686.42,0.5183079812180102,-0.7066942028921647
17387.0,20,2,746.81,0,Regular Customers,746.81,-0.014654892225358955,-0.7539423525040369
17388.0,78,4,1259.56,0,Regular Customers,1259.56,-0.024003179675180838,-0.1717384543931219
17389.0,1,34,31833.68,3,High-Value Loyal Customers,31833.68,5.050747612835577,1.0219622593806947
17391.0,164,2,508.8,1,At-Risk / Inactive Customers,508.8,-0.5796930548601126,0.5384523136689999
17392.0,307,2,417.27,1,At-Risk / Inactive Customers,417.27,-1.1306230340738985,1.828393580653848
17394.0,219,1,203.86999999999998,1,At-Risk / Inactive Customers,203.86999999999998,-0.898275684812348,1.0053127474202732
17396.0,39,8,7330.8,0,Regular Customers,7330.8,0.9023041560541813,-0.18277663632221056
17397.0,22,2,681.41,0,Regular Customers,681.41,-0.026869142593850058,-0.7387885319129461
17398.0,115,3,653.38,0,Regular Customers,653.38,-0.2952321886888075,0.11866766646862849
17400.0,126,5,2097.84,0,Regular Customers,2097.84,-0.060102811975326756,0.31750508718336556
17402.0,5,13,2633.85,0,Regular Customers,2633.85,1.1400687576157844,-0.6163341842826714
17403.0,36,1,263.92,0,Regular Customers,263.92,-0.1972535044066697,-0.6480216887961439
17404.0,4,15,31906.82,3,High-Value Loyal Customers,31906.82,3.3778026196578037,0.7270277933535884
17405.0,1,3,1031.41,0,Regular Customers,1031.41,0.16542282401297626,-0.8959401828263688
17406.0,333,3,2184.42,1,At-Risk / Inactive Customers,2184.42,-1.0176358923800004,2.160377525607561
17408.0,163,1,32.65,1,At-Risk / Inactive Customers,32.65,-0.697087704854744,0.4908368386180823
17409.0,185,2,771.85,1,At-Risk / Inactive Customers,771.85,-0.6411558577464337,0.7403346532381864
17410.0,16,5,1214.72,0,Regular Customers,1214.72,0.2966370048068499,-0.7176947586531319
17411.0,12,3,778.94,0,Regular Customers,778.94,0.10578490642311596,-0.8077656048360323
17412.0,3,7,1258.06,0,Regular Customers,1258.06,0.5246225571426453,-0.799135118585648
17414.0,44,2,778.0,0,Regular Customers,778.0,-0.10384513104184656,-0.5353524921529782
17415.0,80,1,507.84,0,Regular Customers,507.84,-0.34763742281319804,-0.2388647880986083
17416.0,30,7,6893.42,0,Regular Customers,6893.42,0.8180970066819689,-0.30104142414751256
17418.0,42,2,463.46000000000004,0,Regular Customers,463.46000000000004,-0.11834842388358821,-0.5676150032883566
17419.0,11,12,4226.57,0,Regular Customers,4226.57,1.1415043999427315,-0.507442750464361
17420.0,50,3,598.83,0,Regular Customers,598.83,-0.0515710996032185,-0.47199911031426284
17422.0,16,6,1979.37,0,Regular Customers,1979.37,0.4381267453307222,-0.6661375250520768
17423.0,46,2,698.41,0,Regular Customers,698.41,-0.11705722827603543,-0.5208376469759619
17425.0,19,2,759.17,0,Regular Customers,759.17,-0.009978084535707617,-0.7624351725897354
17426.0,8,6,5037.26,0,Regular Customers,5037.26,0.6836200549147611,-0.6008359250611037
17427.0,72,1,100.8,0,Regular Customers,100.8,-0.34579947195798927,-0.32958891619001357
17428.0,1,28,17256.85,3,High-Value Loyal Customers,17256.85,3.4993833421959226,0.2628175411492337
17429.0,128,3,524.9200000000001,0,Regular Customers,524.9200000000001,-0.35376496448142186,0.23052519353348336
17430.0,33,2,265.76,0,Regular Customers,265.76,-0.09798194753709721,-0.6579619460345665
17431.0,313,1,403.3,1,At-Risk / Inactive Customers,403.3,-1.2421705193472268,1.864935796146629
17432.0,18,2,365.76,0,Regular Customers,365.76,-0.033835196697654266,-0.7891998075992525
17433.0,88,1,303.15999999999997,0,Regular Customers,303.15999999999997,-0.3924917855559774,-0.17568639928117177
17434.0,2,7,2373.82,0,Regular Customers,2373.82,0.606890924494798,-0.757941858904628
17436.0,2,2,216.29999999999998,0,Regular Customers,216.29999999999998,0.016577067513118278,-0.9407202385740183
17438.0,254,1,388.45000000000005,1,At-Risk / Inactive Customers,388.45000000000005,-1.0185635925286265,1.3303530533836736
17440.0,157,3,186.42000000000002,1,At-Risk / Inactive Customers,186.42000000000002,-0.4879901981577009,0.47771487381695443
17442.0,37,6,2248.56,0,Regular Customers,2248.56,0.377095709869023,-0.4639787014066102
17443.0,220,1,534.24,1,At-Risk / Inactive Customers,534.24,-0.878851572397659,1.0292386925000332
17444.0,148,3,2940.04,1,At-Risk / Inactive Customers,2940.04,-0.2600856378315709,0.5202658112022579
17446.0,177,2,120.9,1,At-Risk / Inactive Customers,120.9,-0.6564697623536869,0.638627262761517
17447.0,40,2,541.53,0,Regular Customers,541.53,-0.10524321369914284,-0.5821982940347451
17449.0,2,7,2519.21,0,Regular Customers,2519.21,0.6171148114436208,-0.7513949501342063
17450.0,8,46,194390.79,4,Elite VIP Customers,194390.79,17.507810252689467,8.610752095748262
17451.0,1,7,1721.4,0,Regular Customers,1721.4,0.5648201184157002,-0.7963697089951471
17453.0,18,2,486.71999999999997,0,Regular Customers,486.71999999999997,-0.025329237791748727,-0.7837529812365714
17454.0,192,4,517.53,1,At-Risk / Inactive Customers,517.53,-0.5102548279734397,0.8264784822364
17455.0,204,1,131.7,1,At-Risk / Inactive Customers,131.7,-0.8462360019691828,0.866322074224777
17456.0,365,1,249.86,1,At-Risk / Inactive Customers,249.86,-1.450958140460075,2.328594709144063
17457.0,127,5,1737.7,0,Regular Customers,1737.7,-0.08923565792800572,0.31033738087675905
17458.0,15,1,316.5,0,Regular Customers,316.5,-0.11359546500025136,-0.8356912158252093
17459.0,43,2,657.3,0,Regular Customers,657.3,-0.10852515943040118,-0.5498370013575452
17460.0,94,6,622.4300000000001,0,Regular Customers,622.4300000000001,0.04570966240486691,-0.02138803625154195
17461.0,23,3,735.82,0,Regular Customers,735.82,0.06086857032260185,-0.710164000564055
17462.0,60,2,675.69,0,Regular Customers,675.69,-0.17196196927493923,-0.3951692592050991
17463.0,16,5,1875.86,0,Regular Customers,1875.86,0.3431286522196342,-0.687923637774966
17464.0,158,1,289.96000000000004,1,At-Risk / Inactive Customers,289.96000000000004,-0.659955319633227,0.45717654955010356
17466.0,10,2,763.28,0,Regular Customers,763.28,0.02457975727705976,-0.8436946151023751
17468.0,10,2,137.0,0,Regular Customers,137.0,-0.0194605200343698,-0.8718959908829628
17469.0,16,5,1870.97,0,Regular Customers,1870.97,0.34278478532934087,-0.6881438343764336
17470.0,45,5,1125.07,0,Regular Customers,1125.07,0.17991100950469935,-0.45929936788393677
17472.0,191,3,697.54,1,At-Risk / Inactive Customers,697.54,-0.5815080262840518,0.8084098787639944
17475.0,79,1,194.37,0,Regular Customers,194.37,-0.365873120003765,-0.2620297265188999
17480.0,78,1,511.82,0,Regular Customers,511.82,-0.3397422530994748,-0.25678435005209876
17481.0,4,4,1255.59,0,Regular Customers,1255.59,0.257483541487374,-0.8415721305250137
17483.0,65,3,414.04,0,Regular Customers,414.04,-0.12168031948723593,-0.3445793407410758
17486.0,261,1,396.87,1,At-Risk / Inactive Customers,396.87,-1.0446250249728632,1.394077940270542
17489.0,59,2,376.64,0,Regular Customers,376.64,-0.18918364590149198,-0.41768486531595067
17490.0,1,7,2092.32,0,Regular Customers,2092.32,0.5909033713702181,-0.7796671888691084
17491.0,1,10,3558.87,0,Regular Customers,3558.87,0.9571894712590785,-0.6622532933940042
17492.0,248,1,374.57,1,At-Risk / Inactive Customers,374.57,-0.9966937568245472,1.27543169344347
17495.0,8,2,497.56,0,Regular Customers,497.56,0.013509507704054211,-0.8737587626214663
17496.0,359,1,271.05,1,At-Risk / Inactive Customers,271.05,-1.4266221673648742,2.275252550597206
17498.0,76,1,272.22,0,Regular Customers,272.22,-0.34897573310715096,-0.2856723144975026
17499.0,290,1,622.88,1,At-Risk / Inactive Customers,622.88,-1.1391536741420927,1.6666874944792538
17500.0,17,3,1138.0,0,Regular Customers,1138.0,0.11199592307687163,-0.7463501870877814
17501.0,221,2,288.6,1,At-Risk / Inactive Customers,288.6,-0.8122135037414333,1.0443519783948698
17502.0,9,4,689.1,0,Regular Customers,689.1,0.19860948650289498,-0.821834210627122
17503.0,3,2,558.96,0,Regular Customers,558.96,0.03686541798132568,-0.9162408750418993
17504.0,206,9,2997.0299999999997,1,At-Risk / Inactive Customers,2997.0299999999997,0.04939373935577823,1.1504470837310194
17505.0,162,2,1145.84,1,At-Risk / Inactive Customers,1145.84,-0.5272808353367616,0.5490394307594817
17506.0,76,1,302.2,0,Regular Customers,302.2,-0.34686752669181486,-0.2843223157015934
17507.0,262,2,605.58,1,At-Risk / Inactive Customers,605.58,-0.9460368700988947,1.4296505975103202
17508.0,281,1,387.31,1,At-Risk / Inactive Customers,387.31,-1.1214502323836193,1.5746352663961165
17509.0,58,8,6083.64,0,Regular Customers,6083.64,0.7422580348216208,-0.06699780389589968
17510.0,25,1,308.48,0,Regular Customers,308.48,-0.15223590689060906,-0.7455584498971369
17511.0,3,31,91062.38,3,High-Value Loyal Customers,91062.38,8.94496214349844,3.65575302968217
17512.0,29,10,2924.9900000000002,0,Regular Customers,2924.9900000000002,0.8060006369250353,-0.43741395919533427
17513.0,72,1,513.2,0,Regular Customers,513.2,-0.31679932767231267,-0.31101855249978816
17514.0,128,1,208.65,0,Regular Customers,208.65,-0.5514436574039137,0.18203344278906974
17515.0,31,4,639.02,0,Regular Customers,639.02,0.11131960095892318,-0.6250027180117839
17516.0,15,5,764.88,0,Regular Customers,764.88,0.268811710923175,-0.7470004354255962
17517.0,309,1,153.94,1,At-Risk / Inactive Customers,153.94,-1.244475032314519,1.817509557824593
17519.0,17,6,1844.02,0,Regular Customers,1844.02,0.4248012282674158,-0.6631829421881552
17520.0,54,1,546.81,0,Regular Customers,546.81,-0.24589820839349624,-0.4723941263366707
17521.0,30,3,723.2099999999999,0,Regular Customers,723.2099999999999,0.033328299288821396,-0.6473860941534364
17522.0,2,5,1070.71,0,Regular Customers,1070.71,0.3398172209348738,-0.8508709949644199
17523.0,11,4,652.74,0,Regular Customers,652.74,0.1884373413479248,-0.8053727194211813
17524.0,361,1,145.0,1,At-Risk / Inactive Customers,145.0,-1.4431013516589866,2.287675302910382
17525.0,360,1,422.70000000000005,1,At-Risk / Inactive Customers,422.70000000000005,-1.4197657217463446,2.2911307376781376
17526.0,5,4,1195.8999999999999,0,Regular Customers,1195.8999999999999,0.24947846796590625,-0.8352105793856255
17527.0,54,4,939.37,0,Regular Customers,939.37,0.04486445560454504,-0.4033419789208905
17528.0,1,8,3628.5,0,Regular Customers,3628.5,0.786647431294498,-0.6933679749142229
17530.0,1,10,2367.12,0,Regular Customers,2367.12,0.8733851018302349,-0.7159177718804886
17531.0,190,1,296.7,1,At-Risk / Inactive Customers,296.7,-0.7813260705508658,0.7470605519870017
17534.0,54,1,223.36,0,Regular Customers,223.36,-0.2686433506563529,-0.4869590733192202
17535.0,280,1,164.4,1,At-Risk / Inactive Customers,164.4,-1.1333177116631512,1.5555482429510599
17536.0,177,1,76.5,1,At-Risk / Inactive Customers,76.5,-0.7473112149974463,0.6195028721475736
17537.0,30,2,887.67,0,Regular Customers,887.67,-0.04282602887504852,-0.6571055231758655
17538.0,26,1,98.42,0,Regular Customers,98.42,-0.17081506308966457,-0.7459680568278243
17540.0,25,2,578.9,0,Regular Customers,578.9,-0.04550063123169778,-0.7162563832374496
17542.0,270,1,170.75,1,At-Risk / Inactive Customers,170.75,-1.0947947048866566,1.4653402769566375
17545.0,43,3,642.32,0,Regular Customers,642.32,-0.021859333769385435,-0.533386490947107
17548.0,234,1,103.3,1,At-Risk / Inactive Customers,103.3,-0.9624625182954448,1.136524941896445
17549.0,24,2,148.86,0,Regular Customers,148.86,-0.07193358065160843,-0.7446704664088797
17550.0,197,3,267.16,1,At-Risk / Inactive Customers,267.16,-0.6346184150927738,0.843326219855945
17551.0,359,1,290.34,1,At-Risk / Inactive Customers,290.34,-1.425265686319116,2.2761211789085163
17552.0,60,4,930.41,0,Regular Customers,930.41,0.021388501337214535,-0.3494491037204657
17553.0,130,1,1487.6,0,Regular Customers,1487.6,-0.46912264111273116,0.2577233167917864
17554.0,1,5,1952.45,0,Regular Customers,1952.45,0.4056292018521719,-0.8202156511679454
17555.0,20,2,480.31,0,Regular Customers,480.31,-0.03339528614420672,-0.765942842134117
17556.0,206,1,157.9,1,At-Risk / Inactive Customers,157.9,-0.8520089011820775,0.8856006409701467
17557.0,14,3,541.46,0,Regular Customers,541.46,0.08146991689681876,-0.8003605431775653
17560.0,95,4,854.95,0,Regular Customers,854.95,-0.11718553033650161,-0.03611839371731327
17561.0,19,1,165.12,0,Regular Customers,165.12,-0.13947116013441893,-0.8063102916283453
17562.0,14,7,1122.38,0,Regular Customers,1122.38,0.4731973622761703,-0.7057014892486058
17564.0,24,3,454.01,0,Regular Customers,454.01,0.037243923453087364,-0.7138045085489948
17566.0,8,2,869.77,0,Regular Customers,869.77,0.03968347400999917,-0.8569981538214207
17567.0,7,8,4331.48,0,Regular Customers,4331.48,0.8132354021550642,-0.6074164558592415
17569.0,332,1,344.14,1,At-Risk / Inactive Customers,344.14,-1.3186759727539297,2.034210244634986
17571.0,50,4,1425.67,0,Regular Customers,1425.67,0.0942918683045681,-0.41764146226632326
17572.0,71,4,226.75000000000003,0,Regular Customers,226.75000000000003,-0.06997728991960611,-0.2815916023387442
17573.0,29,3,380.6,0,Regular Customers,380.6,0.013043464841987179,-0.6718632061865629
17574.0,243,1,185.65,1,At-Risk / Inactive Customers,185.65,-0.9909404559497748,1.2216776764669333
17576.0,8,19,3564.83,3,High-Value Loyal Customers,3564.83,1.7204280815429656,-0.4445136446802184
17578.0,218,1,143.45999999999998,1,At-Risk / Inactive Customers,143.45999999999998,-0.8987160946291678,0.9935430957008753
17579.0,5,3,448.90000000000003,0,Regular Customers,448.90000000000003,0.10922988298675308,-0.8859730338423245
17580.0,253,3,215.72,1,At-Risk / Inactive Customers,215.72,-0.8514639414292545,1.3477757533446886
17581.0,1,25,11025.24,3,High-Value Loyal Customers,11025.24,2.7980161862209663,-0.06916691011089847
17582.0,236,1,175.27,1,At-Risk / Inactive Customers,175.27,-0.9650168515433651,1.1578645308195585
17584.0,7,2,1242.3,0,Regular Customers,1242.3,0.06968759005894273,-0.8492725260644702
17585.0,109,4,1116.68,0,Regular Customers,1116.68,-0.15208762574359963,0.10235877182194107
17588.0,100,3,1240.2,0,Regular Customers,1240.2,-0.19685204735190323,0.009351299694620313
17589.0,60,4,2404.17,0,Regular Customers,2404.17,0.1250239345148546,-0.28308572061642445
17590.0,2,3,1468.02,0,Regular Customers,1468.02,0.19231777864131774,-0.8672302526873228
17591.0,73,7,2203.67,0,Regular Customers,2203.67,0.3245829521210446,-0.12309697477419554
17593.0,4,5,3923.86,0,Regular Customers,3923.86,0.5328366541380644,-0.7042949266815072
17594.0,85,2,993.18,0,Regular Customers,993.18,-0.2448271169150254,-0.15463792498627887
17595.0,12,2,386.69,0,Regular Customers,386.69,-0.009517506913593517,-0.8425536739408703
17596.0,23,7,2806.69,0,Regular Customers,2806.69,0.5573699366002169,-0.5484125281572794
17597.0,214,1,2044.3700000000001,1,At-Risk / Inactive Customers,2044.3700000000001,-0.7498127020359319,1.042943472151344
17600.0,18,1,161.67000000000002,0,Regular Customers,161.67000000000002,-0.13590611840295513,-0.8155150356954756
17601.0,239,1,116.00999999999999,1,At-Risk / Inactive Customers,116.00999999999999,-0.9806069816934448,1.1823442261235766
17602.0,2,6,5054.42,0,Regular Customers,5054.42,0.7076726366872867,-0.6543595544267569
17603.0,78,1,394.72,0,Regular Customers,394.72,-0.34797677515537373,-0.262057360692558
17604.0,217,2,309.36,1,At-Risk / Inactive Customers,309.36,-0.7955230628424623,1.0090892382299714
17608.0,33,2,191.99,0,Regular Customers,191.99,-0.10316948547103116,-0.6612838076481162
17609.0,41,5,1105.78,0,Regular Customers,1105.78,0.19378511728378336,-0.4963655587418357
17611.0,7,15,3961.12,3,High-Value Loyal Customers,3961.12,1.4012261082907898,-0.5042183426364041
17612.0,53,6,2048.45,0,Regular Customers,2048.45,0.3021015338300643,-0.3281994004880813
17613.0,23,14,4544.55,3,High-Value Loyal Customers,4544.55,1.293611574321658,-0.35028131081463826
17614.0,57,1,386.32,0,Regular Customers,386.32,-0.26860687541563966,-0.4524728158928892
17615.0,130,3,329.6,0,Regular Customers,329.6,-0.37511524478588554,0.23982871914243512
17616.0,174,3,571.1999999999999,1,At-Risk / Inactive Customers,571.1999999999999,-0.5256623065841277,0.6488811502867181
17618.0,6,3,930.28,0,Regular Customers,930.28,0.13927308315260606,-0.8552471115053847
17619.0,312,1,214.37,1,At-Risk / Inactive Customers,214.37,-1.2516485105015713,1.8473788914168823
17620.0,60,1,81.44,0,Regular Customers,81.44,-0.30146910895914303,-0.439053384239679
17621.0,21,3,1379.9,0,Regular Customers,1379.9,0.11377584565529116,-0.6992598724154279
17623.0,33,1,527.0500000000001,0,Regular Customers,527.0500000000001,-0.16732714870974003,-0.6633211221081002
17624.0,15,2,843.48,0,Regular Customers,843.48,0.011181219528526987,-0.7948362575351529
17625.0,18,4,2020.4,0,Regular Customers,2020.4,0.25795824672828327,-0.6804412827227172
17628.0,81,1,75.75,0,Regular Customers,75.75,-0.38182982352182865,-0.2492724014554372
17629.0,6,8,1814.12,0,Regular Customers,1814.12,0.6400212180834114,-0.7298225165716061
17630.0,170,2,503.59999999999997,1,At-Risk / Inactive Customers,503.59999999999997,-0.6029046043201828,0.5925145015936615
17631.0,2,3,528.33,0,Regular Customers,528.33,0.12623837615875844,-0.909544474452764
17633.0,31,4,1324.84,0,Regular Customers,1324.84,0.15954675652149042,-0.5941202572309148
17634.0,36,9,2358.59,0,Regular Customers,2358.59,0.6517983907021978,-0.4166982648345561
17636.0,19,1,285.56,0,Regular Customers,285.56,-0.13100176785079407,-0.8008868808551863
17637.0,31,2,547.0600000000001,0,Regular Customers,547.0600000000001,-0.07058551687937818,-0.6633937939759974
17639.0,276,1,108.5,1,At-Risk / Inactive Customers,108.5,-1.122018034733482,1.5168335045308448
17640.0,87,1,621.66,0,Regular Customers,621.66,-0.3662870822028512,-0.17039374133552793
17642.0,120,2,712.29,0,Regular Customers,712.29,-0.39784707400243347,0.14944227625624548
17643.0,373,1,101.55,1,At-Risk / Inactive Customers,101.55,-1.4918485407067743,2.394311437925656
17644.0,1,11,2895.64,0,Regular Customers,2895.64,0.9982700798173061,-0.6749934674214627
17646.0,219,3,1008.39,1,At-Risk / Inactive Customers,1008.39,-0.666263043181123,1.0757903858265503
17647.0,65,1,133.06,0,Regular Customers,133.06,-0.3168774045245639,-0.39148198349657565
17648.0,61,4,1797.5,0,Regular Customers,1797.5,0.07855499357976087,-0.3013546678555025
17649.0,138,1,868.49,0,Regular Customers,868.49,-0.5431198986089367,0.30223993105990155
17650.0,21,1,166.08,0,Regular Customers,166.08,-0.14701894693647574,-0.7881682815743949
17651.0,12,10,3945.0,0,Regular Customers,3945.0,0.9424581786469899,-0.5453225702713255
17652.0,25,12,4867.72,0,Regular Customers,4867.72,1.1332832811235858,-0.3518803099703412
17653.0,37,4,1207.56,0,Regular Customers,1207.56,0.1284536935513847,-0.5451050294478644
17654.0,277,1,117.55,1,At-Risk / Inactive Customers,117.55,-1.125189282071154,1.5262904164851363
17655.0,11,7,2638.94,0,Regular Customers,2638.94,0.5912654513678518,-0.664558994916917
17656.0,73,5,1674.69,0,Regular Customers,1674.69,0.11194640107293134,-0.18116705253254667
17658.0,26,2,595.42,0,Regular Customers,595.42,-0.048146584976222234,-0.706463097333677
17659.0,17,12,2999.46,0,Regular Customers,2999.46,1.0323676169615386,-0.5084031452184661
17660.0,141,1,178.75,0,Regular Customers,178.75,-0.6030456518657901,0.298329124667961
17663.0,26,7,1802.91,0,Regular Customers,1802.91,0.47536075630293234,-0.5664645494213789
17664.0,19,2,604.64,0,Regular Customers,604.64,-0.02084470019154082,-0.7693936553759879
17666.0,4,2,728.16,0,Regular Customers,728.16,0.0449559871018282,-0.899572411814597
17667.0,66,5,2055.51,0,Regular Customers,2055.51,0.16537935670280537,-0.22736447006252059
17668.0,1,2,347.75,0,Regular Customers,347.75,0.02962833490931961,-0.9438504383593557
17669.0,43,7,3406.7200000000003,0,Regular Customers,3406.7200000000003,0.5234113585665355,-0.3404053766148172
17670.0,228,1,205.7,1,At-Risk / Inactive Customers,205.7,-0.9324158232859862,1.0868396680132233
17671.0,16,4,1572.71,0,Regular Customers,1572.71,0.23409178896986402,-0.7186995356751507
17672.0,50,2,3178.17,0,Regular Customers,3178.17,0.04208996610438284,-0.37297654159602384
17673.0,2,6,1594.97,0,Regular Customers,1594.97,0.4644026339009532,-0.810138518219556
17674.0,74,2,551.04,0,Regular Customers,551.04,-0.23403447144513068,-0.27409077728036774
17675.0,1,31,20374.28,3,High-Value Loyal Customers,20374.28,3.9817600293746422,0.4545705297594479
17676.0,4,6,1371.18,0,Regular Customers,1371.18,0.4410503310266224,-0.8021169961369397
17677.0,2,30,16345.38,3,High-Value Loyal Customers,16345.38,3.6069191862989727,0.2650735750690012
17678.0,264,1,298.11,1,At-Risk / Inactive Customers,298.11,-1.0629928120077254,1.416778951370477
17679.0,53,2,1992.1100000000001,0,Regular Customers,1992.1100000000001,-0.052737221710828903,-0.39923662758721923
17680.0,24,1,184.4,0,Regular Customers,184.4,-0.15715361832398814,-0.7601951604335977
17682.0,10,6,2474.33,0,Regular Customers,2474.33,0.4957784273449946,-0.698145830045301
17684.0,44,1,239.41,0,Regular Customers,239.41,-0.22943823573346855,-0.5767302485090955
17685.0,17,7,3155.83,0,Regular Customers,3155.83,0.6047674938818576,-0.5869871048122607
17686.0,7,7,5739.46,0,Regular Customers,5739.46,0.8245259319497893,-0.5611402043383411
17690.0,30,15,4726.8,3,High-Value Loyal Customers,4726.8,1.3674931674476964,-0.26160380302181385
17691.0,358,2,290.40000000000003,1,At-Risk / Inactive Customers,290.40000000000003,-1.3337345942228482,2.2841995495792546
17692.0,127,4,740.9399999999999,0,Regular Customers,740.9399999999999,-0.24704747287027867,0.24832823865267228
17693.0,137,1,200.47,0,Regular Customers,200.47,-0.5862877033564549,0.26310961328371907
17694.0,142,1,283.12,0,Regular Customers,283.12,-0.5995139560577036,0.3120782943015743
17695.0,132,2,765.34,0,Regular Customers,765.34,-0.43980834180005646,0.26042380432706425
17696.0,38,8,2285.71,0,Regular Customers,2285.71,0.5513389178718754,-0.41900632800133936
17697.0,236,1,338.95,1,At-Risk / Inactive Customers,338.95,-0.9535068039762469,1.1652350379214405
17698.0,261,1,154.95,1,At-Risk / Inactive Customers,154.95,-1.0616369427846744,1.3831842875451799
17700.0,17,4,2534.64,0,Regular Customers,2534.64,0.2979274705529864,-0.6663344565211938
17701.0,253,1,417.95,1,At-Risk / Inactive Customers,417.95,-1.012681492712262,1.3226320471526074
17702.0,30,4,1824.37,0,Regular Customers,1824.37,0.19848156685821514,-0.580675822032988
17703.0,35,3,798.74,0,Regular Customers,798.74,0.019601365144037083,-0.5987380265921146
17704.0,169,2,885.19,1,At-Risk / Inactive Customers,885.19,-0.5722633851984258,0.600648100968055
17705.0,3,9,1823.52,0,Regular Customers,1823.52,0.739824397384603,-0.7394223471623612
17706.0,4,17,10504.49,3,High-Value Loyal Customers,10504.49,2.048220076685785,-0.20246857627670686
17707.0,185,2,152.4,1,At-Risk / Inactive Customers,152.4,-0.684715846538292,0.7124408322199756
17708.0,188,2,263.33,1,At-Risk / Inactive Customers,263.33,-0.6883381431384704,0.7445841797947004
17709.0,170,1,137.45,1,At-Risk / Inactive Customers,137.45,-0.7163716545001121,0.5589017149629137
17711.0,11,2,385.1,0,Regular Customers,385.1,-0.005821669187048926,-0.8516746622454793
17712.0,45,1,522.91,0,Regular Customers,522.91,-0.21331004175396304,-0.5549148585849147
17714.0,321,1,153.0,1,At-Risk / Inactive Customers,153.0,-1.2902328999908612,1.926059917283299
17715.0,201,1,326.4,1,At-Risk / Inactive Customers,326.4,-0.8211216731235356,0.8479412393916711
17716.0,23,11,5655.99,0,Regular Customers,5655.99,1.1086108332277331,-0.351608368535707
17718.0,232,1,139.35,1,At-Risk / Inactive Customers,139.35,-0.9523121724729882,1.1200494913967505
17719.0,38,15,5396.04,3,High-Value Loyal Customers,5396.04,1.3840932326732454,-0.15907281421368435
17720.0,26,4,1195.94,0,Regular Customers,1195.94,0.16952068945258275,-0.6451715748168421
17722.0,96,4,2424.04,0,Regular Customers,2424.04,-0.010654098015039259,0.043587088002495375
17723.0,127,6,3276.4000000000005,0,Regular Customers,3276.4000000000005,0.10668560947348057,0.39675007038086707
17724.0,71,3,1033.0,0,Regular Customers,1033.0,-0.1010006709420978,-0.26241124059310894
17725.0,16,11,3439.08,0,Regular Customers,3439.08,0.9793703048245551,-0.5147815156219594
17727.0,15,1,1060.25,0,Regular Customers,1060.25,-0.06129464707476159,-0.8022001683116178
17728.0,4,3,2876.01,0,Regular Customers,2876.01,0.28371294289230553,-0.7857297100847354
17730.0,3,13,5298.4800000000005,0,Regular Customers,5298.4800000000005,1.335061972658522,-0.5144447303477082
17731.0,79,4,1240.11,0,Regular Customers,1240.11,-0.02917855919554372,-0.16356489686456133
17732.0,373,1,303.97,1,At-Risk / Inactive Customers,303.97,-1.4776142797797456,2.403426406446935
17733.0,39,2,692.19,0,Regular Customers,692.19,-0.09084109089138027,-0.58446346790716
17734.0,54,3,700.63,0,Regular Customers,700.63,-0.059643068912343354,-0.4312174958189232
17735.0,2,19,13110.02,3,High-Value Loyal Customers,13110.02,2.414495805794287,-0.06899027513370239
17736.0,9,3,377.44,0,Regular Customers,377.44,0.08897419641541607,-0.8529933136558319
17737.0,9,2,168.24,0,Regular Customers,168.24,-0.013456062674219935,-0.8795386449490894
17738.0,19,4,1879.05,0,Regular Customers,1879.05,0.24421080710019974,-0.6777568797378969
17739.0,12,7,2791.35,0,Regular Customers,2791.35,0.5981753405112532,-0.6486465850512998
17742.0,113,2,355.11,0,Regular Customers,355.11,-0.39631059384013784,0.07001273359681866
17744.0,4,6,2322.4,0,Regular Customers,2322.4,0.5079405280378283,-0.7592835787038256
17746.0,240,1,110.25,1,At-Risk / Inactive Customers,110.25,-0.9848196745618415,1.1911342440762862
17747.0,113,1,71.4,0,Regular Customers,71.4,-0.5039804279800303,0.04011221850492209
17749.0,178,2,674.52,1,At-Risk / Inactive Customers,674.52,-0.6213466145079182,0.6726061508428359
17750.0,5,9,1710.45,0,Regular Customers,1710.45,0.724257972238958,-0.7264151057107299
17752.0,359,1,80.64,1,At-Risk / Inactive Customers,80.64,-1.4400118799580741,2.266678392133928
17754.0,1,5,1664.65,0,Regular Customers,1664.65,0.3853909828283656,-0.833175279368835
17757.0,1,30,5593.39,3,High-Value Loyal Customers,5593.39,2.854642300628966,-0.22813770861727467
17758.0,19,8,3408.2000000000003,0,Regular Customers,3408.2000000000003,0.7026181914126434,-0.5403990480155754
17759.0,17,3,819.96,0,Regular Customers,819.96,0.08963121432658892,-0.7606715218793413
17760.0,22,2,287.59,0,Regular Customers,287.59,-0.054562733337267036,-0.7565222385775547
17761.0,33,1,712.78,0,Regular Customers,712.78,-0.15426653571706614,-0.6549577039505212
17763.0,263,1,15.0,1,At-Risk / Inactive Customers,15.0,-1.0790935810205204,1.394981123138438
17764.0,51,2,772.55,0,Regular Customers,772.55,-0.1308819078149931,-0.4722521710866321
17765.0,159,3,367.63,1,At-Risk / Inactive Customers,367.63,-0.48286272790958024,0.5039735377389049
17767.0,15,1,271.2,0,Regular Customers,271.2,-0.11678098036431817,-0.8377310739124237
17768.0,8,3,2081.9,0,Regular Customers,2081.9,0.21264019941494466,-0.7852909048369949
17769.0,13,10,3957.43,0,Regular Customers,3957.43,0.9395246143541426,-0.5357134569851403
17770.0,199,5,1143.27,1,At-Risk / Inactive Customers,1143.27,-0.40518682847190485,0.9351263357929926
17771.0,57,2,245.81,0,Regular Customers,245.81,-0.19076837301403465,-0.4416749188530475
17772.0,11,2,173.45,0,Regular Customers,173.45,-0.02070498765955972,-0.8612052574807756
17774.0,97,4,1213.73,0,Regular Customers,1213.73,-0.09957126178380381,-0.001863756273361723
17775.0,255,1,56.4,1,At-Risk / Inactive Customers,56.4,-1.0457211376738742,1.3244502392110595
17777.0,25,3,647.56,0,Regular Customers,647.56,0.04704679498231018,-0.6960395653123401
17779.0,21,3,650.32,0,Regular Customers,650.32,0.06247146818694989,-0.732112845114542
17781.0,159,2,188.02,1,At-Risk / Inactive Customers,188.02,-0.5832122055505906,0.4787606435494149
17783.0,72,2,283.47,0,Regular Customers,283.47,-0.24523481380894255,-0.30423823026218194
17785.0,53,1,131.94,0,Regular Customers,131.94,-0.27126439692879545,-0.5001251047137732
17786.0,85,2,266.85,0,Regular Customers,266.85,-0.2959029529941124,-0.18734455025087984
17787.0,153,4,1817.54,1,At-Risk / Inactive Customers,1817.54,-0.27033932802525634,0.5320916715122302
17788.0,74,2,1117.9,0,Regular Customers,1117.9,-0.19417263393354328,-0.2485650829024793
17789.0,281,1,225.9,1,At-Risk / Inactive Customers,225.9,-1.1328006525803969,1.5673669773484946
17790.0,27,14,1964.3,0,Regular Customers,1964.3,1.096936702535814,-0.4302723537765468
17791.0,30,1,106.1,0,Regular Customers,106.1,-0.1855055910315922,-0.7094246640359863
17793.0,25,1,300.34,0,Regular Customers,300.34,-0.1528083151701566,-0.7459249939331176
17795.0,180,2,342.83,1,At-Risk / Inactive Customers,342.83,-0.6522864915054899,0.6757689380996149
17796.0,40,4,690.0,0,Regular Customers,690.0,0.0806357114950838,-0.5412625739091963
17797.0,22,3,780.43,0,Regular Customers,780.43,0.06781321179792983,-0.7172046037995844
17799.0,22,10,3039.17,0,Regular Customers,3039.17,0.8406833537762167,-0.49561817055256746
17800.0,37,9,1187.21,0,Regular Customers,1187.21,0.5656188011745616,-0.4603960919948446
17802.0,82,3,1285.04,0,Regular Customers,1285.04,-0.12516122967267904,-0.15151858746854446
17805.0,74,1,512.31,0,Regular Customers,512.31,-0.32447720726517576,-0.2929598479085606
17806.0,11,1,546.04,0,Regular Customers,546.04,-0.08222352525558806,-0.8615525967969813
17809.0,16,12,5411.91,0,Regular Customers,5411.91,1.2058197794004855,-0.408819960965481
17811.0,4,39,7761.82,3,High-Value Loyal Customers,7761.82,3.78517731451327,0.05078035807660005
17812.0,13,4,699.81,0,Regular Customers,699.81,0.18413202945617974,-0.7851543769963378
17813.0,14,5,1698.07,0,Regular Customers,1698.07,0.3382416778334364,-0.7140282991658286
17816.0,37,4,36.56,0,Regular Customers,36.56,0.04610847299239511,-0.597835135852457
17817.0,4,3,387.68,0,Regular Customers,387.68,0.10873251362368845,-0.8977791598454014
17819.0,72,7,3704.87,0,Regular Customers,3704.87,0.43395562503447566,-0.06454735965971167
17824.0,51,1,298.4,0,Regular Customers,298.4,-0.2519435641609094,-0.510728195541202
17827.0,5,5,1987.33,0,Regular Customers,1987.33,0.3928513895372336,-0.7824474429241817
17828.0,23,4,1820.09,0,Regular Customers,1820.09,0.22483412587214818,-0.6442142848032766
17829.0,299,1,889.24,1,At-Risk / Inactive Customers,889.24,-1.1546919499389847,1.7601261956419791
17830.0,2,3,398.7,0,Regular Customers,398.7,0.11712273914675006,-0.9153817107407463
17831.0,33,1,35.400000000000006,0,Regular Customers,35.400000000000006,-0.20190018687184696,-0.6854601117014545
17832.0,50,1,155.37,0,Regular Customers,155.37,-0.2581938476947093,-0.5262182241958242
17835.0,3,3,342.24,0,Regular Customers,342.24,0.1093448006059874,-0.9088747127664419
17836.0,47,1,110.21000000000001,0,Regular Customers,110.21000000000001,-0.24994657658029965,-0.555399949995801
17837.0,42,8,1541.23,0,Regular Customers,1541.23,0.4837561772094955,-0.416332684853633
17838.0,27,5,2720.8,0,Regular Customers,2720.8,0.36066107493177274,-0.5503327095972137
17839.0,42,1,318.15,0,Regular Customers,318.15,-0.21628591086262314,-0.5912833691689843
17841.0,2,124,40519.84,2,VIP Loyal Customers,40519.84,13.552484759636842,2.9634046155665037
17843.0,303,1,205.48,1,At-Risk / Inactive Customers,205.48,-1.218004834245821,1.7655340591661899
17844.0,107,1,51.559999999999995,0,Regular Customers,51.559999999999995,-0.48252970202362966,-0.015077520115188715
17846.0,85,1,2033.1,0,Regular Customers,2033.1,-0.2594187236522744,-0.12493540784904578
17848.0,81,9,901.1999999999999,0,Regular Customers,901.1999999999999,0.37796997864264864,-0.07510192851932931
17849.0,218,4,605.8000000000001,1,At-Risk / Inactive Customers,605.8000000000001,-0.6030464712027693,1.0657374351106028
17850.0,372,34,5391.21,3,High-Value Loyal Customers,5391.21,1.778664705758043,3.188582294287067
17852.0,12,2,114.34,0,Regular Customers,114.34,-0.02866927533309892,-0.8548175889530742
17854.0,185,2,311.26,1,At-Risk / Inactive Customers,311.26,-0.6735447434315447,0.7195942948189794
17855.0,373,1,208.97,1,At-Risk / Inactive Customers,208.97,-1.4842947203887156,2.399148558361165
17856.0,2,4,1418.03,0,Regular Customers,1418.03,0.2765216861368594,-0.8523562418714403
17857.0,4,23,26879.04,3,High-Value Loyal Customers,26879.04,3.7260007861839424,0.6376274373310684
17858.0,6,12,5140.66,0,Regular Customers,5140.66,1.224821835513295,-0.5115282493663208
17859.0,305,1,141.92000000000002,1,At-Risk / Inactive Customers,141.92000000000002,-1.2300896950277802,1.7807707349202049
17860.0,369,1,226.45000000000002,1,At-Risk / Inactive Customers,226.45000000000002,-1.4678349304918226,2.3637381198623584
17861.0,3,8,2097.88,0,Regular Customers,2097.88,0.6713982841988996,-0.7441929813992527
17862.0,324,1,330.9,1,At-Risk / Inactive Customers,330.9,-1.2891458375638531,1.9612189226085923
17863.0,59,6,3160.0,0,Regular Customers,3160.0,0.3574203217391244,-0.22384998256570085
17864.0,13,3,554.85,0,Regular Customers,554.85,0.0862191546267568,-0.8088069823840182
17865.0,31,20,10526.32,3,High-Value Loyal Customers,10526.32,2.2101063740428413,0.09422315389867804
17866.0,143,1,329.65,0,Regular Customers,329.65,-0.6000495937740682,0.32322292990065155
17867.0,30,6,1157.8700000000001,0,Regular Customers,1157.8700000000001,0.32705145328304835,-0.5764381845859623
17869.0,107,5,428.18,0,Regular Customers,428.18,-0.105168719974937,0.07038190893037352
17870.0,2,12,1865.89,0,Regular Customers,1865.89,1.0097691980956416,-0.6951886390269721
17871.0,205,1,155.9,1,At-Risk / Inactive Customers,155.9,-0.8483418948307926,0.8764611903737993
17873.0,80,5,1848.96,0,Regular Customers,1848.96,0.09754761152340707,-0.10997394348752132
17874.0,185,6,683.46,1,At-Risk / Inactive Customers,683.46,-0.29649457767223775,0.8048546913536038
17877.0,170,1,237.61,1,At-Risk / Inactive Customers,237.61,-0.7093283604854337,0.5634119177447106
17878.0,44,1,379.45,0,Regular Customers,379.45,-0.21959056307157196,-0.5704242501308725
17879.0,174,1,178.51999999999998,1,At-Risk / Inactive Customers,178.51999999999998,-0.7287141833690554,0.5969486587819502
17880.0,365,1,458.92,1,At-Risk / Inactive Customers,458.92,-1.436256951894693,2.338008676731547
17881.0,304,1,133.35000000000002,1,At-Risk / Inactive Customers,133.35000000000002,-1.2268846938849263,1.7713354373562413
17883.0,3,4,664.34,0,Regular Customers,664.34,0.21971423595617845,-0.8772454967480959
17884.0,4,4,695.0699999999999,0,Regular Customers,695.0699999999999,0.21806753548590102,-0.8668123348306518
17885.0,12,1,156.34,0,Regular Customers,156.34,-0.11343504304406864,-0.8700513893079599
17886.0,32,3,869.28,0,Regular Customers,869.28,0.03598470971589778,-0.6227097837234223
17887.0,129,1,111.35,0,Regular Customers,111.35,-0.5620934822022589,0.1867014163862917
17888.0,21,8,716.0,0,Regular Customers,716.0,0.5056862421847552,-0.6435299784950088
17889.0,212,2,201.37,1,At-Risk / Inactive Customers,201.37,-0.784078729773122,0.958979497522712
17890.0,323,2,586.89,1,At-Risk / Inactive Customers,586.89,-1.17961763846702,1.9808218160223938
17891.0,162,1,203.85999999999999,1,At-Risk / Inactive Customers,203.85999999999999,-0.68124049726262,0.4894970308315892
17892.0,56,3,244.1,0,Regular Customers,244.1,-0.09936174807437638,-0.4336762512466441
17893.0,225,1,107.21,1,At-Risk / Inactive Customers,107.21,-0.9279187405681698,1.055256493387835
17894.0,72,8,1118.96,0,Regular Customers,1118.96,0.33983255411844343,-0.1638657753455665
17895.0,44,1,95.45,0,Regular Customers,95.45,-0.23956156447101948,-0.5832127644083314
17896.0,23,1,256.32,0,Regular Customers,256.32,-0.1482885259746499,-0.7660059949194179
17897.0,173,3,541.8100000000001,1,At-Risk / Inactive Customers,541.8100000000001,-0.5239213767410501,0.6385083285422736
17898.0,85,2,152.06,0,Regular Customers,152.06,-0.3039750348625722,-0.19251354163788512
17899.0,159,1,154.55,1,At-Risk / Inactive Customers,154.55,-0.6732850559221812,0.4601284306152341
17900.0,190,2,112.19999999999999,1,At-Risk / Inactive Customers,112.19999999999999,-0.7065809637533512,0.7558775802132328
17901.0,29,1,110.38,0,Regular Customers,110.38,-0.18139697239584066,-0.7182813263588744
17904.0,21,1,181.07,0,Regular Customers,181.07,-0.14596484372880772,-0.7874932821764402
17905.0,71,4,798.99,0,Regular Customers,798.99,-0.029737128508268627,-0.25582364666926166
17906.0,247,1,72.9,1,At-Risk / Inactive Customers,72.9,-1.0140996729710525,1.252798108785411
17908.0,374,1,232.03,1,At-Risk / Inactive Customers,232.03,-1.4864807785376328,2.4092363403331576
17911.0,9,1,366.23,0,Regular Customers,366.23,-0.08725254690526071,-0.8877482187471413
17912.0,310,5,310.06,1,At-Risk / Inactive Customers,310.06,-0.8864273517275941,1.9020892669498317
17913.0,59,2,408.65,0,Regular Customers,408.65,-0.18693268901840637,-0.4162434556609455
17914.0,4,1,329.36,0,Regular Customers,329.36,-0.07080702503476288,-0.934655427287454
17917.0,45,3,335.03,0,Regular Customers,335.03,-0.05108339233686373,-0.529124972181983
17919.0,88,1,1304.04,0,Regular Customers,1304.04,-0.3221094761169667,-0.13061679304869644
17920.0,4,17,4119.5,3,High-Value Loyal Customers,4119.5,1.5992248505398048,-0.489984547320481
17921.0,64,4,820.23,0,Regular Customers,820.23,-0.0015899921854838203,-0.3182129443537731
17923.0,282,1,207.50000000000003,1,At-Risk / Inactive Customers,207.50000000000003,-1.137902195651924,1.5755878163558976
17924.0,12,7,2962.5,0,Regular Customers,2962.5,0.6102106816715188,-0.6409397039999368
17925.0,373,1,244.08,1,At-Risk / Inactive Customers,244.08,-1.481825770180495,2.400729560953706
17926.0,133,2,397.29,0,Regular Customers,397.29,-0.4694974223339665,0.2528999108798427
17928.0,45,2,212.54,0,Regular Customers,212.54,-0.1474161671611966,-0.5517657539224292
17929.0,11,4,843.0,0,Regular Customers,843.0,0.2018165058770054,-0.7968053154548809
17930.0,36,5,1740.48,0,Regular Customers,1740.48,0.257455728625503,-0.5130319837141448
17931.0,134,2,408.36,0,Regular Customers,408.36,-0.4725266224081634,0.26244778339343156
17932.0,29,3,1331.57,0,Regular Customers,1331.57,0.07991608174632736,-0.6290410462484115
17934.0,52,2,704.25,0,Regular Customers,704.25,-0.13949244021691587,-0.466278328073754
17935.0,138,2,145.79,0,Regular Customers,145.79,-0.5062212458719245,0.28682182413075114
17936.0,5,1,380.13,0,Regular Customers,380.13,-0.07104450413868496,-0.9233198645738119
17937.0,9,7,4301.22,0,Regular Customers,4301.22,0.7157729859432084,-0.6078053412848089
17939.0,160,1,99.14,1,At-Risk / Inactive Customers,99.14,-0.6809891580141079,0.46668271006838125
17940.0,49,10,4020.04,0,Regular Customers,4020.04,0.8068520768940105,-0.20711606702742263
17941.0,131,1,304.56,0,Regular Customers,304.56,-0.556122166824584,0.2135004400664445
17942.0,8,1,77.50000000000001,0,Regular Customers,77.50000000000001,-0.10374851672039692,-0.9097991154659387
17946.0,233,2,149.57999999999998,1,At-Risk / Inactive Customers,149.57999999999998,-0.8676812160418448,1.1466845982358593
17947.0,37,1,176.68,0,Regular Customers,176.68,-0.20719590570473875,-0.6429007136016288
17948.0,147,1,358.56000000000006,1,At-Risk / Inactive Customers,358.56000000000006,-0.6132472190409597,0.3607223091647095
17949.0,1,45,58510.48,3,High-Value Loyal Customers,58510.48,7.891583074484859,2.411593680443238
17950.0,72,3,482.2,0,Regular Customers,482.2,-0.14354080959484253,-0.2781643628579559
17951.0,40,3,1008.5400000000001,0,Regular Customers,1008.5400000000001,0.015316354794688779,-0.5440437836363056
17954.0,5,12,2314.13,0,Regular Customers,2314.13,1.0298666848829547,-0.6478562289489739
17955.0,199,4,557.3,1,At-Risk / Inactive Customers,557.3,-0.5341117150167163,0.8916150589915725
17956.0,249,1,12.75,1,At-Risk / Inactive Customers,12.75,-1.0259447410953637,1.2681883367707154
17957.0,66,1,111.68,0,Regular Customers,111.68,-0.3221885024699301,-0.38339533382912594
17958.0,117,1,508.4599999999999,0,Regular Customers,508.4599999999999,-0.48847677077796225,0.09599058404484208
17960.0,171,1,73.78,1,At-Risk / Inactive Customers,73.78,-0.7246566033228818,0.5650840467824984
17961.0,21,39,1296.44,3,High-Value Loyal Customers,1296.44,3.2657990266979717,-0.08651593222433132
17962.0,142,1,102.41,0,Regular Customers,102.41,-0.6122215605045142,0.3039409266428434
17964.0,32,2,463.21,0,Regular Customers,463.21,-0.08028953192834817,-0.6581201671497902
17965.0,38,14,2599.19,0,Regular Customers,2599.19,1.0996983194593826,-0.3021399728663306
17966.0,38,5,1098.43,0,Regular Customers,1098.43,0.20469120376056324,-0.5238447010036761
17967.0,372,1,112.27,1,At-Risk / Inactive Customers,112.27,-1.487287058518162,2.3857447686730024
17968.0,374,1,265.1,1,At-Risk / Inactive Customers,265.1,-1.4841552820014365,2.410725481766804
17969.0,166,2,228.2,1,At-Risk / Inactive Customers,228.2,-0.6070402612186075,0.5439156825963261
17970.0,211,1,562.79,1,At-Risk / Inactive Customers,562.79,-0.8425750993376998,0.9490797826949329
17972.0,242,1,135.19,1,At-Risk / Inactive Customers,135.19,-0.9906811775133393,1.2103560730470448
17973.0,52,1,337.04,0,Regular Customers,337.04,-0.2530340300499557,-0.4999388464831429
17974.0,25,3,703.99,0,Regular Customers,703.99,0.051014976704038435,-0.6934985235493929
17975.0,15,13,4483.26,0,Regular Customers,4483.26,1.232043587307736,-0.44256138288142866
17976.0,372,1,321.79,1,At-Risk / Inactive Customers,321.79,-1.4725535225561468,2.395179450051218
17977.0,29,1,288.14,0,Regular Customers,288.14,-0.16889681321004563,-0.7102767971407017
17978.0,365,1,300.91999999999996,1,At-Risk / Inactive Customers,300.91999999999996,-1.4473675794338223,2.330893939915214
17979.0,36,4,732.41,0,Regular Customers,732.41,0.09884858964862525,-0.5755504150103374
17980.0,166,3,811.45,1,At-Risk / Inactive Customers,811.45,-0.47830664623649505,0.5873044778525536
17984.0,145,1,152.68,1,At-Risk / Inactive Customers,152.68,-0.6201094942345887,0.33335275563985456
17985.0,22,1,631.35,0,Regular Customers,631.35,-0.11810860885704914,-0.7581677922128418
17986.0,56,1,20.8,0,Regular Customers,20.8,-0.2905027508556476,-0.47798156476438397
17987.0,185,1,198.57,1,At-Risk / Inactive Customers,198.57,-0.7691883780667417,0.6973948068810653
17988.0,12,7,201.12,0,Regular Customers,201.12,0.41602925968417237,-0.7652845897587018
17990.0,237,3,630.84,1,At-Risk / Inactive Customers,630.84,-0.7613501702815098,1.221678348393753
17991.0,225,2,93.35,1,At-Risk / Inactive Customers,93.35,-0.8411741560283957,1.071757437375705
17994.0,122,4,674.89,0,Regular Customers,674.89,-0.23265390107314665,0.20010705530033052
17995.0,282,1,76.1,1,At-Risk / Inactive Customers,76.1,-1.1471422998205416,1.5696708770035805
17997.0,74,8,1962.46,0,Regular Customers,1962.46,0.3915325402709307,-0.10778420606862259
17999.0,37,2,380.39,0,Regular Customers,380.39,-0.10515170576187374,-0.6166025968977488
18001.0,12,2,415.13,0,Regular Customers,415.13,-0.00751759395655025,-0.8412730213139304
18004.0,362,1,157.92,1,At-Risk / Inactive Customers,157.92,-1.4460004589423774,2.2973064808866934
18005.0,4,2,226.47,0,Regular Customers,226.47,0.009676931847994303,-0.9221635024056475
18006.0,23,1,444.68,0,Regular Customers,444.68,-0.1350429702577487,-0.7575241479148329
18008.0,70,9,2116.19,0,Regular Customers,2116.19,0.505292714074045,-0.11993425030424439
18009.0,235,1,247.39,1,At-Risk / Inactive Customers,247.39,-0.9561376951085342,1.152062702329708
18010.0,257,1,174.8,1,At-Risk / Inactive Customers,174.8,-1.0450104934746947,1.3478805700986183
18011.0,373,1,102.78999999999999,1,At-Risk / Inactive Customers,102.78999999999999,-1.4917613433767203,2.39436727510067
18013.0,155,2,187.29,1,At-Risk / Inactive Customers,187.29,-0.5680329506377962,0.44253020911753577
18014.0,28,1,162.22,0,Regular Customers,162.22,-0.1739439142299563,-0.7249963628400868
18015.0,4,1,120.03,0,Regular Customers,120.03,-0.08552720011555989,-0.9440815529694978
18016.0,32,5,1477.66,0,Regular Customers,1477.66,0.25420470270456075,-0.5610643255649647
18017.0,81,3,523.0,0,Regular Customers,523.0,-0.17494056101025365,-0.19488262395024344
18018.0,108,2,122.14,0,Regular Customers,122.14,-0.3936549077951036,0.014275146007880336
18019.0,52,1,38.45,0,Regular Customers,38.45,-0.27403100648608614,-0.5133843481666162
18022.0,36,1,612.72,0,Regular Customers,612.72,-0.17272573930762994,-0.6323152318243916
18024.0,153,2,389.78,1,At-Risk / Inactive Customers,389.78,-0.5461784728684239,0.43354954846410987
18027.0,99,1,115.31,0,Regular Customers,115.31,-0.4475855971231888,-0.08460198399291494
18030.0,4,2,230.64999999999998,0,Regular Customers,230.64999999999998,0.009970871234788988,-0.9219752770898736
18032.0,334,1,73.5,1,At-Risk / Inactive Customers,73.5,-1.3453227876548945,2.04012211216162
18033.0,65,1,93.82000000000001,0,Regular Customers,93.82000000000001,-0.31963677809820595,-0.3932489599058978
18034.0,22,2,418.68,0,Regular Customers,418.68,-0.04534442850116289,-0.750619258518991
18035.0,36,3,713.89,0,Regular Customers,713.89,0.009827029667604247,-0.5935094297457576
18036.0,32,3,403.12,0,Regular Customers,403.12,0.0032041392498186913,-0.6437009591303949
18037.0,154,6,70.02,1,At-Risk / Inactive Customers,70.02,-0.22159487730251673,0.4967003907782321
18040.0,19,2,357.20000000000005,0,Regular Customers,357.20000000000005,-0.038244786762946785,-0.7805358735901231
18041.0,12,21,4097.37,3,High-Value Loyal Customers,4097.37,1.9180843844880042,-0.35008569764701203
18042.0,54,1,165.04999999999998,0,Regular Customers,165.04999999999998,-0.2727437347817113,-0.4895847714442858
18043.0,25,3,529.29,0,Regular Customers,529.29,0.038729998026279695,-0.7013652610292241
18044.0,4,10,2088.6,0,Regular Customers,2088.6,0.842376514754652,-0.7013113499584269
18045.0,45,1,178.34,0,Regular Customers,178.34,-0.23754035144483499,-0.5704308387419006
18048.0,203,2,172.29000000000002,1,At-Risk / Inactive Customers,172.29000000000002,-0.7518548229478463,0.8762255099788442
18050.0,359,1,74.4,1,At-Risk / Inactive Customers,74.4,-1.4404506794254424,2.2663974050596627
18053.0,71,1,300.02,0,Regular Customers,300.02,-0.327982589192631,-0.3296674342409024
18055.0,7,10,6761.34,0,Regular Customers,6761.34,1.1595426473587471,-0.46374979000322863
18056.0,288,1,363.65,1,At-Risk / Inactive Customers,363.65,-1.1497675441408644,1.6369155915293905
18058.0,10,1,170.16,0,Regular Customers,170.16,-0.10484792032411104,-0.8875278562597243
18059.0,23,3,306.46,0,Regular Customers,306.46,0.030675791587155398,-0.72949807271254
18061.0,22,10,2119.41,0,Regular Customers,2119.41,0.7760054374129919,-0.5370349448195939
18062.0,173,3,720.52,1,At-Risk / Inactive Customers,720.52,-0.5113544131491654,0.6465556362413041
18064.0,133,2,814.0,0,Regular Customers,814.0,-0.44019419700592505,0.2716643537832225
18065.0,6,14,2392.83,0,Regular Customers,2392.83,1.2070317066468883,-0.6010128598809269
18066.0,75,1,318.0,0,Regular Customers,318.0,-0.3419488167316914,-0.29266023265660723
18067.0,40,1,396.33,0,Regular Customers,396.33,-0.20317296543115687,-0.6058617066175894
18068.0,289,1,101.69999999999999,1,At-Risk / Inactive Customers,101.69999999999999,-1.1719956273209666,1.6341693789442757
18069.0,26,5,2009.24,0,Regular Customers,2009.24,0.3144315187725225,-0.5914236326960742
18071.0,258,2,453.0,1,At-Risk / Inactive Customers,453.0,-0.941535772096333,1.386582360638187
18072.0,186,1,247.44,1,At-Risk / Inactive Customers,247.44,-0.7695594659828431,0.708644812632992
18073.0,114,12,3859.82,0,Regular Customers,3859.82,0.723526720931045,0.4081297400002283
18074.0,374,1,489.6,1,At-Risk / Inactive Customers,489.6,-1.4683683460360282,2.4208347122431753
18075.0,23,10,2611.75,0,Regular Customers,2611.75,0.8068193494638377,-0.5058154939034959
18077.0,8,11,2584.41,0,Regular Customers,2584.41,0.9497307227345714,-0.6256624135937129
18078.0,217,2,336.13,1,At-Risk / Inactive Customers,336.13,-0.793640584999282,1.0102946907905614
18079.0,45,4,3613.15,0,Regular Customers,3613.15,0.2671546330020416,-0.3643862351268277
18080.0,19,2,1231.5,0,Regular Customers,1231.5,0.02323636296781719,-0.7411661622070871
18081.0,36,3,343.45,0,Regular Customers,343.45,-0.01622246948173146,-0.6101903354814683
18082.0,26,1,680.84,0,Regular Customers,680.84,-0.12985903972675533,-0.7197416959634666
18084.0,16,1,90.47999999999999,0,Regular Customers,90.47999999999999,-0.13329693522161382,-0.836819501234306
18085.0,330,2,689.95,1,At-Risk / Inactive Customers,689.95,-1.199023945656173,2.048808340202286
18086.0,274,1,101.34,1,At-Risk / Inactive Customers,101.34,-1.114906234581695,1.4984123086018228
18087.0,98,2,4055.7199999999993,0,Regular Customers,4055.7199999999993,-0.07896740867370645,0.10091026778058697
18088.0,61,1,166.03,0,Regular Customers,166.03,-0.2993283512062717,-0.42619490760750284
18092.0,2,11,9068.26,0,Regular Customers,9068.26,1.4285237095767918,-0.38799112256183005
18093.0,93,4,2106.52,0,Regular Customers,2106.52,-0.021559298524409583,0.0021409968905162554
18094.0,82,7,3017.3,0,Regular Customers,3017.3,0.34752893666174267,-0.005014716538847444
18095.0,313,2,580.0500000000001,1,At-Risk / Inactive Customers,580.0500000000001,-1.1420221581287602,1.8900199045937474
18096.0,12,3,849.06,0,Regular Customers,849.06,0.11071577479681054,-0.8046081026489359
18097.0,8,6,2662.4,0,Regular Customers,2662.4,0.5166188845503528,-0.7077758230081667
18099.0,127,1,168.31,0,Regular Customers,168.31,-0.5504727362415541,0.17116754276526527
18101.0,11,2,222.4,0,Regular Customers,222.4,-0.01726280273525353,-0.859001039967108
18102.0,1,60,259657.3,4,Elite VIP Customers,259657.3,23.35210182464261,11.726106824605397
18104.0,37,1,754.64,0,Regular Customers,754.64,-0.1665535114483138,-0.6168751864474031
18105.0,38,1,113.48000000000002,0,Regular Customers,113.48000000000002,-0.21544780392660098,-0.6366972176915148
18106.0,330,1,421.9,1,At-Risk / Inactive Customers,421.9,-1.3055925619019977,2.019612994594844
18108.0,254,1,271.0,1,At-Risk / Inactive Customers,271.0,-1.0268227267341374,1.325064282250267
18109.0,2,26,8004.92,3,High-Value Loyal Customers,8004.92,2.6695375712045895,-0.17899740870683473
18110.0,20,1,198.8,0,Regular Customers,198.8,-0.14091041534368093,-0.7957442912703432
18112.0,12,2,352.69,0,Regular Customers,352.69,-0.011908401447330188,-0.8440846932557774
18113.0,369,1,76.32000000000001,1,At-Risk / Inactive Customers,76.32000000000001,-1.4783921362668193,2.3569777689874467
18114.0,290,1,220.1,1,At-Risk / Inactive Customers,220.1,-1.1674773359155768,1.6485503191951874
18116.0,68,8,1403.1100000000001,0,Regular Customers,1403.1100000000001,0.3750446924068527,-0.18726806911771865
18117.0,26,1,315.65,0,Regular Customers,315.65,-0.1555393566319111,-0.7361861943049638
18118.0,11,26,5625.08,3,High-Value Loyal Customers,5625.08,2.4679173802555208,-0.2047170402237277
18119.0,368,1,180.7,1,At-Risk / Inactive Customers,180.7,-1.4672444428420373,2.352628607647564
18120.0,214,1,111.15,1,At-Risk / Inactive Customers,111.15,-0.88575755881565,0.9558906145053264
18121.0,149,2,653.3,1,At-Risk / Inactive Customers,653.3,-0.5124170449985731,0.40921828620764805
18122.0,8,6,1793.06,0,Regular Customers,1793.06,0.45548652413980445,-0.7469221856911458
18123.0,24,2,574.4399999999999,0,Regular Customers,574.4399999999999,-0.04200661313197155,-0.7255066075842286
18125.0,30,4,1131.75,0,Regular Customers,1131.75,0.14977623238890056,-0.6118644866768383
18126.0,61,1,200.92000000000002,0,Regular Customers,200.92000000000002,-0.2968748714920931,-0.4246238116105291
18127.0,19,3,347.08,0,Regular Customers,347.08,0.048762796175538387,-0.763866517477613
18129.0,243,1,112.55000000000001,1,At-Risk / Inactive Customers,112.55000000000001,-0.9960808791973086,1.218385984939883
18130.0,15,3,1059.39,0,Regular Customers,1059.39,0.11408332868643867,-0.7679887750771004
18133.0,212,1,931.4999999999999,1,At-Risk / Inactive Customers,931.4999999999999,-0.8204549017340853,0.9747321772021497
18135.0,29,5,681.9100000000001,0,Regular Customers,681.9100000000001,0.20967016416963483,-0.6240451039407083
18136.0,63,3,784.33,0,Regular Customers,784.33,-0.0880260739895985,-0.34600397077563694
18138.0,295,1,152.65,1,At-Risk / Inactive Customers,152.65,-1.1912586847789983,1.6907600002375263
18139.0,18,6,8438.34,0,Regular Customers,8438.34,0.8847089822879827,-0.3571914548256901
18142.0,157,2,1019.52,1,At-Risk / Inactive Customers,1019.52,-0.5171254757028152,0.4981042905215678
18143.0,117,2,1000.16,0,Regular Customers,1000.16,-0.366180990930073,0.13525688464578323
18144.0,8,12,2888.75,0,Regular Customers,2888.75,1.0588512672930221,-0.5948329300175065
18145.0,13,4,2861.55,0,Regular Customers,2861.55,0.3361465103197068,-0.687811268354951
18146.0,141,2,160.35000000000002,0,Regular Customers,160.35000000000002,-0.5166203220666973,0.31462563254731146
18147.0,46,2,179.33999999999997,0,Regular Customers,179.33999999999997,-0.15355845255917355,-0.5442113586168089
18149.0,51,3,612.0799999999999,0,Regular Customers,612.0799999999999,-0.05444700114554643,-0.4623530724446005
18150.0,32,3,566.58,0,Regular Customers,566.58,0.014698716322895084,-0.6363403586240801
18151.0,135,2,653.35,0,Regular Customers,653.35,-0.459106468090252,0.282529068793581
18154.0,3,2,399.19,0,Regular Customers,399.19,0.025630323285587186,-0.9234353149225669
18155.0,75,3,371.62,0,Regular Customers,371.62,-0.16273978408231546,-0.2559956061198505
18156.0,13,2,675.64,0,Regular Customers,675.64,0.006993933395584494,-0.8204928706265059
18158.0,9,2,453.4,0,Regular Customers,453.4,0.006596510421084497,-0.8666978958950043
18159.0,301,1,530.15,1,At-Risk / Inactive Customers,530.15,-1.1875586066490382,1.7620551614508622
18160.0,57,2,638.0600000000001,0,Regular Customers,638.0600000000001,-0.16318518534173432,-0.42401190925680377
18161.0,15,5,1618.69,0,Regular Customers,1618.69,0.32885199509522534,-0.708553388329691
18164.0,37,1,399.65000000000003,0,Regular Customers,399.65000000000003,-0.19151655999334855,-0.6328603789944282
18165.0,177,1,302.46000000000004,1,At-Risk / Inactive Customers,302.46000000000004,-0.7314216112079422,0.6296778463945264
18167.0,23,3,1384.8600000000001,0,Regular Customers,1384.8600000000001,0.10650934056308571,-0.6809377424420766
18168.0,176,6,1160.04,1,At-Risk / Inactive Customers,1160.04,-0.22871244349610073,0.7448705634207914
18169.0,61,1,202.65,0,Regular Customers,202.65,-0.2967532171525824,-0.42454590974538825
18170.0,33,3,980.31,0,Regular Customers,980.31,0.039984739570886677,-0.6086607144240067
18171.0,59,5,1231.31,0,Regular Customers,1231.31,0.13407479083140383,-0.32782391391159116
18172.0,15,20,7561.68,3,High-Value Loyal Customers,7561.68,2.062553977268766,-0.18406477575079383
18173.0,87,4,2106.84,0,Regular Customers,2106.84,0.0013090872496419718,-0.05214093733581436
18174.0,7,1,104.0,0,Regular Customers,104.0,-0.09807737818642105,-0.9176552116365553
18176.0,358,1,476.35,1,At-Risk / Inactive Customers,476.35,-1.4083777364005419,2.2754478148238064
18177.0,31,6,1340.8700000000001,0,Regular Customers,1340.8700000000001,0.3361124443025381,-0.5591483076367273
18178.0,129,4,1590.81,0,Regular Customers,1590.81,-0.19489954559485312,0.304696648901262
18179.0,9,6,1793.17,0,Regular Customers,1793.17,0.45168661218061484,-0.7378678417567152
18180.0,5,6,1843.75,0,Regular Customers,1843.75,0.4704740082265277,-0.7717877879224802
18181.0,24,1,366.85,0,Regular Customers,366.85,-0.1443236563333924,-0.7519794406099274
18183.0,227,2,632.07,1,At-Risk / Inactive Customers,632.07,-0.8109064297580338,1.114114769393903
18184.0,15,1,49.8,0,Regular Customers,49.8,-0.13234992300459172,-0.8477007114512596
18185.0,249,1,304.25,1,At-Risk / Inactive Customers,304.25,-1.0054463364899449,1.2813145758970508
18188.0,15,3,2001.04,0,Regular Customers,2001.04,0.1803005592068251,-0.7255862945511529
18189.0,78,2,1090.24,0,Regular Customers,1090.24,-0.2113482857820078,-0.21361304959854757
18190.0,192,2,284.46000000000004,1,At-Risk / Inactive Customers,284.46000000000004,-0.7020828613310228,0.7817332258155237
18191.0,262,1,207.79999999999998,1,At-Risk / Inactive Customers,207.79999999999998,-1.0617281553994737,1.3946135126169108
18192.0,72,1,957.97,0,Regular Customers,957.97,-0.28552291114966377,-0.2909905683618115
18193.0,165,1,243.76,1,At-Risk / Inactive Customers,243.76,-0.6898576538254844,0.5184418989375539
18194.0,82,1,973.8399999999999,0,Regular Customers,973.8399999999999,-0.3224833980279342,-0.19978203621511756
18196.0,95,2,686.63,0,Regular Customers,686.63,-0.3044603160158657,-0.07794795894288874
18198.0,4,17,5425.56,3,High-Value Loyal Customers,5425.56,1.691067548031926,-0.4311726918373195
18200.0,106,1,150.35,0,Regular Customers,150.35,-0.4717750997883648,-0.019678399042433858
18202.0,200,3,1396.99,1,At-Risk / Inactive Customers,1396.99,-0.5665912281510611,0.9213506139000458
18203.0,157,1,160.42000000000002,1,At-Risk / Inactive Customers,160.42000000000002,-0.6652569806005532,0.4422939753236605
18204.0,71,3,1975.35,0,Regular Customers,1975.35,-0.03473421612248734,-0.21997723908126623
18205.0,36,2,517.36,0,Regular Customers,517.36,-0.09171226960607749,-0.6194842311943131
18209.0,29,1,139.10000000000002,0,Regular Customers,139.10000000000002,-0.1793773697191078,-0.7169880653375765
18210.0,2,6,2621.38,0,Regular Customers,2621.38,0.5365802238530903,-0.7639192966015048
18211.0,26,5,600.07,0,Regular Customers,600.07,0.21533808200470744,-0.6548785294015906
18212.0,326,1,216.07,1,At-Risk / Inactive Customers,216.07,-1.3048360266618326,1.9741469112956873
18213.0,237,1,232.48000000000002,1,At-Risk / Inactive Customers,232.48000000000002,-0.9648014670944264,1.169490086603436
18215.0,89,1,299.34000000000003,0,Regular Customers,299.34000000000003,-0.39656805679509605,-0.16680902316755244
18216.0,31,1,481.75,0,Regular Customers,481.75,-0.16289736966138565,-0.6834597614686088
18217.0,29,2,621.75,0,Regular Customers,621.75,-0.05771798973975727,-0.6781292860542797
18218.0,211,2,641.92,1,At-Risk / Inactive Customers,641.92,-0.7492914182481558,0.9697680645090739
18219.0,3,10,2069.77,0,Regular Customers,2069.77,0.8448600283117373,-0.7112086551156536
18220.0,227,1,305.28000000000003,1,At-Risk / Inactive Customers,305.28000000000003,-0.9216056679130256,1.0822743627700597
18221.0,22,5,1041.61,0,Regular Customers,1041.61,0.2616179523714936,-0.6711935546451187
18222.0,93,1,443.0,0,Regular Customers,443.0,-0.40169641301062625,-0.12414245371568325
18223.0,5,14,6484.54,3,High-Value Loyal Customers,6484.54,1.49857015010709,-0.42581263166468303
18224.0,264,1,158.95000000000002,1,At-Risk / Inactive Customers,158.95000000000002,-1.0727786026934547,1.4105125793745221
18225.0,3,12,5504.96,0,Regular Customers,5504.96,1.2618625088566406,-0.5222719996168318
18226.0,44,11,5228.05,0,Regular Customers,5228.05,0.9985573181688621,-0.18084129474321517
18227.0,218,1,93.75,1,At-Risk / Inactive Customers,93.75,-0.9022117230783457,0.9913046554025216
18228.0,57,2,779.9,0,Regular Customers,779.9,-0.1532109359104046,-0.41762485691485035
18229.0,12,20,7276.900000000001,3,High-Value Loyal Customers,7276.900000000001,2.0539510675545296,-0.22403658532247717
18230.0,9,7,2810.2000000000003,0,Regular Customers,2810.2000000000003,0.6109238221875596,-0.6749459418410647
18231.0,192,5,2071.77,1,At-Risk / Inactive Customers,2071.77,-0.31324078112918075,0.9135909376273803
18232.0,82,4,592.97,0,Regular Customers,592.97,-0.08610866224247989,-0.16555742611488303
18233.0,326,1,440.0,1,At-Risk / Inactive Customers,440.0,-1.289089173340078,1.9842304746835442
18235.0,72,3,1796.48,0,Regular Customers,1796.48,-0.0511200781889767,-0.21898236094042567
18236.0,30,6,882.24,0,Regular Customers,882.24,0.3076690338614648,-0.5888497979320749
18237.0,3,5,987.1,0,Regular Customers,987.1,0.3301300827884949,-0.8455865609430487
18239.0,219,5,1561.6100000000001,1,At-Risk / Inactive Customers,1561.6100000000001,-0.4519219249713104,1.1349519902964706
18240.0,46,1,422.58,0,Regular Customers,422.58,-0.22417293744752068,-0.5503833258266388
18241.0,10,17,2073.09,3,High-Value Loyal Customers,2073.09,1.432474541338304,-0.5278380045658607
18242.0,72,4,2232.4900000000002,0,Regular Customers,2232.4900000000002,0.06725955705350682,-0.18222377991734254
18245.0,7,7,2567.06,0,Regular Customers,2567.06,0.6014414078666649,-0.7039933124151383
18246.0,24,2,596.1,0,Regular Customers,596.1,-0.040483472673126374,-0.7245312582206731
18248.0,123,2,804.02,0,Regular Customers,804.02,-0.4028195228098985,0.1807210482178463
18249.0,17,1,95.34,0,Regular Customers,95.34,-0.13676282515035498,-0.827551264895587
18250.0,310,1,349.27,1,At-Risk / Inactive Customers,349.27,-1.2345469904244126,1.8353546544253811
18251.0,87,1,4314.72,0,Regular Customers,4314.72,-0.10658952435692283,-0.0040953239499218995
18252.0,51,2,518.27,0,Regular Customers,518.27,-0.1487629861102449,-0.4837023943629427
18255.0,89,1,103.3,0,Regular Customers,103.3,-0.4103536733949119,-0.17563670041738708
18257.0,39,8,2337.63,0,Regular Customers,2337.63,0.5511823072595357,-0.4076189808108694
18259.0,25,3,2338.6000000000004,0,Regular Customers,2338.6000000000004,0.16596145063907689,-0.6198920681864458
18260.0,173,6,2628.35,1,At-Risk / Inactive Customers,2628.35,-0.11403731502950142,0.7838403612247078
18261.0,43,2,324.24,0,Regular Customers,324.24,-0.13194608100117583,-0.5648346864464552
18262.0,140,1,149.48,0,Regular Customers,149.48,-0.601296283571417,0.2879617065210983
18263.0,26,3,1213.1599999999999,0,Regular Customers,1213.1599999999999,0.08301238154908377,-0.6615212180724158
18265.0,72,2,801.51,0,Regular Customers,801.51,-0.20880601956609116,-0.2809108995005806
18268.0,134,1,25.5,0,Regular Customers,25.5,-0.5871687269309968,0.228082545799387
18269.0,366,1,168.6,1,At-Risk / Inactive Customers,168.6,-1.4604800256019166,2.3339849636180823
18270.0,38,2,283.15,0,Regular Customers,283.15,-0.11579731133457116,-0.6119319215017359
18272.0,3,6,3078.58,0,Regular Customers,3078.58,0.5649230760828918,-0.7342821991773432
18273.0,2,3,204.0,0,Regular Customers,204.0,0.10343135191973446,-0.9241490478175817
18274.0,30,1,175.92,0,Regular Customers,175.92,-0.18059581878613648,-0.7062806708428447
18276.0,44,1,335.86,0,Regular Customers,335.86,-0.2226558305046773,-0.572387106952543
18277.0,58,1,110.38,0,Regular Customers,110.38,-0.2918187413759472,-0.45584899789610817
18278.0,74,1,173.9,0,Regular Customers,173.9,-0.34827434312287653,-0.3081984433896692
18280.0,278,1,180.60000000000002,1,At-Risk / Inactive Customers,180.60000000000002,-1.124563226325832,1.538178947351339
18281.0,181,1,80.82,1,At-Risk / Inactive Customers,80.82,-0.7622380195756492,0.6558949642071149
18282.0,8,2,178.05,0,Regular Customers,178.05,-0.008958572074598877,-0.8881462914834061
18283.0,4,16,2045.53,3,High-Value Loyal Customers,2045.53,1.3656631679302824,-0.6005004341390094
18287.0,43,3,1837.28,0,Regular Customers,1837.28,0.06217076423161389,-0.47957746622530356
